Time_s,AccelX,AccelY,AccelZ,TotalAccel,RelativeAccel_Percent,Spike_Binary,Spike_YesNo
0,-108,-4136,44,4137.64377393705,-0.812714940290816,0,No
2.24683284759521e-05,-124,-4120,24,4121.93546771417,-1.18927327451675,0,No
4.30560111999512e-05,-124,-4120,24,4121.93546771417,-1.18927327451675,0,No
6.34925365447998e-05,-124,-4120,24,4121.93546771417,-1.18927327451675,0,No
8.40127468109131e-05,-120,-4120,60,4122.18388721318,-1.18331818098771,0,No
0.000104902505874634,-120,-4120,60,4122.18388721318,-1.18331818098771,0,No
0.000125567436218262,-112,-4116,36,4117.68090070127,-1.29126343465865,0,No
0.000146125793457031,-112,-4116,36,4117.68090070127,-1.29126343465865,0,No
0.000166553020477295,-112,-4116,36,4117.68090070127,-1.29126343465865,0,No
0.000187003612518311,-88,-4108,48,4109.2227975616,-1.49402044638179,0,No
0.000207343101501465,-88,-4108,48,4109.2227975616,-1.49402044638179,0,No
0.000227798461914063,-108,-4116,48,4117.69644340133,-1.29089084622272,0,No
0.000248201370239258,-108,-4116,48,4117.69644340133,-1.29089084622272,0,No
0.000268764019012451,-108,-4116,48,4117.69644340133,-1.29089084622272,0,No
0.000289336442947388,-104,-4144,40,4145.49779881741,-0.624438847123515,0,No
0.000310071468353272,-104,-4144,40,4145.49779881741,-0.624438847123515,0,No
0.000330567359924316,-108,-4112,44,4113.65336410349,-1.3878112387804,0,No
0.000350925207138062,-108,-4112,44,4113.65336410349,-1.3878112387804,0,No
0.000371461868286133,-108,-4112,44,4113.65336410349,-1.3878112387804,0,No
0.000391971588134766,-104,-4112,52,4113.64364037528,-1.38804433526111,0,No
0.000412811517715454,-104,-4112,52,4113.64364037528,-1.38804433526111,0,No
0.00043353533744812,-104,-4112,52,4113.64364037528,-1.38804433526111,0,No
0.000454200267791748,-100,-4124,24,4125.2820509633,-1.10904923280508,0,No
0.000474443674087524,-100,-4124,24,4125.2820509633,-1.10904923280508,0,No
0.00049488091468811,-108,-4116,52,4117.74501396092,-1.28972651642485,0,No
0.00051550555229187,-108,-4116,52,4117.74501396092,-1.28972651642485,0,No
0.000536330223083496,-108,-4116,52,4117.74501396092,-1.28972651642485,0,No
0.000556704998016357,-120,-4132,48,4134.02080304393,-0.899564525796897,0,No
0.000576994180679321,-120,-4132,48,4134.02080304393,-0.899564525796897,0,No
0.000597782135009766,-116,-4116,52,4117.96260303563,-1.2845104875063,0,No
0.000618596076965332,-116,-4116,52,4117.96260303563,-1.2845104875063,0,No
0.000639738082885742,-116,-4116,52,4117.96260303563,-1.2845104875063,0,No
0.000660206317901611,-96,-4112,36,4113.27801151344,-1.39680916281188,0,No
0.000680670738220215,-96,-4112,36,4113.27801151344,-1.39680916281188,0,No
0.000701130867004394,-112,-4116,52,4117.85186717541,-1.28716503921118,0,No
0.000721864223480225,-112,-4116,52,4117.85186717541,-1.28716503921118,0,No
0.000742409944534302,-112,-4116,52,4117.85186717541,-1.28716503921118,0,No
0.000762896776199341,-116,-4124,52,4125.95879766146,-1.09282631190356,0,No
0.000783612966537476,-116,-4124,52,4125.95879766146,-1.09282631190356,0,No
0.000804336547851563,-108,-4132,52,4133.73825973537,-0.906337632719427,0,No
0.00082459831237793,-108,-4132,52,4133.73825973537,-0.906337632719427,0,No
0.000845505714416504,-108,-4132,52,4133.73825973537,-0.906337632719427,0,No
0.000865889072418213,-116,-4132,56,4134.00725688768,-0.899889253234797,0,No
0.000886260271072388,-116,-4132,56,4134.00725688768,-0.899889253234797,0,No
0.000906560182571411,-116,-4132,56,4134.00725688768,-0.899889253234797,0,No
0.000927577018737793,-112,-4116,48,4117.80329787619,-1.28832933879575,0,No
0.000948291540145874,-112,-4116,48,4117.80329787619,-1.28832933879575,0,No
0.000968630313873291,-100,-4108,40,4109.41163671881,-1.48949360832127,0,No
0.000989313840866089,-100,-4108,40,4109.41163671881,-1.48949360832127,0,No
0.00101004147529602,-100,-4108,40,4109.41163671881,-1.48949360832127,0,No
0.00103072261810303,-120,-4136,56,4138.11937962162,-0.801313756624695,0,No
0.00105170726776123,-120,-4136,56,4138.11937962162,-0.801313756624695,0,No
0.00107242751121521,-108,-4116,48,4117.69644340133,-1.29089084622272,0,No
0.001092942237854,-108,-4116,48,4117.69644340133,-1.29089084622272,0,No
0.00111355876922607,-108,-4116,48,4117.69644340133,-1.29089084622272,0,No
0.00113447093963623,-104,-4116,56,4117.69450056703,-1.29093741970029,0,No
0.00115486168861389,-104,-4116,56,4117.69450056703,-1.29093741970029,0,No
0.00117509317398071,-104,-4116,56,4117.69450056703,-1.29093741970029,0,No
0.00119562792778015,-112,-4132,36,4133.67439453085,-0.907868604594229,0,No
0.00121626496315002,-112,-4132,36,4133.67439453085,-0.907868604594229,0,No
0.00123814368247986,-100,-4092,44,4093.4581957069,-1.8719282952557,0,No
0.00125904369354248,-100,-4092,44,4093.4581957069,-1.8719282952557,0,No
0.00127970957756042,-100,-4092,44,4093.4581957069,-1.8719282952557,0,No
0.00130053567886353,-116,-4124,40,4125.82500840741,-1.09603349782977,0,No
0.00132142210006714,-116,-4124,40,4125.82500840741,-1.09603349782977,0,No
0.00134209132194519,-112,-4108,40,4109.72115842426,-1.48207377729977,0,No
0.00136308455467224,-112,-4108,40,4109.72115842426,-1.48207377729977,0,No
0.00138363146781921,-112,-4108,40,4109.72115842426,-1.48207377729977,0,No
0.0014045078754425,-108,-4136,52,4137.736579339,-0.810490216181747,0,No
0.00142541575431824,-108,-4136,52,4137.736579339,-0.810490216181747,0,No
0.00144617056846619,-112,-4112,44,4113.76032359689,-1.38524721385681,0,No
0.00146677136421204,-112,-4112,44,4113.76032359689,-1.38524721385681,0,No
0.00148740530014038,-112,-4112,44,4113.76032359689,-1.38524721385681,0,No
0.0015083487033844,-104,-4112,44,4113.55029141495,-1.39028208951077,0,No
0.00152888464927673,-104,-4112,44,4113.55029141495,-1.39028208951077,0,No
0.00154989194869995,-112,-4120,56,4121.90247337319,-1.1900642123748,0,No
0.00157053685188293,-112,-4120,56,4121.90247337319,-1.1900642123748,0,No
0.00159097075462341,-112,-4120,56,4121.90247337319,-1.1900642123748,0,No
0.00161154198646545,-108,-4136,48,4137.68824345189,-0.811648920428687,0,No
0.00163228034973145,-108,-4136,48,4137.68824345189,-0.811648920428687,0,No
0.00165453004837036,-108,-4136,48,4137.68824345189,-0.811648920428687,0,No
0.00167590999603271,-120,-4116,44,4117.98397277114,-1.2839982138154,0,No
0.00169651937484741,-120,-4116,44,4117.98397277114,-1.2839982138154,0,No
0.00171691107749939,-120,-4116,44,4117.98397277114,-1.2839982138154,0,No
0.00173773407936096,-112,-4136,32,4137.63990700012,-0.812807638211587,0,No
0.00175893354415894,-112,-4136,32,4137.63990700012,-0.812807638211587,0,No
0.00177955412864685,-112,-4136,32,4137.63990700012,-0.812807638211587,0,No
0.00180042910575867,-104,-4120,60,4121.7491432643,-1.19373983020207,0,No
0.0018211555480957,-104,-4120,60,4121.7491432643,-1.19373983020207,0,No
0.00184210419654846,-120,-4104,40,4105.94885501512,-1.57250315063785,0,No
0.00186259460449219,-120,-4104,40,4105.94885501512,-1.57250315063785,0,No
0.00188328289985657,-120,-4104,40,4105.94885501512,-1.57250315063785,0,No
0.00190370607376099,-104,-4120,44,4121.54728227155,-1.19857882672384,0,No
0.00192498421669006,-104,-4120,44,4121.54728227155,-1.19857882672384,0,No
0.00194542956352234,-108,-4120,48,4121.69479704648,-1.19504261364446,0,No
0.00196617364883423,-108,-4120,48,4121.69479704648,-1.19504261364446,0,No
0.0019869601726532,-108,-4120,48,4121.69479704648,-1.19504261364446,0,No
0.0020083794593811,-108,-4108,44,4109.65497335239,-1.48366036086008,0,No
0.002028804063797,-108,-4108,44,4109.65497335239,-1.48366036086008,0,No
0.00204944729804993,-108,-4116,44,4117.65175798051,-1.29196204176667,0,No
0.00207017779350281,-108,-4116,44,4117.65175798051,-1.29196204176667,0,No
0.00209077954292297,-108,-4116,44,4117.65175798051,-1.29196204176667,0,No
0.00211101579666138,-108,-4108,56,4109.80096841684,-1.48016057816576,0,No
0.00213172960281372,-108,-4108,56,4109.80096841684,-1.48016057816576,0,No
0.00215204405784607,-124,-4128,40,4130.05568969717,-0.994615924444682,0,No
0.00217277646064758,-124,-4128,40,4130.05568969717,-0.994615924444682,0,No
0.00219319033622742,-124,-4128,40,4130.05568969717,-0.994615924444682,0,No
0.00221378397941589,-104,-4116,64,4117.81106900256,-1.28814304993937,0,No
0.00223404240608215,-104,-4116,64,4117.81106900256,-1.28814304993937,0,No
0.00225474905967712,-104,-4116,64,4117.81106900256,-1.28814304993937,0,No
0.00227504968643188,-116,-4132,48,4133.90662690874,-0.902301547514337,0,No
0.00229545545578003,-116,-4132,48,4133.90662690874,-0.902301547514337,0,No
0.00231603837013245,-124,-4116,40,4118.06167996547,-1.282135422803,0,No
0.00233671021461487,-124,-4116,40,4118.06167996547,-1.282135422803,0,No
0.00235740447044373,-124,-4116,40,4118.06167996547,-1.282135422803,0,No
0.00237837409973145,-116,-4132,48,4133.90662690874,-0.902301547514337,0,No
0.00239867258071899,-116,-4132,48,4133.90662690874,-0.902301547514337,0,No
0.00241936707496643,-104,-4120,32,4121.43664272545,-1.2012310695939,0,No
0.00244001126289368,-104,-4120,32,4121.43664272545,-1.2012310695939,0,No
0.00246068692207336,-104,-4120,32,4121.43664272545,-1.2012310695939,0,No
0.00248120617866516,-140,-4116,36,4118.53760453878,-1.27072659476007,0,No
0.00250155711174011,-140,-4116,36,4118.53760453878,-1.27072659476007,0,No
0.00252371454238892,-104,-4108,44,4109.55180037921,-1.48613361560603,0,No
0.00254400038719177,-104,-4108,44,4109.55180037921,-1.48613361560603,0,No
0.0025643458366394,-104,-4108,44,4109.55180037921,-1.48613361560603,0,No
0.00258706641197205,-120,-4144,68,4146.29473144397,-0.605334838194215,0,No
0.00260810542106628,-120,-4144,68,4146.29473144397,-0.605334838194215,0,No
0.00262882256507874,-100,-4112,48,4113.49583687646,-1.39158746960786,0,No
0.00264945268630981,-100,-4112,48,4113.49583687646,-1.39158746960786,0,No
0.0026700587272644,-100,-4112,48,4113.49583687646,-1.39158746960786,0,No
0.00269075679779053,-116,-4120,44,4121.86753790075,-1.19090168289005,0,No
0.00271134948730469,-116,-4120,44,4121.86753790075,-1.19090168289005,0,No
0.00273215866088867,-116,-4120,44,4121.86753790075,-1.19090168289005,0,No
0.00275302577018738,-116,-4120,52,4121.96069850259,-1.18866844395594,0,No
0.002773841381073,-116,-4120,52,4121.96069850259,-1.18866844395594,0,No
0.00279454588890076,-124,-4112,56,4114.25035699093,-1.37350017022547,0,No
0.00281523442268372,-124,-4112,56,4114.25035699093,-1.37350017022547,0,No
0.0028358051776886,-124,-4112,56,4114.25035699093,-1.37350017022547,0,No
0.00285646867752075,-96,-4136,40,4137.30733690404,-0.820779983518451,0,No
0.00287705540657043,-96,-4136,40,4137.30733690404,-0.820779983518451,0,No
0.00289770674705505,-96,-4132,52,4133.44214910527,-0.91343597445241,0,No
0.00291829919815063,-96,-4132,52,4133.44214910527,-0.91343597445241,0,No
0.00294033646583557,-96,-4132,52,4133.44214910527,-0.91343597445241,0,No
0.00296075320243835,-116,-4128,52,4129.95690050151,-0.996984091606219,0,No
0.00298118162155151,-116,-4128,52,4129.95690050151,-0.996984091606219,0,No
0.0030018162727356,-104,-4140,52,4141.63252836366,-0.717096819456375,0,No
0.00302298641204834,-104,-4140,52,4141.63252836366,-0.717096819456375,0,No
0.00304357528686523,-104,-4140,52,4141.63252836366,-0.717096819456375,0,No
0.00306438803672791,-96,-4124,48,4125.39646579574,-1.10630648905522,0,No
0.00308588600158691,-96,-4124,48,4125.39646579574,-1.10630648905522,0,No
0.00310701465606689,-104,-4124,60,4125.74744743301,-1.09789278366915,0,No
0.00312770652770996,-104,-4124,60,4125.74744743301,-1.09789278366915,0,No
0.003148104429245,-104,-4124,60,4125.74744743301,-1.09789278366915,0,No
0.00316864204406738,-120,-4116,48,4118.02865458705,-1.28292710468827,0,No
0.00318990993499756,-120,-4116,48,4118.02865458705,-1.28292710468827,0,No
0.00321066737174988,-108,-4124,28,4125.50893830083,-1.1036103066305,0,No
0.00323118257522583,-108,-4124,28,4125.50893830083,-1.1036103066305,0,No
0.00325181555747986,-108,-4124,28,4125.50893830083,-1.1036103066305,0,No
0.00327225208282471,-128,-4132,56,4134.36137752858,-0.891400299890034,0,No
0.00329291200637817,-128,-4132,56,4134.36137752858,-0.891400299890034,0,No
0.00331344556808472,-128,-4132,56,4134.36137752858,-0.891400299890034,0,No
0.00333441209793091,-104,-4132,48,4133.5873040254,-0.909956331634524,0,No
0.00335520839691162,-104,-4132,48,4133.5873040254,-0.909956331634524,0,No
0.00337572884559631,-92,-4116,52,4117.35643344124,-1.29904153938946,0,No
0.00339636945724487,-92,-4116,52,4117.35643344124,-1.29904153938946,0,No
0.00341681838035583,-92,-4116,52,4117.35643344124,-1.29904153938946,0,No
0.00343750953674316,-104,-4132,40,4133.50214709029,-0.911997707272387,0,No
0.00345791721343994,-104,-4132,40,4133.50214709029,-0.911997707272387,0,No
0.00347886443138123,-116,-4132,44,4133.86211671362,-0.903368542560991,0,No
0.00349964356422424,-116,-4132,44,4133.86211671362,-0.903368542560991,0,No
0.00352034378051758,-116,-4132,44,4133.86211671362,-0.903368542560991,0,No
0.00354067993164063,-100,-4120,36,4121.37064579249,-1.20281314310239,0,No
0.00356126403808594,-100,-4120,36,4121.37064579249,-1.20281314310239,0,No
0.00358178067207336,-104,-4128,44,4129.54428478494,-1.00687528450118,0,No
0.00360325884819031,-104,-4128,44,4129.54428478494,-1.00687528450118,0,No
0.00362429785728455,-104,-4128,44,4129.54428478494,-1.00687528450118,0,No
0.00364492964744568,-116,-4124,44,4125.86572733529,-1.09505738675591,0,No
0.00366564893722534,-116,-4124,44,4125.86572733529,-1.09505738675591,0,No
0.00368657374382019,-116,-4124,44,4125.86572733529,-1.09505738675591,0,No
0.00370720553398132,-116,-4124,44,4125.86572733529,-1.09505738675591,0,No
0.00372779154777527,-124,-4108,48,4110.15133541333,-1.47176160690209,0,No
0.0037486355304718,-124,-4108,48,4110.15133541333,-1.47176160690209,0,No
0.0037692985534668,-96,-4124,36,4125.27429391065,-1.10923518428738,0,No
0.00379176902770996,-96,-4124,36,4125.27429391065,-1.10923518428738,0,No
0.00381227946281433,-96,-4124,36,4125.27429391065,-1.10923518428738,0,No
0.00383281087875366,-112,-4116,48,4117.80329787619,-1.28832933879575,0,No
0.00385340905189514,-112,-4116,48,4117.80329787619,-1.28832933879575,0,No
0.00387428903579712,-116,-4116,52,4117.96260303563,-1.2845104875063,0,No
0.00389472889900208,-116,-4116,52,4117.96260303563,-1.2845104875063,0,No
0.00391545033454895,-116,-4116,52,4117.96260303563,-1.2845104875063,0,No
0.00393627309799194,-96,-4104,28,4105.21814280313,-1.59001972877437,0,No
0.00395664405822754,-96,-4104,28,4105.21814280313,-1.59001972877437,0,No
0.00397729182243347,-96,-4120,40,4121.31241232693,-1.2042091113549,0,No
0.00399802017211914,-96,-4120,40,4121.31241232693,-1.2042091113549,0,No
0.0040194616317749,-96,-4120,40,4121.31241232693,-1.2042091113549,0,No
0.00403978514671326,-108,-4124,32,4125.53802551861,-1.10291303003548,0,No
0.00406257486343384,-108,-4124,32,4125.53802551861,-1.10291303003548,0,No
0.00408367967605591,-104,-4128,40,4129.50360212944,-1.00785052605634,0,No
0.00410435438156128,-104,-4128,40,4129.50360212944,-1.00785052605634,0,No
0.00412507319450378,-104,-4128,40,4129.50360212944,-1.00785052605634,0,No
0.00414580392837524,-92,-4120,32,4121.15129545131,-1.20807139296807,0,No
0.0041662003993988,-92,-4120,32,4121.15129545131,-1.20807139296807,0,No
0.00418664574623108,-92,-4120,32,4121.15129545131,-1.20807139296807,0,No
0.00420717287063599,-100,-4128,36,4129.36799038303,-1.01110140063208,0,No
0.00422780466079712,-100,-4128,36,4129.36799038303,-1.01110140063208,0,No
0.00424844694137573,-104,-4132,32,4133.43247192935,-0.913667954985004,0,No
0.00426903200149536,-104,-4132,32,4133.43247192935,-0.913667954985004,0,No
0.00429086804389954,-104,-4132,32,4133.43247192935,-0.913667954985004,0,No
0.00431186413764954,-120,-4112,40,4113.94506526278,-1.38081860054972,0,No
0.00433266377449036,-120,-4112,40,4113.94506526278,-1.38081860054972,0,No
0.00435308313369751,-116,-4120,48,4121.91217761854,-1.1898315829358,0,No
0.00437444996833801,-116,-4120,48,4121.91217761854,-1.1898315829358,0,No
0.00439504027366638,-116,-4120,48,4121.91217761854,-1.1898315829358,0,No
0.00441556620597839,-100,-4112,28,4113.31107503432,-1.39601656657851,0,No
0.00443586111068726,-100,-4112,28,4113.31107503432,-1.39601656657851,0,No
0.00445618939399719,-104,-4116,32,4117.43803839232,-1.29708531164561,0,No
0.00447675466537476,-104,-4116,32,4117.43803839232,-1.29708531164561,0,No
0.00449746370315552,-104,-4116,32,4117.43803839232,-1.29708531164561,0,No
0.0045186607837677,-108,-4136,52,4137.736579339,-0.810490216181747,0,No
0.0045401406288147,-108,-4136,52,4137.736579339,-0.810490216181747,0,No
0.00456089472770691,-124,-4156,52,4158.17459950878,-0.32055153528192,0,No
0.00458155870437622,-124,-4156,52,4158.17459950878,-0.32055153528192,0,No
0.00460201239585876,-124,-4156,52,4158.17459950878,-0.32055153528192,0,No
0.00462229108810425,-112,-4128,44,4129.75350353989,-1.00185990825797,0,No
0.00464299750328064,-112,-4128,44,4129.75350353989,-1.00185990825797,0,No
0.00466326355934143,-116,-4128,32,4129.75350353989,-1.00185990825797,0,No
0.00468360376358032,-116,-4128,32,4129.75350353989,-1.00185990825797,0,No
0.00470407199859619,-116,-4128,32,4129.75350353989,-1.00185990825797,0,No
0.00472469115257263,-92,-4124,56,4125.40616182213,-1.10607405664058,0,No
0.00474555802345276,-92,-4124,56,4125.40616182213,-1.10607405664058,0,No
0.00476629781723022,-92,-4124,56,4125.40616182213,-1.10607405664058,0,No
0.00478667688369751,-112,-4128,44,4129.75350353989,-1.00185990825797,0,No
0.00480766630172729,-112,-4128,44,4129.75350353989,-1.00185990825797,0,No
0.00482830500602722,-108,-4116,36,4117.57404305011,-1.29382501822784,0,No
0.00484885096549988,-108,-4116,36,4117.57404305011,-1.29382501822784,0,No
0.00486960506439209,-108,-4116,36,4117.57404305011,-1.29382501822784,0,No
0.00489131045341492,-104,-4120,28,4121.40752656177,-1.20192904007765,0,No
0.00491185164451599,-104,-4120,28,4121.40752656177,-1.20192904007765,0,No
0.00493246054649353,-108,-4124,36,4125.57099078418,-1.10212278917083,0,No
0.00495320606231689,-108,-4124,36,4125.57099078418,-1.10212278917083,0,No
0.00497369027137756,-108,-4124,36,4125.57099078418,-1.10212278917083,0,No
0.00499448919296265,-108,-4108,64,4109.91776073439,-1.47736084152174,0,No
0.00501510858535767,-108,-4108,64,4109.91776073439,-1.47736084152174,0,No
0.00503585433959961,-124,-4108,44,4110.10656796147,-1.472834768888,0,No
0.00505650758743286,-124,-4108,44,4110.10656796147,-1.472834768888,0,No
0.00507706165313721,-124,-4108,44,4110.10656796147,-1.472834768888,0,No
0.00509774708747864,-100,-4120,36,4121.37064579249,-1.20281314310239,0,No
0.00511846971511841,-100,-4120,36,4121.37064579249,-1.20281314310239,0,No
0.00513894534111023,-108,-4120,44,4121.65015497434,-1.196112770037,0,No
0.00515948438644409,-108,-4120,44,4121.65015497434,-1.196112770037,0,No
0.00517985963821411,-108,-4120,44,4121.65015497434,-1.196112770037,0,No
0.00520067834854126,-104,-4120,44,4121.54728227155,-1.19857882672384,0,No
0.00522128319740295,-104,-4120,44,4121.54728227155,-1.19857882672384,0,No
0.00524193024635315,-104,-4120,44,4121.54728227155,-1.19857882672384,0,No
0.00526233053207397,-124,-4128,52,4130.18934190674,-0.991412023738621,0,No
0.00528256297111511,-124,-4128,52,4130.18934190674,-0.991412023738621,0,No
0.00530393433570862,-116,-4116,40,4117.82855398328,-1.28772390129793,0,No
0.00532447218894959,-116,-4116,40,4117.82855398328,-1.28772390129793,0,No
0.00534543704986572,-116,-4116,40,4117.82855398328,-1.28772390129793,0,No
0.00536603617668152,-100,-4124,56,4125.59232110978,-1.10161146021138,0,No
0.00538656544685364,-100,-4124,56,4125.59232110978,-1.10161146021138,0,No
0.00540771079063415,-100,-4136,44,4137.44268842482,-0.817535347051831,0,No
0.00542833733558655,-100,-4136,44,4137.44268842482,-0.817535347051831,0,No
0.00544914937019348,-100,-4136,44,4137.44268842482,-0.817535347051831,0,No
0.00546947693824768,-116,-4108,44,4109.87299073828,-1.4784340644982,0,No
0.00549022531509399,-116,-4108,44,4109.87299073828,-1.4784340644982,0,No
0.00551100659370422,-112,-4128,32,4129.64308385119,-1.00450688072281,0,No
0.00553129935264587,-112,-4128,32,4129.64308385119,-1.00450688072281,0,No
0.00555147552490234,-112,-4128,32,4129.64308385119,-1.00450688072281,0,No
0.00557316303253174,-104,-4108,28,4109.41163671881,-1.48949360832127,0,No
0.00559358382225037,-104,-4108,28,4109.41163671881,-1.48949360832127,0,No
0.00561396288871765,-104,-4108,28,4109.41163671881,-1.48949360832127,0,No
0.00563563203811646,-108,-4112,24,4113.48805759783,-1.39177395388954,0,No
0.00565856504440308,-108,-4112,24,4113.48805759783,-1.39177395388954,0,No
0.00567893505096436,-120,-4120,44,4121.98204751064,-1.1881566671423,0,No
0.00569958472251892,-120,-4120,44,4121.98204751064,-1.1881566671423,0,No
0.0057202296257019,-120,-4120,44,4121.98204751064,-1.1881566671423,0,No
0.00574074935913086,-120,-4120,44,4121.98204751064,-1.1881566671423,0,No
0.00576108455657959,-116,-4120,48,4121.91217761854,-1.1898315829358,0,No
0.00578132915496826,-116,-4120,48,4121.91217761854,-1.1898315829358,0,No
0.00580221223831177,-104,-4116,36,4117.47106850795,-1.29629351620031,0,No
0.00582300209999084,-104,-4116,36,4117.47106850795,-1.29629351620031,0,No
0.00584362721443176,-104,-4116,36,4117.47106850795,-1.29629351620031,0,No
0.00586431384086609,-104,-4116,48,4117.59347192022,-1.29335927081615,0,No
0.00588478517532349,-104,-4116,48,4117.59347192022,-1.29335927081615,0,No
0.00590577864646912,-116,-4132,64,4134.12336535813,-0.897105909722109,0,No
0.00592626357078552,-116,-4132,64,4134.12336535813,-0.897105909722109,0,No
0.0059470112323761,-116,-4132,64,4134.12336535813,-0.897105909722109,0,No
0.00596737170219421,-100,-4120,40,4121.40752656177,-1.20192904007765,0,No
0.00598842644691467,-100,-4120,40,4121.40752656177,-1.20192904007765,0,No
0.00600884890556335,-100,-4120,40,4121.40752656177,-1.20192904007765,0,No
0.00602956175804138,-108,-4120,44,4121.65015497434,-1.196112770037,0,No
0.00605024147033691,-108,-4120,44,4121.65015497434,-1.196112770037,0,No
0.00607103943824768,-100,-4104,56,4105.60007794232,-1.58086400837047,0,No
0.00609208846092224,-100,-4104,56,4105.60007794232,-1.58086400837047,0,No
0.0061126708984375,-100,-4104,56,4105.60007794232,-1.58086400837047,0,No
0.0061334023475647,-112,-4116,48,4117.80329787619,-1.28832933879575,0,No
0.00615392732620239,-112,-4116,48,4117.80329787619,-1.28832933879575,0,No
0.0061747841835022,-120,-4128,56,4130.12348483674,-0.992990744462667,0,No
0.00619561862945557,-120,-4128,56,4130.12348483674,-0.992990744462667,0,No
0.00621604990959167,-120,-4128,56,4130.12348483674,-0.992990744462667,0,No
0.00623673391342163,-104,-4116,40,4117.50798420598,-1.29540857586618,0,No
0.00625758528709412,-104,-4116,40,4117.50798420598,-1.29540857586618,0,No
0.00627821063995361,-108,-4128,36,4129.56946908513,-1.00627156835317,0,No
0.00629857921600342,-108,-4128,36,4129.56946908513,-1.00627156835317,0,No
0.00631940007209778,-108,-4128,36,4129.56946908513,-1.00627156835317,0,No
0.00633979845046997,-112,-4112,56,4113.90617296992,-1.38175092366638,0,No
0.00636023831367493,-112,-4112,56,4113.90617296992,-1.38175092366638,0,No
0.00638092160224915,-104,-4112,60,4113.75254481842,-1.38543368614879,0,No
0.00640115070343018,-104,-4112,60,4113.75254481842,-1.38543368614879,0,No
0.00642167472839355,-104,-4112,60,4113.75254481842,-1.38543368614879,0,No
0.00644221353530884,-112,-3964,12,3965.60008069397,-4.9369334029617,0,No
0.00646298336982727,-112,-3964,12,3965.60008069397,-4.9369334029617,0,No
0.00648360061645508,-112,-3964,12,3965.60008069397,-4.9369334029617,0,No
0.0065041983127594,-104,-3988,60,3989.80701287669,-4.356646647018,0,No
0.00652480101585388,-104,-3988,60,3989.80701287669,-4.356646647018,0,No
0.00654549527168274,-76,-4228,52,4229.00271931811,1.37733482072186,0,No
0.0065661153793335,-76,-4228,52,4229.00271931811,1.37733482072186,0,No
0.0065865957736969,-76,-4228,52,4229.00271931811,1.37733482072186,0,No
0.0066071994304657,-144,-4288,60,4290.83674823454,2.85961550693195,0,No
0.00662805390357971,-144,-4288,60,4290.83674823454,2.85961550693195,0,No
0.00664881706237793,-96,-4036,116,4038.80774486729,-3.1820047886007,0,No
0.00666911935806274,-96,-4036,116,4038.80774486729,-3.1820047886007,0,No
0.00668928170204163,-96,-4036,116,4038.80774486729,-3.1820047886007,0,No
0.0067099175453186,-120,-3984,64,3986.3206092837,-4.44022245148641,0,No
0.00673093414306641,-120,-3984,64,3986.3206092837,-4.44022245148641,0,No
0.0067517728805542,-156,-4352,4,4354.7968953787,4.39286333923923,0,No
0.00677202939987183,-156,-4352,4,4354.7968953787,4.39286333923923,0,No
0.00679328942298889,-156,-4352,4,4354.7968953787,4.39286333923923,0,No
0.00681407594680786,-64,-3988,28,3988.61178858008,-4.38529847387765,0,No
0.00683514499664307,-64,-3988,28,3988.61178858008,-4.38529847387765,0,No
0.00685574746131897,-64,-3988,28,3988.61178858008,-4.38529847387765,0,No
0.00687660932540894,-400,-3808,-16,3828.9841994973,-8.21187902232403,0,No
0.00689755582809448,-400,-3808,-16,3828.9841994973,-8.21187902232403,0,No
0.00691958904266357,-72,-4148,24,4148.69425241244,-0.547813702178196,0,No
0.00694046497344971,-72,-4148,24,4148.69425241244,-0.547813702178196,0,No
0.00696127653121948,-72,-4148,24,4148.69425241244,-0.547813702178196,0,No
0.00698225712776184,0,-3780,20,3780.05290968261,-9.38485621812807,0,No
0.00700304055213928,0,-3780,20,3780.05290968261,-9.38485621812807,0,No
0.00702351117134094,-48,-3676,24,3676.39170927147,-11.8698147105863,0,No
0.00704434871673584,-48,-3676,24,3676.39170927147,-11.8698147105863,0,No
0.00706513404846191,-48,-3676,24,3676.39170927147,-11.8698147105863,0,No
0.00708557319641113,-156,-4756,-136,4760.50081399006,14.1183671340852,0,No
0.007106201171875,-156,-4756,-136,4760.50081399006,14.1183671340852,0,No
0.00712699460983276,-172,-4624,124,4628.85903868329,10.962660406656,0,No
0.00714811086654663,-172,-4624,124,4628.85903868329,10.962660406656,0,No
0.0071688289642334,-172,-4624,124,4628.85903868329,10.962660406656,0,No
0.00718929839134216,-120,-4208,20,4209.7581878298,0.9160063606461,0,No
0.00721008396148682,-120,-4208,20,4209.7581878298,0.9160063606461,0,No
0.00723109650611877,-72,-4916,-156,4919.00152469991,17.917934239009,0,No
0.00725250911712646,-72,-4916,-156,4919.00152469991,17.917934239009,0,No
0.00727373814582825,-72,-4916,-156,4919.00152469991,17.917934239009,0,No
0.0072946445941925,-204,-4496,-24,4500.68972491995,7.89019526593281,0,No
0.00731536054611206,-204,-4496,-24,4500.68972491995,7.89019526593281,0,No
0.00733598494529724,-128,-4484,60,4486.2278140995,7.54351542846319,0,No
0.00735651612281799,-128,-4484,60,4486.2278140995,7.54351542846319,0,No
0.00737684559822083,-128,-4484,60,4486.2278140995,7.54351542846319,0,No
0.00739772582054138,-184,-4160,-132,4166.15890239439,-0.129152427580517,0,No
0.0074183177947998,-184,-4160,-132,4166.15890239439,-0.129152427580517,0,No
0.0074404456615448,-252,-4316,332,4336.07933506757,3.94416739255157,0,No
0.007460857629776,-252,-4316,332,4336.07933506757,3.94416739255157,0,No
0.00748162293434143,-252,-4316,332,4336.07933506757,3.94416739255157,0,No
0.00750224161148071,-76,-3608,48,3609.11956022518,-13.4824576031581,0,No
0.00752263045310974,-76,-3608,48,3609.11956022518,-13.4824576031581,0,No
0.00754296612739563,-76,-3608,48,3609.11956022518,-13.4824576031581,0,No
0.00756365036964416,-92,-3732,-52,3733.49594883937,-10.5009161785723,0,No
0.00758427906036377,-92,-3732,-52,3733.49594883937,-10.5009161785723,0,No
0.00760486245155334,-116,-3916,-104,3919.09785537437,-6.05168124755363,0,No
0.00762793207168579,-116,-3916,-104,3919.09785537437,-6.05168124755363,0,No
0.00764878439903259,-116,-3916,-104,3919.09785537437,-6.05168124755363,0,No
0.0076700279712677,-204,-4448,-8,4452.68278681516,6.73937655973161,0,No
0.00769060850143433,-204,-4448,-8,4452.68278681516,6.73937655973161,0,No
0.00771121740341186,-100,-4224,36,4225.33690964401,1.28945830718287,0,No
0.00773171782493591,-100,-4224,36,4225.33690964401,1.28945830718287,0,No
0.00775218510627747,-100,-4224,36,4225.33690964401,1.28945830718287,0,No
0.00777269005775452,-100,-4224,36,4225.33690964401,1.28945830718287,0,No
0.00779350328445435,-124,-3644,24,3646.18814654428,-12.5938522425052,0,No
0.00781392908096313,-124,-3644,24,3646.18814654428,-12.5938522425052,0,No
0.00783432602882385,-192,-4132,60,4136.89352050545,-0.830699959072556,0,No
0.00785490798950195,-192,-4132,60,4136.89352050545,-0.830699959072556,0,No
0.00787534928321838,-192,-4132,60,4136.89352050545,-0.830699959072556,0,No
0.00789610362052917,-80,-4032,28,4032.89077461813,-3.32384595397367,0,No
0.00791686964035034,-80,-4032,28,4032.89077461813,-3.32384595397367,0,No
0.00793746447563171,-80,-4032,28,4032.89077461813,-3.32384595397367,0,No
0.00795800948143005,-104,-3900,236,3908.51787766156,-6.30530367680588,0,No
0.00797865462303162,-104,-3900,236,3908.51787766156,-6.30530367680588,0,No
0.00799899125099182,-96,-4276,-52,4277.39359891044,2.53735734335845,0,No
0.00801952242851257,-96,-4276,-52,4277.39359891044,2.53735734335845,0,No
0.00804056525230408,-96,-4276,-52,4277.39359891044,2.53735734335845,0,No
0.00806118083000183,-132,-4556,28,4557.99780605476,9.26398027264323,0,No
0.00808222699165344,-132,-4556,28,4557.99780605476,9.26398027264323,0,No
0.00810293030738831,-188,-4708,16,4711.77928175758,12.950418231251,0,No
0.00812359213829041,-188,-4708,16,4711.77928175758,12.950418231251,0,No
0.00814391851425171,-188,-4708,16,4711.77928175758,12.950418231251,0,No
0.00816457772254944,-148,-4264,-76,4267.24454419945,2.2940649678654,0,No
0.00818504357337952,-148,-4264,-76,4267.24454419945,2.2940649678654,0,No
0.00820569515228271,-352,-4892,-88,4905.4369835928,17.592766080752,0,No
0.00822634625434875,-352,-4892,-88,4905.4369835928,17.592766080752,0,No
0.00824723482131958,-352,-4892,-88,4905.4369835928,17.592766080752,0,No
0.00826783776283264,-132,-4320,44,4322.24015991708,3.61241572768148,0,No
0.00828851890563965,-132,-4320,44,4322.24015991708,3.61241572768148,0,No
0.00830886244773865,-132,-4320,44,4322.24015991708,3.61241572768148,0,No
0.00832927203178406,-8,-4380,-108,4381.33860823379,5.02911928169445,0,No
0.00834998059272766,-8,-4380,-108,4381.33860823379,5.02911928169445,0,No
0.00837070417404175,-96,-3816,156,3820.39369698988,-8.41780990172382,0,No
0.00839169049263,-96,-3816,156,3820.39369698988,-8.41780990172382,0,No
0.0084122896194458,-96,-3816,156,3820.39369698988,-8.41780990172382,0,No
0.00843300127983093,-92,-4456,-40,4457.12912085795,6.84596374467767,0,No
0.00845347690582275,-92,-4456,-40,4457.12912085795,6.84596374467767,0,No
0.00847380471229553,-144,-4220,128,4224.39581478819,1.26689845214648,0,No
0.00849451875686645,-144,-4220,128,4224.39581478819,1.26689845214648,0,No
0.00851493263244629,-144,-4220,128,4224.39581478819,1.26689845214648,0,No
0.00853534007072449,-136,-4808,-88,4810.72801143444,15.3224097300301,0,No
0.00855566263198853,-136,-4808,-88,4810.72801143444,15.3224097300301,0,No
0.0085762791633606,-252,-4796,72,4803.15562937534,15.1408851573715,0,No
0.00859693789482117,-252,-4796,72,4803.15562937534,15.1408851573715,0,No
0.00861775875091553,-252,-4796,72,4803.15562937534,15.1408851573715,0,No
0.00863819885253906,-84,-4124,64,4125.35186378083,-1.10737568519889,0,No
0.00865873670578003,-84,-4124,64,4125.35186378083,-1.10737568519889,0,No
0.00867912340164185,-84,-4124,64,4125.35186378083,-1.10737568519889,0,No
0.00869982624053955,528,-2788,184,2843.51613324068,-31.8354453188565,1,Yes
0.00872034859657288,528,-2788,184,2843.51613324068,-31.8354453188565,1,Yes
0.00874117350578308,-52,-4084,-4,4084.33299328054,-2.09067696085905,0,No
0.00876191544532776,-52,-4084,-4,4084.33299328054,-2.09067696085905,0,No
0.00878259301185608,-52,-4084,-4,4084.33299328054,-2.09067696085905,0,No
0.00880300617218018,64,-3508,76,3509.40678747848,-15.872764684889,0,No
0.00882427883148193,64,-3508,76,3509.40678747848,-15.872764684889,0,No
0.00884481978416443,-52,-3540,104,3541.90908974242,-15.0936219418482,0,No
0.008865797996521,-52,-3540,104,3541.90908974242,-15.0936219418482,0,No
0.00888636684417725,-52,-3540,104,3541.90908974242,-15.0936219418482,0,No
0.00890708661079407,-432,-5628,-448,5662.3062439257,35.7363790110016,1,Yes
0.00892755079269409,-432,-5628,-448,5662.3062439257,35.7363790110016,1,Yes
0.00894791269302368,-220,-4584,92,4590.19825279911,10.0358869578925,0,No
0.00896843838691712,-220,-4584,92,4590.19825279911,10.0358869578925,0,No
0.00898872375488281,-220,-4584,92,4590.19825279911,10.0358869578925,0,No
0.0090094313621521,-64,-4120,-80,4121.27358955942,-1.20513976781492,0,No
0.0090300612449646,-64,-4120,-80,4121.27358955942,-1.20513976781492,0,No
0.00905046463012695,-64,-4120,-80,4121.27358955942,-1.20513976781492,0,No
0.009070720911026,-120,-4120,28,4121.84230654206,-1.19150652712103,0,No
0.00909140968322754,-120,-4120,28,4121.84230654206,-1.19150652712103,0,No
0.00911203694343567,-36,-4840,188,4843.78364504444,16.1148168904426,0,No
0.00913234949111938,-36,-4840,188,4843.78364504444,16.1148168904426,0,No
0.00915285778045654,-36,-4840,188,4843.78364504444,16.1148168904426,0,No
0.0091739010810852,-80,-3944,56,3945.20873972468,-5.42575309358139,0,No
0.00919478988647461,-80,-3944,56,3945.20873972468,-5.42575309358139,0,No
0.00921549320220947,-228,-4208,184,4218.18728839771,1.11806812490254,0,No
0.00923590087890625,-228,-4208,184,4218.18728839771,1.11806812490254,0,No
0.00925726938247681,-228,-4208,184,4218.18728839771,1.11806812490254,0,No
0.00927772116661072,-168,-4520,24,4523.18471875735,8.42944356474024,0,No
0.00929831409454346,-168,-4520,24,4523.18471875735,8.42944356474024,0,No
0.00931921195983887,-68,-3668,168,3672.47491482243,-11.9637078122556,0,No
0.00933979225158691,-68,-3668,168,3672.47491482243,-11.9637078122556,0,No
0.00936022782325745,-68,-3668,168,3672.47491482243,-11.9637078122556,0,No
0.009380784034729,-48,-3792,64,3792.84378797756,-9.07823424656137,0,No
0.00940130305290222,-48,-3792,64,3792.84378797756,-9.07823424656137,0,No
0.00942204332351684,-144,-4268,-8,4270.43604330986,2.37057134427849,0,No
0.00944271302223205,-144,-4268,-8,4270.43604330986,2.37057134427849,0,No
0.00946308755874634,-144,-4268,-8,4270.43604330986,2.37057134427849,0,No
0.0094834258556366,-96,-4048,-8,4049.14608281796,-2.93417492953559,0,No
0.00950412011146545,-96,-4048,-8,4049.14608281796,-2.93417492953559,0,No
0.0095244562625885,-96,-4048,-8,4049.14608281796,-2.93417492953559,0,No
0.00954515171051025,-64,-3788,200,3793.81602084234,-9.05492795351839,0,No
0.00956580829620361,-64,-3788,200,3793.81602084234,-9.05492795351839,0,No
0.00958720588684082,-64,-3748,-36,3748.71924795656,-10.1359843981718,0,No
0.00960786914825439,-64,-3748,-36,3748.71924795656,-10.1359843981718,0,No
0.00962838530540466,-64,-3748,-36,3748.71924795656,-10.1359843981718,0,No
0.00964936423301697,-52,-3976,48,3976.62972880302,-4.67253150882276,0,No
0.00967004895210266,-52,-3976,48,3976.62972880302,-4.67253150882276,0,No
0.00969132375717163,-4,-4564,24,4564.06485492921,9.40941911152346,0,No
0.00971212863922119,-4,-4564,24,4564.06485492921,9.40941911152346,0,No
0.00973282909393311,-4,-4564,24,4564.06485492921,9.40941911152346,0,No
0.00975424909591675,-124,-4144,164,4149.0972512102,-0.538153045336815,0,No
0.00977503132820129,-124,-4144,164,4149.0972512102,-0.538153045336815,0,No
0.00979527854919434,-124,-4144,164,4149.0972512102,-0.538153045336815,0,No
0.0098159019947052,-124,-4144,164,4149.0972512102,-0.538153045336815,0,No
0.00983640718460083,-120,-4124,128,4127.73061136504,-1.05035252718662,0,No
0.00985735249519348,-120,-4124,128,4127.73061136504,-1.05035252718662,0,No
0.00987788391113281,-160,-3808,156,3814.55108761175,-8.55786849389437,0,No
0.00989818644523621,-160,-3808,156,3814.55108761175,-8.55786849389437,0,No
0.00991865992546082,-160,-3808,156,3814.55108761175,-8.55786849389437,0,No
0.00993916392326355,-56,-3980,48,3980.68335841976,-4.57535820481476,0,No
0.00995977401733398,-56,-3980,48,3980.68335841976,-4.57535820481476,0,No
0.00998039102554321,-112,-4076,152,4080.37057140647,-2.18566383972613,0,No
0.0100011048316956,-112,-4076,152,4080.37057140647,-2.18566383972613,0,No
0.0100214750766754,-112,-4076,152,4080.37057140647,-2.18566383972613,0,No
0.0100422670841217,-88,-3984,36,3985.13437665532,-4.46865873075231,0,No
0.0100627553462982,-88,-3984,36,3985.13437665532,-4.46865873075231,0,No
0.0100831859111786,0,-4840,132,4841.79966541368,16.0672570800915,0,No
0.0101039206981659,0,-4840,132,4841.79966541368,16.0672570800915,0,No
0.0101253082752228,0,-4840,132,4841.79966541368,16.0672570800915,0,No
0.0101460907459259,-136,-4184,108,4187.60265545813,0.384895606540088,0,No
0.0101668083667755,-136,-4184,108,4187.60265545813,0.384895606540088,0,No
0.010187995672226,-92,-4052,64,4053.54955563639,-2.82861521063322,0,No
0.0102090804576874,-92,-4052,64,4053.54955563639,-2.82861521063322,0,No
0.010229327917099,-92,-4052,64,4053.54955563639,-2.82861521063322,0,No
0.01025,-176,-4208,68,4212.22791406163,0.975210451950331,0,No
0.0102703242301941,-176,-4208,68,4212.22791406163,0.975210451950331,0,No
0.0102909457683563,-176,-4208,68,4212.22791406163,0.975210451950331,0,No
0.0103115878105164,-220,-5036,-88,5041.57118366884,20.8561648765525,1,Yes
0.0103320088386536,-220,-5036,-88,5041.57118366884,20.8561648765525,1,Yes
0.0103524343967438,-208,-4544,132,4550.67291727278,9.08838859019226,0,No
0.0103727359771729,-208,-4544,132,4550.67291727278,9.08838859019226,0,No
0.0103933079242706,-208,-4544,132,4550.67291727278,9.08838859019226,0,No
0.0104137539863586,-148,-4324,-28,4326.62270136882,3.71747368143715,0,No
0.0104350085258484,-148,-4324,-28,4326.62270136882,3.71747368143715,0,No
0.0104555373191833,-144,-4180,248,4189.82577203396,0.438187989735784,0,No
0.0104760801792145,-144,-4180,248,4189.82577203396,0.438187989735784,0,No
0.0104965434074402,-144,-4180,248,4189.82577203396,0.438187989735784,0,No
0.0105172665119171,-96,-4140,24,4141.18243983527,-0.727886307775584,0,No
0.0105379433631897,-96,-4140,24,4141.18243983527,-0.727886307775584,0,No
0.0105581300258636,-256,-4688,-272,4702.85700399236,12.7365340603479,0,No
0.0105786809921265,-256,-4688,-272,4702.85700399236,12.7365340603479,0,No
0.0105994288921356,-256,-4688,-272,4702.85700399236,12.7365340603479,0,No
0.0106221323013306,-112,-4120,48,4121.80154786715,-1.19248359100778,0,No
0.0106425368785858,-112,-4120,48,4121.80154786715,-1.19248359100778,0,No
0.0106632521152496,0,-4272,-296,4282.24240322754,2.65359251542153,0,No
0.010683445930481,0,-4272,-296,4282.24240322754,2.65359251542153,0,No
0.010703843832016,0,-4272,-296,4282.24240322754,2.65359251542153,0,No
0.0107246079444885,-68,-3884,96,3885.78125992702,-6.85034416548563,0,No
0.010745228767395,-68,-3884,96,3885.78125992702,-6.85034416548563,0,No
0.0107655985355377,-68,-3884,96,3885.78125992702,-6.85034416548563,0,No
0.0107859334945679,-280,-4716,-40,4724.47415063306,13.2547386722419,0,No
0.0108062794208527,-280,-4716,-40,4724.47415063306,13.2547386722419,0,No
0.0108269793987274,-164,-4624,48,4627.15636217321,10.9218439735368,0,No
0.0108477137088776,-164,-4624,48,4627.15636217321,10.9218439735368,0,No
0.0108690855503082,-164,-4624,48,4627.15636217321,10.9218439735368,0,No
0.0108898406028748,-108,-4196,-76,4198.07765530844,0.636001514375204,0,No
0.0109106917381287,-108,-4196,-76,4198.07765530844,0.636001514375204,0,No
0.0109315729141235,-40,-3908,44,3908.45237913934,-6.30687380244952,0,No
0.0109526126384735,-40,-3908,44,3908.45237913934,-6.30687380244952,0,No
0.0109735858440399,-40,-3908,44,3908.45237913934,-6.30687380244952,0,No
0.010994295835495,-192,-4220,116,4225.95787958186,1.30434415178525,0,No
0.0110151581764221,-192,-4220,116,4225.95787958186,1.30434415178525,0,No
0.0110357511043549,-64,-4180,28,4180.58369130436,0.216637526245875,0,No
0.0110564224720001,-64,-4180,28,4180.58369130436,0.216637526245875,0,No
0.0110768709182739,-64,-4180,28,4180.58369130436,0.216637526245875,0,No
0.0110977334976196,-80,-3760,152,3763.92135943354,-9.77156052628745,0,No
0.0111190590858459,-80,-3760,152,3763.92135943354,-9.77156052628745,0,No
0.0111393394470215,-68,-3960,80,3961.39167465173,-5.03781699579011,0,No
0.0111601450443268,-68,-3960,80,3961.39167465173,-5.03781699579011,0,No
0.0111805577278137,-68,-3960,80,3961.39167465173,-5.03781699579011,0,No
0.0112014863491058,-68,-4120,80,4121.3376469297,-1.20360418935706,0,No
0.011222261428833,-68,-4120,80,4121.3376469297,-1.20360418935706,0,No
0.0112430036067963,-68,-4120,80,4121.3376469297,-1.20360418935706,0,No
0.0112636690139771,-96,-4020,40,4021.34504861247,-3.60061922859878,0,No
0.0112844822406769,-96,-4020,40,4021.34504861247,-3.60061922859878,0,No
0.011305545091629,-60,-4200,80,4201.19030752,0.710617778864826,0,No
0.0113262724876404,-60,-4200,80,4201.19030752,0.710617778864826,0,No
0.0113467345237732,-60,-4200,80,4201.19030752,0.710617778864826,0,No
0.0113670406341553,-280,-4492,-8,4500.72527488626,7.89104746704897,0,No
0.0113879015445709,-280,-4492,-8,4500.72527488626,7.89104746704897,0,No
0.011408185005188,-136,-4384,64,4386.57588558548,5.15466690009761,0,No
0.0114287574291229,-136,-4384,64,4386.57588558548,5.15466690009761,0,No
0.0114491291046143,-136,-4384,64,4386.57588558548,5.15466690009761,0,No
0.0114699122905731,40,-3588,196,3593.57203907199,-13.8551616097977,0,No
0.0114902930259705,40,-3588,196,3593.57203907199,-13.8551616097977,0,No
0.0115106501579285,-84,-3860,76,3861.66181844035,-7.42853360105009,0,No
0.0115311634540558,-84,-3860,76,3861.66181844035,-7.42853360105009,0,No
0.0115515673160553,-84,-3860,76,3861.66181844035,-7.42853360105009,0,No
0.0115722289085388,-80,-3724,152,3727.95922724485,-10.6336420518221,0,No
0.0115925347805023,-80,-3724,152,3727.95922724485,-10.6336420518221,0,No
0.0116132695674896,-80,-3724,152,3727.95922724485,-10.6336420518221,0,No
0.0116341695785522,-60,-3712,16,3712.51936021888,-11.0037653818282,0,No
0.0116548817157745,-60,-3712,16,3712.51936021888,-11.0037653818282,0,No
0.0116754093170166,-56,-4708,88,4709.15533827458,12.8875172556116,0,No
0.0116960039138794,-56,-4708,88,4709.15533827458,12.8875172556116,0,No
0.0117167119979858,-56,-4708,88,4709.15533827458,12.8875172556116,0,No
0.0117373328208923,-164,-4336,120,4340.75938056926,4.05635709099599,0,No
0.0117579100131989,-164,-4336,120,4340.75938056926,4.05635709099599,0,No
0.0117786853313446,-60,-4140,56,4140.81344665514,-0.73673178451127,0,No
0.0117992918491364,-60,-4140,56,4140.81344665514,-0.73673178451127,0,No
0.0118197968006134,-60,-4140,56,4140.81344665514,-0.73673178451127,0,No
0.0118405330181122,-60,-4140,56,4140.81344665514,-0.73673178451127,0,No
0.0118613393306732,60,-3484,396,3506.94624994453,-15.9317485054191,0,No
0.0118817496299744,60,-3484,396,3506.94624994453,-15.9317485054191,0,No
0.0119022498130798,60,-3484,396,3506.94624994453,-15.9317485054191,0,No
0.0119234733581543,-164,-4056,28,4059.41079468437,-2.68811002941948,0,No
0.011943902015686,-164,-4056,28,4059.41079468437,-2.68811002941948,0,No
0.0119644310474396,-212,-4216,-20,4221.37418384109,1.19446414255615,0,No
0.0119852254390717,-212,-4216,-20,4221.37418384109,1.19446414255615,0,No
0.012005669593811,-212,-4216,-20,4221.37418384109,1.19446414255615,0,No
0.012026397228241,-176,-4268,72,4272.23407598413,2.41367364818702,0,No
0.012047128200531,-176,-4268,72,4272.23407598413,2.41367364818702,0,No
0.0120676474571228,-48,-3424,16,3424.37381137048,-17.9111687867176,0,No
0.0120884623527527,-48,-3424,16,3424.37381137048,-17.9111687867176,0,No
0.0121090948581696,-48,-3424,16,3424.37381137048,-17.9111687867176,0,No
0.0121295254230499,-64,-3624,76,3625.36177505087,-13.0931004520992,0,No
0.0121503355503082,-64,-3624,76,3625.36177505087,-13.0931004520992,0,No
0.0121708950996399,-68,-3728,0,3728.62012009805,-10.6177991780983,0,No
0.0121913576126099,-68,-3728,0,3728.62012009805,-10.6177991780983,0,No
0.0122121269702911,-68,-3728,0,3728.62012009805,-10.6177991780983,0,No
0.0122323660850525,-56,-3716,48,3716.73189778332,-10.9027827484607,0,No
0.0122530398368835,-56,-3716,48,3716.73189778332,-10.9027827484607,0,No
0.0122750334739685,-168,-4600,-132,4604.95906605042,10.389732061933,0,No
0.012295642375946,-168,-4600,-132,4604.95906605042,10.389732061933,0,No
0.0123164119720459,-168,-4600,-132,4604.95906605042,10.389732061933,0,No
0.0123374569416046,-240,-5016,88,5022.50933299282,20.3992156271567,1,Yes
0.012357923746109,-240,-5016,88,5022.50933299282,20.3992156271567,1,Yes
0.01237832903862,-240,-5016,88,5022.50933299282,20.3992156271567,1,Yes
0.0123990161418915,-156,-4336,48,4339.07086828505,4.01588020163323,0,No
0.0124195413589478,-156,-4336,48,4339.07086828505,4.01588020163323,0,No
0.0124402267932892,-104,-3756,-40,3757.65245865021,-9.92183814393137,0,No
0.0124607865810394,-104,-3756,-40,3757.65245865021,-9.92183814393137,0,No
0.0124813416004181,-104,-3756,-40,3757.65245865021,-9.92183814393137,0,No
0.012501739025116,-244,-4820,-24,4826.2316562718,15.6940619369294,0,No
0.0125225372314453,-244,-4820,-24,4826.2316562718,15.6940619369294,0,No
0.0125430390834808,212,-2940,88,2948.9469306856,-29.3080661795229,1,Yes
0.0125636155605316,212,-2940,88,2948.9469306856,-29.3080661795229,1,Yes
0.012584034204483,212,-2940,88,2948.9469306856,-29.3080661795229,1,Yes
0.0126045916080475,-80,-3656,84,3657.83979966318,-12.3145396910957,0,No
0.0126255090236664,-80,-3656,84,3657.83979966318,-12.3145396910957,0,No
0.0126462950706482,276,-2848,252,2872.41779690908,-31.1426168131657,1,Yes
0.0126671094894409,276,-2848,252,2872.41779690908,-31.1426168131657,1,Yes
0.0126874940395355,276,-2848,252,2872.41779690908,-31.1426168131657,1,Yes
0.0127082636356354,-12,-3612,-28,3612.12845840233,-13.4103285225706,0,No
0.0127289116382599,-12,-3612,-28,3612.12845840233,-13.4103285225706,0,No
0.0127493093013763,-12,-3612,-28,3612.12845840233,-13.4103285225706,0,No
0.0127706682682037,-200,-3840,96,3846.40299500715,-7.79431696767948,0,No
0.0127912895679474,-200,-3840,96,3846.40299500715,-7.79431696767948,0,No
0.0128116767406464,-40,-4064,32,4064.32282182407,-2.5703592846126,0,No
0.0128320200443268,-40,-4064,32,4064.32282182407,-2.5703592846126,0,No
0.0128525989055634,-40,-4064,32,4064.32282182407,-2.5703592846126,0,No
0.012872832775116,-124,-4124,28,4125.95879766146,-1.09282631190356,0,No
0.0128932418823242,-124,-4124,28,4125.95879766146,-1.09282631190356,0,No
0.0129140627384186,-96,-3800,116,3802.98198786163,-8.83520208216207,0,No
0.0129352033138275,-96,-3800,116,3802.98198786163,-8.83520208216207,0,No
0.0129559075832367,-96,-3800,116,3802.98198786163,-8.83520208216207,0,No
0.0129766535758972,-216,-4316,36,4321.55157321997,3.59590897921645,0,No
0.0129972095489502,-216,-4316,36,4321.55157321997,3.59590897921645,0,No
0.013017600774765,-96,-4296,64,4297.54906894616,3.02052275371545,0,No
0.0130380454063416,-96,-4296,64,4297.54906894616,3.02052275371545,0,No
0.0130590870380402,-96,-4296,64,4297.54906894616,3.02052275371545,0,No
0.0130798282623291,-332,-5472,-952,5564.10927283065,33.3824086123519,1,Yes
0.0131003355979919,-332,-5472,-952,5564.10927283065,33.3824086123519,1,Yes
0.0131211752891541,-192,-4588,144,4594.27295662763,10.1335654513189,0,No
0.0131416983604431,-192,-4588,144,4594.27295662763,10.1335654513189,0,No
0.0131623136997223,-192,-4588,144,4594.27295662763,10.1335654513189,0,No
0.0131827056407928,-120,-3832,-36,3834.04746971135,-8.0905026899248,0,No
0.0132030799388885,-120,-3832,-36,3834.04746971135,-8.0905026899248,0,No
0.0132234816551209,-120,-3832,-36,3834.04746971135,-8.0905026899248,0,No
0.0132439267635345,-124,-4016,36,4018.07516106904,-3.67900472662689,0,No
0.0132644379138947,-124,-4016,36,4018.07516106904,-3.67900472662689,0,No
0.0132857217788696,-120,-3780,80,3782.75032218623,-9.32019404865744,0,No
0.0133064513206482,-120,-3780,80,3782.75032218623,-9.32019404865744,0,No
0.0133268365859985,-120,-3780,80,3782.75032218623,-9.32019404865744,0,No
0.0133477771282196,-192,-4356,-28,4360.31925436659,4.52524491316388,0,No
0.0133691215515137,-192,-4356,-28,4360.31925436659,4.52524491316388,0,No
0.0133897593021393,-64,-3420,20,3420.65724678752,-18.0002619931108,0,No
0.0134101054668427,-64,-3420,20,3420.65724678752,-18.0002619931108,0,No
0.013430472612381,-64,-3420,20,3420.65724678752,-18.0002619931108,0,No
0.0134507393836975,-76,-3848,56,3849.15782996749,-7.72827827139924,0,No
0.0134709966182709,-76,-3848,56,3849.15782996749,-7.72827827139924,0,No
0.0134915053844452,-156,-4388,-56,4391.12923972866,5.2638195628335,0,No
0.0135123946666718,-156,-4388,-56,4391.12923972866,5.2638195628335,0,No
0.0135329310894012,-156,-4388,-56,4391.12923972866,5.2638195628335,0,No
0.0135535774230957,12,-4020,-4,4020.01990044826,-3.63238558063177,0,No
0.0135743551254272,12,-4020,-4,4020.01990044826,-3.63238558063177,0,No
0.013594672203064,12,-4020,-4,4020.01990044826,-3.63238558063177,0,No
0.0136150233745575,-132,-4084,84,4086.99596280691,-2.02684045584596,0,No
0.0136496608257294,-132,-4084,84,4086.99596280691,-2.02684045584596,0,No
0.0136703264713287,20,-3000,68,3000.83721651142,-28.0641561540984,1,Yes
0.0136909191608429,20,-3000,68,3000.83721651142,-28.0641561540984,1,Yes
0.0137115707397461,-80,-3968,8,3968.81443254784,-4.85987920230283,0,No
0.0137319822311401,-80,-3968,8,3968.81443254784,-4.85987920230283,0,No
0.0137525250911713,-80,-3968,8,3968.81443254784,-4.85987920230283,0,No
0.0137729589939117,-156,-4108,-40,4111.15555531532,-1.44768852301114,0,No
0.0137934339046478,-156,-4108,-40,4111.15555531532,-1.44768852301114,0,No
0.0138142161369324,-64,-4000,72,4001.15983184876,-4.08449772527969,0,No
0.0138349275588989,-64,-4000,72,4001.15983184876,-4.08449772527969,0,No
0.0138557481765747,-64,-4000,72,4001.15983184876,-4.08449772527969,0,No
0.0138762373924255,-64,-4000,72,4001.15983184876,-4.08449772527969,0,No
0.0138968138694763,-180,-4204,-64,4208.33838943591,0.88197106043273,0,No
0.0139176831245422,-180,-4204,-64,4208.33838943591,0.88197106043273,0,No
0.0139383437633514,-96,-4196,-28,4197.19144190493,0.614757273382037,0,No
0.0139588379859924,-96,-4196,-28,4197.19144190493,0.614757273382037,0,No
0.01397926902771,-96,-4196,-28,4197.19144190493,0.614757273382037,0,No
0.0139998159408569,-136,-4116,48,4118.52594990004,-1.27100597888254,0,No
0.014019989490509,-136,-4116,48,4118.52594990004,-1.27100597888254,0,No
0.0140405781269073,-136,-4116,48,4118.52594990004,-1.27100597888254,0,No
0.0140614264011383,-592,-5436,-324,5477.73091708602,31.3117531711563,1,Yes
0.0140821561813354,-592,-5436,-324,5477.73091708602,31.3117531711563,1,Yes
0.0141025111675262,-140,-4432,104,4435.43008061225,6.32579598544964,0,No
0.0141245226860046,-140,-4432,104,4435.43008061225,6.32579598544964,0,No
0.0141450338363647,-140,-4432,104,4435.43008061225,6.32579598544964,0,No
0.0141654369831085,-28,-4160,-8,4160.10192182836,-0.274349909729198,0,No
0.0141857678890228,-28,-4160,-8,4160.10192182836,-0.274349909729198,0,No
0.0142068510055542,-68,-3824,72,3825.28221181131,-8.30062279244058,0,No
0.0142272942066193,-68,-3824,72,3825.28221181131,-8.30062279244058,0,No
0.0142479341030121,-68,-3824,72,3825.28221181131,-8.30062279244058,0,No
0.0142681977748871,-100,-3624,244,3633.58115362792,-12.8960661276195,0,No
0.0142893805503845,-100,-3624,244,3633.58115362792,-12.8960661276195,0,No
0.0143101267814636,-36,-3976,0,3976.16297452708,-4.68372050718768,0,No
0.0143304967880249,-36,-3976,0,3976.16297452708,-4.68372050718768,0,No
0.0143507270812988,-36,-3976,0,3976.16297452708,-4.68372050718768,0,No
0.0143711838722229,-164,-4508,-72,4511.55671581329,8.15069795354178,0,No
0.0143916077613831,-164,-4508,-72,4511.55671581329,8.15069795354178,0,No
0.0144120440483093,-164,-4508,-72,4511.55671581329,8.15069795354178,0,No
0.014432311296463,-228,-4900,16,4905.3277158616,17.5901467229256,0,No
0.0144525065422058,-228,-4900,16,4905.3277158616,17.5901467229256,0,No
0.0144732534885406,-216,-4304,-156,4312.23932545493,3.37267647683536,0,No
0.0144937658309937,-216,-4304,-156,4312.23932545493,3.37267647683536,0,No
0.0145142056941986,-216,-4304,-156,4312.23932545493,3.37267647683536,0,No
0.0145348598957062,-284,-4832,72,4840.87430119808,16.0450743187782,0,No
0.0145558559894562,-284,-4832,72,4840.87430119808,16.0450743187782,0,No
0.0145764801502228,-180,-4460,24,4463.69533010487,7.00336841842887,0,No
0.0145969486236572,-180,-4460,24,4463.69533010487,7.00336841842887,0,No
0.014617840051651,-180,-4460,24,4463.69533010487,7.00336841842887,0,No
0.0146386332511902,500,-2612,244,2670.59543922325,-35.9806871780679,1,Yes
0.0146593444347382,500,-2612,244,2670.59543922325,-35.9806871780679,1,Yes
0.0146798112392426,-76,-3976,8,3976.7343386251,-4.67002381004316,0,No
0.0147001831531525,-76,-3976,8,3976.7343386251,-4.67002381004316,0,No
0.0147204146385193,-76,-3976,8,3976.7343386251,-4.67002381004316,0,No
0.0147410478591919,-76,-3780,232,3787.87539393787,-9.19733621445139,0,No
0.0147615661621094,-76,-3780,232,3787.87539393787,-9.19733621445139,0,No
0.0147821478843689,-76,-3780,232,3787.87539393787,-9.19733621445139,0,No
0.014802638053894,-52,-3756,24,3756.43660934136,-9.95098439203198,0,No
0.0148234441280365,-52,-3756,24,3756.43660934136,-9.95098439203198,0,No
0.0148440566062927,-104,-4780,36,4781.26677774834,14.6161672540004,0,No
0.0148646078109741,-104,-4780,36,4781.26677774834,14.6161672540004,0,No
0.0148849685192108,-104,-4780,36,4781.26677774834,14.6161672540004,0,No
0.0149055800437927,-116,-4164,140,4167.96737031374,-0.0857999707625347,0,No
0.0149259121417999,-116,-4164,140,4167.96737031374,-0.0857999707625347,0,No
0.014946542263031,-128,-4520,64,4522.26491926336,8.40739420051434,0,No
0.0149670226573944,-128,-4520,64,4522.26491926336,8.40739420051434,0,No
0.0149874436855316,-128,-4520,64,4522.26491926336,8.40739420051434,0,No
0.0150080370903015,-140,-4388,56,4390.58993758242,5.25089145238346,0,No
0.0150286457538605,-140,-4388,56,4390.58993758242,5.25089145238346,0,No
0.015049026966095,-56,-3696,-72,3697.12536979746,-11.3727889613238,0,No
0.0150693061351776,-56,-3696,-72,3697.12536979746,-11.3727889613238,0,No
0.0150908191204071,-56,-3696,-72,3697.12536979746,-11.3727889613238,0,No
0.0151110639572144,-72,-3792,40,3792.89440928692,-9.07702075634428,0,No
0.0151317348480225,-72,-3792,40,3792.89440928692,-9.07702075634428,0,No
0.0151520507335663,-72,-3792,40,3792.89440928692,-9.07702075634428,0,No
0.0151727213859558,-104,-3928,84,3930.27429068252,-5.78376058172839,0,No
0.0151930310726166,-104,-3928,84,3930.27429068252,-5.78376058172839,0,No
0.0152135570049286,16,-3348,232,3356.06674546261,-19.5486206283849,0,No
0.0152342305183411,16,-3348,232,3356.06674546261,-19.5486206283849,0,No
0.0152551336288452,16,-3348,232,3356.06674546261,-19.5486206283849,0,No
0.015275678396225,-44,-3816,-8,3816.26204550998,-8.51685353996202,0,No
0.0152962803840637,-44,-3816,-8,3816.26204550998,-8.51685353996202,0,No
0.0153166017532349,-208,-4368,116,4374.48785573809,4.86489355860416,0,No
0.015336879491806,-208,-4368,116,4374.48785573809,4.86489355860416,0,No
0.0153571083545685,-208,-4368,116,4374.48785573809,4.86489355860416,0,No
0.0153778891563416,-128,-4164,72,4166.58901260971,-0.118841857878137,0,No
0.0153986506462097,-128,-4164,72,4166.58901260971,-0.118841857878137,0,No
0.0154190533161163,-544,-5384,240,5416.73259447058,29.8495059734802,1,Yes
0.0154404714107513,-544,-5384,240,5416.73259447058,29.8495059734802,1,Yes
0.0154610188007355,-544,-5384,240,5416.73259447058,29.8495059734802,1,Yes
0.0154813795089722,-128,-4392,72,4394.45468744417,5.34353694512405,0,No
0.0155040302276611,-128,-4392,72,4394.45468744417,5.34353694512405,0,No
0.0155252780914307,-128,-4392,72,4394.45468744417,5.34353694512405,0,No
0.0155459909439087,-60,-4068,4,4068.44442016848,-2.47155663938178,0,No
0.0155668098926544,-60,-4068,4,4068.44442016848,-2.47155663938178,0,No
0.0155882019996643,-92,-3832,52,3833.45692554384,-8.10465917025122,0,No
0.0156083791255951,-92,-3832,52,3833.45692554384,-8.10465917025122,0,No
0.0156290755271912,-92,-3832,52,3833.45692554384,-8.10465917025122,0,No
0.0156495535373688,-224,-3828,672,3892.986514233,-6.67762035168686,0,No
0.01566996717453,-224,-3828,672,3892.986514233,-6.67762035168686,0,No
0.0156905035972595,-196,-4352,-20,4356.45727627392,4.43266586506299,0,No
0.0157107927799225,-196,-4352,-20,4356.45727627392,4.43266586506299,0,No
0.0157313561439514,-196,-4352,-20,4356.45727627392,4.43266586506299,0,No
0.0157518627643585,-108,-3660,136,3664.11790203318,-12.1640414937089,0,No
0.0157721269130707,-108,-3660,136,3664.11790203318,-12.1640414937089,0,No
0.0157926843166351,-100,-4092,36,4093.38002144927,-1.87380228267462,0,No
0.0158130717277527,-100,-4092,36,4093.38002144927,-1.87380228267462,0,No
0.0158345036506653,-100,-4092,36,4093.38002144927,-1.87380228267462,0,No
0.0158548686504364,-64,-4092,316,4104.68220450743,-1.6028672012525,0,No
0.0158753161430359,-64,-4092,316,4104.68220450743,-1.6028672012525,0,No
0.0158956754207611,-64,-4092,316,4104.68220450743,-1.6028672012525,0,No
0.0159160544872284,-64,-4092,316,4104.68220450743,-1.6028672012525,0,No
0.0159377541542053,-40,-3736,16,3736.24838574739,-10.4349349682215,0,No
0.0159585041999817,-40,-3736,16,3736.24838574739,-10.4349349682215,0,No
0.0159790394306183,-72,-3792,8,3792.69191999561,-9.08187481439185,0,No
0.0160006990432739,-72,-3792,8,3792.69191999561,-9.08187481439185,0,No
0.0160214450359344,-72,-3792,8,3792.69191999561,-9.08187481439185,0,No
0.0160422878265381,36,-3828,784,3907.6253658712,-6.32669890225454,0,No
0.0160625586509705,36,-3828,784,3907.6253658712,-6.32669890225454,0,No
0.0160832974910736,-236,-4456,-36,4462.39039081074,6.97208651190811,0,No
0.0161043002605438,-236,-4456,-36,4462.39039081074,6.97208651190811,0,No
0.0161250836849213,-236,-4456,-36,4462.39039081074,6.97208651190811,0,No
0.0161458535194397,-36,-3428,-60,3428.71404465289,-17.8071250412121,0,No
0.0161665852069855,-36,-3428,-60,3428.71404465289,-17.8071250412121,0,No
0.0161870322227478,-136,-3928,72,3931.01310097028,-5.76604987712911,0,No
0.016207679271698,-136,-3928,72,3931.01310097028,-5.76604987712911,0,No
0.0162282938957214,-136,-3928,72,3931.01310097028,-5.76604987712911,0,No
0.0162488989830017,116,-3004,1176,3228.07187032755,-22.616904139443,1,Yes
0.0162691307067871,116,-3004,1176,3228.07187032755,-22.616904139443,1,Yes
0.0162892873287201,116,-3004,1176,3228.07187032755,-22.616904139443,1,Yes
0.0163097250461578,-120,-4136,-12,4137.75784695045,-0.809980390601181,0,No
0.0163301873207092,-120,-4136,-12,4137.75784695045,-0.809980390601181,0,No
0.0163506460189819,-196,-3372,460,3408.87078077184,-18.2828062691329,0,No
0.0163713719844818,-196,-3372,460,3408.87078077184,-18.2828062691329,0,No
0.01639200258255,-196,-3372,460,3408.87078077184,-18.2828062691329,0,No
0.0164125673770905,-184,-4512,28,4515.83702097407,8.2533051066272,0,No
0.0164333455562592,-184,-4512,28,4515.83702097407,8.2533051066272,0,No
0.0164538226127625,-116,-3064,380,3089.65240763423,-25.9350850786663,1,Yes
0.0164748816490173,-116,-3064,380,3089.65240763423,-25.9350850786663,1,Yes
0.0164953942298889,-116,-3064,380,3089.65240763423,-25.9350850786663,1,Yes
0.0165156614780426,28,-3360,-36,3360.30950955414,-19.4469134069855,0,No
0.0165372400283813,28,-3360,-36,3360.30950955414,-19.4469134069855,0,No
0.0165580549240112,-84,-4092,36,4093.02040063325,-1.8824230858032,0,No
0.0165787205696106,-84,-4092,36,4093.02040063325,-1.8824230858032,0,No
0.0165989637374878,-84,-4092,36,4093.02040063325,-1.8824230858032,0,No
0.0166194956302643,-60,-3960,-64,3960.97159797947,-5.04788704215341,0,No
0.0166401073932648,-60,-3960,-64,3960.97159797947,-5.04788704215341,0,No
0.0166606755256653,-60,-3960,-64,3960.97159797947,-5.04788704215341,0,No
0.0166812489032745,-124,-3828,356,3846.51738589597,-7.79157479790422,0,No
0.0167017080783844,-124,-3828,356,3846.51738589597,-7.79157479790422,0,No
0.0167224450111389,-128,-4264,-8,4265.92826943914,2.2625113284026,0,No
0.0167426953315735,-128,-4264,-8,4265.92826943914,2.2625113284026,0,No
0.0167629640102386,-128,-4264,-8,4265.92826943914,2.2625113284026,0,No
0.0167833917140961,-108,-4808,-32,4809.31928655189,15.2886398831969,0,No
0.0168037545681,-108,-4808,-32,4809.31928655189,15.2886398831969,0,No
0.0168242814540863,-176,-4176,72,4180.32725991638,0.210490372317819,0,No
0.016844918012619,-176,-4176,72,4180.32725991638,0.210490372317819,0,No
0.0168653767108917,-176,-4176,72,4180.32725991638,0.210490372317819,0,No
0.016885977268219,-68,-3704,304,3717.07627040393,-10.8945274739244,0,No
0.0169063713550568,-68,-3704,304,3717.07627040393,-10.8945274739244,0,No
0.0169267916679382,-96,-4072,-64,4073.63424965963,-2.34714643751925,0,No
0.0169470658302307,-96,-4072,-64,4073.63424965963,-2.34714643751925,0,No
0.0169677484035492,-96,-4072,-64,4073.63424965963,-2.34714643751925,0,No
0.016988267660141,-132,-3900,52,3902.57965966103,-6.447654191675,0,No
0.0170089561939239,-132,-3900,52,3902.57965966103,-6.447654191675,0,No
0.0170293357372284,-132,-3900,52,3902.57965966103,-6.447654191675,0,No
0.0170495948791504,-56,-4012,-12,4012.40875285657,-3.8148394377191,0,No
0.0170699110031128,-56,-4012,-12,4012.40875285657,-3.8148394377191,0,No
0.0170905015468597,-88,-5312,-248,5318.51407819891,27.4950190954786,1,Yes
0.0171110663414001,-88,-5312,-248,5318.51407819891,27.4950190954786,1,Yes
0.0171317319869995,-88,-5312,-248,5318.51407819891,27.4950190954786,1,Yes
0.0171521625518799,-88,-4288,184,4292.84800569505,2.90782921936427,0,No
0.0171728339195251,-88,-4288,184,4292.84800569505,2.90782921936427,0,No
0.0171933567523956,-188,-4420,96,4425.03785294544,6.07667428616607,0,No
0.0172140023708344,-188,-4420,96,4425.03785294544,6.07667428616607,0,No
0.0172346119880676,-188,-4420,96,4425.03785294544,6.07667428616607,0,No
0.0172555320262909,-148,-4496,20,4498.47974320214,7.83721775056484,0,No
0.0172761399745941,-148,-4496,20,4498.47974320214,7.83721775056484,0,No
0.0172966356277466,-164,-4192,52,4195.52904888049,0.574906512947916,0,No
0.0173169002532959,-164,-4192,52,4195.52904888049,0.574906512947916,0,No
0.017337394952774,-164,-4192,52,4195.52904888049,0.574906512947916,0,No
0.0173594207763672,-80,-3816,24,3816.91393667712,-8.5012264539789,0,No
0.0173806102275848,-80,-3816,24,3816.91393667712,-8.5012264539789,0,No
0.0174010853767395,-80,-3816,24,3816.91393667712,-8.5012264539789,0,No
0.0174215838909149,-84,-4080,44,4081.10181201107,-2.16813459500196,0,No
0.0174421050548553,-84,-4080,44,4081.10181201107,-2.16813459500196,0,No
0.0174630017280579,-116,-4076,32,4077.77586436528,-2.24786396158355,0,No
0.0174838488101959,-116,-4076,32,4077.77586436528,-2.24786396158355,0,No
0.017505054473877,-116,-4076,32,4077.77586436528,-2.24786396158355,0,No
0.0175262386798859,-68,-3972,36,3972.74514662091,-4.76565242045416,0,No
0.0175471820831299,-68,-3972,36,3972.74514662091,-4.76565242045416,0,No
0.0175679759979248,-128,-4124,28,4126.08094927862,-1.08989810253268,0,No
0.0175899169445038,-128,-4124,28,4126.08094927862,-1.08989810253268,0,No
0.0176107051372528,-128,-4124,28,4126.08094927862,-1.08989810253268,0,No
0.0176314518451691,-100,-4180,60,4181.62647781937,0.241635126080769,0,No
0.0176523370742798,-100,-4180,60,4181.62647781937,0.241635126080769,0,No
0.0176729774475098,-124,-4124,12,4125.88123920212,-1.09468553745219,0,No
0.0176935050487518,-124,-4124,12,4125.88123920212,-1.09468553745219,0,No
0.0177140605449677,-124,-4124,12,4125.88123920212,-1.09468553745219,0,No
0.0177346761226654,-100,-4180,80,4181.96126237439,0.249660556230619,0,No
0.0177551319599152,-100,-4180,80,4181.96126237439,0.249660556230619,0,No
0.0177765636444092,-120,-4156,36,4157.8879253775,-0.327423665975654,0,No
0.0177970972061157,-120,-4156,36,4157.8879253775,-0.327423665975654,0,No
0.0178178794384003,-120,-4156,36,4157.8879253775,-0.327423665975654,0,No
0.0178384494781494,-116,-4080,24,4081.71924561207,-2.15333352320006,0,No
0.0178591339588165,-116,-4080,24,4081.71924561207,-2.15333352320006,0,No
0.0178799459934235,-240,-4124,-144,4133.48666382269,-0.912368870997683,0,No
0.0179006791114807,-240,-4124,-144,4133.48666382269,-0.912368870997683,0,No
0.0179214968681335,-240,-4124,-144,4133.48666382269,-0.912368870997683,0,No
0.0179421951770782,-240,-4124,-144,4133.48666382269,-0.912368870997683,0,No
0.0179629521369934,-76,-4088,440,4112.31321764284,-1.41993712884666,0,No
0.0179836704730988,-76,-4088,440,4112.31321764284,-1.41993712884666,0,No
0.0180055303573608,-76,-4088,440,4112.31321764284,-1.41993712884666,0,No
0.0180262670516968,-284,-4720,1228,4885.39046545924,17.1122124571914,0,No
0.0180470449924469,-284,-4720,1228,4885.39046545924,17.1122124571914,0,No
0.0180711014270782,-132,-4564,-212,4570.82749619804,9.57153263891617,0,No
0.0180914649963379,-132,-4564,-212,4570.82749619804,9.57153263891617,0,No
0.0181122238636017,-132,-4564,-212,4570.82749619804,9.57153263891617,0,No
0.0181331777572632,-264,-3964,452,3998.4116846568,-4.15037610288009,0,No
0.0181537208557129,-264,-3964,452,3998.4116846568,-4.15037610288009,0,No
0.0181742331981659,-224,-4316,-24,4321.87551879968,3.60367457826605,0,No
0.0181948258876801,-224,-4316,-24,4321.87551879968,3.60367457826605,0,No
0.0182152910232544,-224,-4316,-24,4321.87551879968,3.60367457826605,0,No
0.0182360074520111,-36,-3812,176,3816.23060099884,-8.51760732541572,0,No
0.0182566723823547,-36,-3812,176,3816.23060099884,-8.51760732541572,0,No
0.0182772438526154,188,-3928,-344,3947.51364785481,-5.37050000940343,0,No
0.0182976076602936,188,-3928,-344,3947.51364785481,-5.37050000940343,0,No
0.0183181939125061,188,-3928,-344,3947.51364785481,-5.37050000940343,0,No
0.0183515622615814,528,-4200,-756,4300.03720914133,3.08016826316262,0,No
0.0183732645511627,528,-4200,-756,4300.03720914133,3.08016826316262,0,No
0.01839377617836,364,-4716,-1184,4875.96226400492,16.8862003217002,0,No
0.0184141473770142,364,-4716,-1184,4875.96226400492,16.8862003217002,0,No
0.0184347031116486,580,-3572,-736,3692.86880351848,-11.4748270477217,0,No
0.0184551465511322,580,-3572,-736,3692.86880351848,-11.4748270477217,0,No
0.0184761757850647,580,-3572,-736,3692.86880351848,-11.4748270477217,0,No
0.018496796131134,704,-4100,-1860,4556.8866564794,9.23734387867201,0,No
0.0185187728404999,704,-4100,-1860,4556.8866564794,9.23734387867201,0,No
0.0185392179489136,460,-4168,-1328,4398.56885816285,5.44216153587023,0,No
0.0185596837997437,460,-4168,-1328,4398.56885816285,5.44216153587023,0,No
0.0185800890922546,460,-4168,-1328,4398.56885816285,5.44216153587023,0,No
0.0186008117198944,240,-4100,-984,4223.25182767971,1.23947487930327,0,No
0.0186214666366577,240,-4100,-984,4223.25182767971,1.23947487930327,0,No
0.0186421608924866,240,-4100,-984,4223.25182767971,1.23947487930327,0,No
0.0186629214286804,228,-3688,-684,3757.81638721213,-9.91790846078603,0,No
0.018683845281601,228,-3688,-684,3757.81638721213,-9.91790846078603,0,No
0.0187047524452209,504,-3740,-392,3794.11122662475,-9.04785130272594,0,No
0.0187254612445831,504,-3740,-392,3794.11122662475,-9.04785130272594,0,No
0.0187460384368896,504,-3740,-392,3794.11122662475,-9.04785130272594,0,No
0.0187666971683502,140,-3996,-360,4014.62526271133,-3.76170543034356,0,No
0.0187871291637421,140,-3996,-360,4014.62526271133,-3.76170543034356,0,No
0.018807544708252,36,-3904,-400,3924.60341945527,-5.91970227987489,0,No
0.0188281092643738,36,-3904,-400,3924.60341945527,-5.91970227987489,0,No
0.0188488709926605,36,-3904,-400,3924.60341945527,-5.91970227987489,0,No
0.0188693032264709,240,-4944,480,4973.04092080489,19.2133625742569,0,No
0.0188904736042023,240,-4944,480,4973.04092080489,19.2133625742569,0,No
0.0189110152721405,180,-3740,-224,3751.02332704024,-10.0807511878331,0,No
0.0189317548274994,180,-3740,-224,3751.02332704024,-10.0807511878331,0,No
0.0189520404338837,180,-3740,-224,3751.02332704024,-10.0807511878331,0,No
0.0189727275371552,-20,-4196,560,4233.25123279968,1.47917986606636,0,No
0.0189932851791382,-20,-4196,560,4233.25123279968,1.47917986606636,0,No
0.0190141928195953,64,-4076,632,4125.2025404821,-1.11095525207473,0,No
0.0190347332954407,64,-4076,632,4125.2025404821,-1.11095525207473,0,No
0.0190554790496826,64,-4076,632,4125.2025404821,-1.11095525207473,0,No
0.0190762164592743,100,-4212,616,4257.98074208891,2.07199380106673,0,No
0.0190966458320618,100,-4212,616,4257.98074208891,2.07199380106673,0,No
0.0191170270442963,100,-4212,616,4257.98074208891,2.07199380106673,0,No
0.0191377079486847,-36,-4332,980,4441.61231986764,6.47399615946997,0,No
0.0191583812236786,-36,-4332,980,4441.61231986764,6.47399615946997,0,No
0.019179217338562,-60,-3860,920,3968.57657101384,-4.86558120108905,0,No
0.0192001614570618,-60,-3860,920,3968.57657101384,-4.86558120108905,0,No
0.0192209093570709,-60,-3860,920,3968.57657101384,-4.86558120108905,0,No
0.0192414989471436,-92,-4244,808,4321.21094139131,3.58774337866325,0,No
0.019262237071991,-92,-4244,808,4321.21094139131,3.58774337866325,0,No
0.0192831125259399,0,-4160,352,4174.86574634443,0.0795673801232725,0,No
0.0193033938407898,0,-4160,352,4174.86574634443,0.0795673801232725,0,No
0.0193238143920898,0,-4160,352,4174.86574634443,0.0795673801232725,0,No
0.0193446936607361,292,-4184,16,4194.20743406904,0.543224862181398,0,No
0.0193654427528381,292,-4184,16,4194.20743406904,0.543224862181398,0,No
0.0193882482051849,204,-4348,-160,4355.72267253093,4.41505599943828,0,No
0.0194096193313599,204,-4348,-160,4355.72267253093,4.41505599943828,0,No
0.0194304656982422,204,-4348,-160,4355.72267253093,4.41505599943828,0,No
0.0194541001319885,184,-3628,-452,3660.6753475281,-12.2465661511429,0,No
0.0194749021530151,184,-3628,-452,3660.6753475281,-12.2465661511429,0,No
0.0194957430362701,444,-4088,-552,4148.92564406739,-0.542266798845281,0,No
0.0195165121555328,444,-4088,-552,4148.92564406739,-0.542266798845281,0,No
0.0195371205806732,444,-4088,-552,4148.92564406739,-0.542266798845281,0,No
0.01955806016922,372,-4172,-492,4217.34893031155,1.09797106797434,0,No
0.0195785028934479,372,-4172,-492,4217.34893031155,1.09797106797434,0,No
0.0195990254878998,272,-3976,-208,3990.71722876979,-4.33482702015132,0,No
0.0196194634437561,272,-3976,-208,3990.71722876979,-4.33482702015132,0,No
0.0196398572921753,272,-3976,-208,3990.71722876979,-4.33482702015132,0,No
0.0196601998806,416,-3988,-292,4020.2567082215,-3.62670884251877,0,No
0.0196805715560913,416,-3988,-292,4020.2567082215,-3.62670884251877,0,No
0.0197009773254395,416,-3988,-292,4020.2567082215,-3.62670884251877,0,No
0.0197211849689484,832,-4432,-688,4561.59971939669,9.35032506811771,0,No
0.0197414705753326,832,-4432,-688,4561.59971939669,9.35032506811771,0,No
0.0197620747089386,984,-4696,-1116,4926.0661790114,18.0872876003246,0,No
0.0197827007770538,984,-4696,-1116,4926.0661790114,18.0872876003246,0,No
0.0198033487796783,984,-4696,-1116,4926.0661790114,18.0872876003246,0,No
0.0198241283893585,804,-4288,-1044,4485.8996867964,7.53564958545511,0,No
0.0198446776866913,804,-4288,-1044,4485.8996867964,7.53564958545511,0,No
0.019865446805954,540,-4024,-1020,4186.23649594717,0.352146133590081,0,No
0.0198860745429993,540,-4024,-1020,4186.23649594717,0.352146133590081,0,No
0.0199066455364227,540,-4024,-1020,4186.23649594717,0.352146133590081,0,No
0.0199274201393127,372,-4068,-432,4107.75267025657,-1.52926222746421,0,No
0.0199485101699829,372,-4068,-432,4107.75267025657,-1.52926222746421,0,No
0.0199689848423004,372,-4068,-432,4107.75267025657,-1.52926222746421,0,No
0.0199897656440735,372,-4068,-432,4107.75267025657,-1.52926222746421,0,No
0.0200104908943176,-28,-3984,-128,3986.15403616067,-4.44421552985187,0,No
0.0200311138629913,-28,-3984,-128,3986.15403616067,-4.44421552985187,0,No
0.0200516102313995,-124,-3460,112,3464.03233241262,-16.9604777058589,0,No
0.0200727381706238,-124,-3460,112,3464.03233241262,-16.9604777058589,0,No
0.0200932631492615,-124,-3460,112,3464.03233241262,-16.9604777058589,0,No
0.0201139550209045,112,-3888,140,3892.13154967815,-6.69811549763259,0,No
0.0201344785690308,112,-3888,140,3892.13154967815,-6.69811549763259,0,No
0.0201550447940826,60,-4000,604,4045.78991051191,-3.01462883939748,0,No
0.020175553560257,60,-4000,604,4045.78991051191,-3.01462883939748,0,No
0.020196033000946,60,-4000,604,4045.78991051191,-3.01462883939748,0,No
0.0202168190479279,96,-4124,184,4129.21881231789,-1.01467748597918,0,No
0.0202372803688049,96,-4124,184,4129.21881231789,-1.01467748597918,0,No
0.0202578592300415,-40,-4324,608,4366.71959255458,4.67867333837758,0,No
0.0202782564163208,-40,-4324,608,4366.71959255458,4.67867333837758,0,No
0.0202990925312042,-40,-4324,608,4366.71959255458,4.67867333837758,0,No
0.0203195219039917,144,-4304,876,4394.60214353928,5.34707175153528,0,No
0.0203397824764252,144,-4304,876,4394.60214353928,5.34707175153528,0,No
0.0203604176044464,144,-4304,876,4394.60214353928,5.34707175153528,0,No
0.0203806574344635,140,-4448,1524,4703.92176805695,12.7620585043469,0,No
0.0204016301631927,140,-4448,1524,4703.92176805695,12.7620585043469,0,No
0.0204227731227875,336,-4276,1420,4518.12704557984,8.30820140407949,0,No
0.0204434459209442,336,-4276,1420,4518.12704557984,8.30820140407949,0,No
0.0204641160964966,336,-4276,1420,4518.12704557984,8.30820140407949,0,No
0.0204848520755768,152,-4392,1068,4522.54264767067,8.41405188498651,0,No
0.0205064101219177,152,-4392,1068,4522.54264767067,8.41405188498651,0,No
0.0205269448757172,56,-3816,860,3912.10838295669,-6.21923235417052,0,No
0.0205478708744049,56,-3816,860,3912.10838295669,-6.21923235417052,0,No
0.0205684623718262,56,-3816,860,3912.10838295669,-6.21923235417052,0,No
0.0205906445980072,188,-3856,324,3874.15229437357,-7.12911285228386,0,No
0.0206116349697113,188,-3856,324,3874.15229437357,-7.12911285228386,0,No
0.0206323657035828,164,-4368,-80,4371.80969393683,4.80069286552107,0,No
0.0206530883312225,164,-4368,-80,4371.80969393683,4.80069286552107,0,No
0.0206740391254425,164,-4368,-80,4371.80969393683,4.80069286552107,0,No
0.0206950535774231,540,-3828,-224,3872.38427845171,-7.17149559686326,0,No
0.0207155146598816,540,-3828,-224,3872.38427845171,-7.17149559686326,0,No
0.0207361416816711,108,-4304,-656,4355.0448906986,4.3988082643783,0,No
0.0207563626766205,108,-4304,-656,4355.0448906986,4.3988082643783,0,No
0.0207769107818603,108,-4304,-656,4355.0448906986,4.3988082643783,0,No
0.0207984268665314,40,-3592,128,3594.50246904909,-13.832857412431,0,No
0.0208193461894989,40,-3592,128,3594.50246904909,-13.832857412431,0,No
0.0208398649692535,40,-3592,128,3594.50246904909,-13.832857412431,0,No
0.0208601658344269,236,-4268,-428,4295.89385343726,2.98084405214357,0,No
0.0208806500434875,236,-4268,-428,4295.89385343726,2.98084405214357,0,No
0.0209013543128967,296,-4148,-132,4160.64225811352,-0.261397008978672,0,No
0.0209228389263153,296,-4148,-132,4160.64225811352,-0.261397008978672,0,No
0.0209435534477234,296,-4148,-132,4160.64225811352,-0.261397008978672,0,No
0.020964329957962,380,-4204,-288,4230.95261141034,1.42407748716546,0,No
0.0209858779907227,380,-4204,-288,4230.95261141034,1.42407748716546,0,No
0.0210066699981689,908,-4492,-912,4672.71569860611,12.0139889567193,0,No
0.021027378320694,908,-4492,-912,4672.71569860611,12.0139889567193,0,No
0.0210478920936584,908,-4492,-912,4672.71569860611,12.0139889567193,0,No
0.0210686841011047,1000,-4984,-1384,5268.3690075772,26.2929452375442,1,Yes
0.0210890052318573,1000,-4984,-1384,5268.3690075772,26.2929452375442,1,Yes
0.021109637260437,536,-4320,-1040,4475.6335864322,7.28955140037485,0,No
0.0211299910545349,536,-4320,-1040,4475.6335864322,7.28955140037485,0,No
0.0211503717899323,536,-4320,-1040,4475.6335864322,7.28955140037485,0,No
0.0211708219051361,228,-4152,-500,4188.208208769,0.399411884920996,0,No
0.0211911268234253,228,-4152,-500,4188.208208769,0.399411884920996,0,No
0.0212118051052094,184,-3836,-504,3873.34067698673,-7.14856888318127,0,No
0.0212322835922241,184,-3836,-504,3873.34067698673,-7.14856888318127,0,No
0.021252539396286,184,-3836,-504,3873.34067698673,-7.14856888318127,0,No
0.0212731101512909,8,-3712,20,3712.06249947384,-11.0147172132149,0,No
0.0212938668727875,8,-3712,20,3712.06249947384,-11.0147172132149,0,No
0.0213142342567444,8,-3712,20,3712.06249947384,-11.0147172132149,0,No
0.0213346066474915,-100,-3972,424,3995.81781366468,-4.21255618303188,0,No
0.021355700969696,-100,-3972,424,3995.81781366468,-4.21255618303188,0,No
0.0213764119148254,-28,-3564,212,3570.40950032346,-14.4104122449607,0,No
0.0213968749046326,-28,-3564,212,3570.40950032346,-14.4104122449607,0,No
0.0214173212051392,-28,-3564,212,3570.40950032346,-14.4104122449607,0,No
0.0214379451274872,0,-3748,-116,3749.79466104479,-10.1102046765798,0,No
0.0214584875106812,0,-3748,-116,3749.79466104479,-10.1102046765798,0,No
0.0214791736602783,44,-4108,192,4112.71978136123,-1.41019101399611,0,No
0.0214997253417969,44,-4108,192,4112.71978136123,-1.41019101399611,0,No
0.021520250082016,44,-4108,192,4112.71978136123,-1.41019101399611,0,No
0.0215406982898712,72,-4284,292,4294.54351474054,2.94847383456166,0,No
0.0215612289905548,72,-4284,292,4294.54351474054,2.94847383456166,0,No
0.0215820188522339,208,-4284,700,4345.79336830457,4.17703146601951,0,No
0.0216023781299591,208,-4284,700,4345.79336830457,4.17703146601951,0,No
0.0216231398582458,208,-4284,700,4345.79336830457,4.17703146601951,0,No
0.0216438453197479,36,-4284,1364,4496.04804244795,7.77892520314799,0,No
0.0216644973754883,36,-4284,1364,4496.04804244795,7.77892520314799,0,No
0.0216849632263184,36,-4284,1364,4496.04804244795,7.77892520314799,0,No
0.0217061669826508,108,-4572,2008,4994.68837866788,19.7322938044897,0,No
0.0217270531654358,108,-4572,2008,4994.68837866788,19.7322938044897,0,No
0.0217476375102997,224,-4420,1424,4649.12378841433,11.4484454616424,0,No
0.0217680113315582,224,-4420,1424,4649.12378841433,11.4484454616424,0,No
0.0217884840965271,224,-4420,1424,4649.12378841433,11.4484454616424,0,No
0.0218092486858368,292,-4296,888,4396.52408158991,5.39314430579819,0,No
0.0218299157619476,292,-4296,888,4396.52408158991,5.39314430579819,0,No
0.0218502521514893,360,-4224,776,4309.750804861,3.31302184849773,0,No
0.0218705248832703,360,-4224,776,4309.750804861,3.31302184849773,0,No
0.0218910188674927,360,-4224,776,4309.750804861,3.31302184849773,0,No
0.021911874294281,156,-4172,-36,4175.07077784317,0.0844823797761106,0,No
0.0219322633743286,156,-4172,-36,4175.07077784317,0.0844823797761106,0,No
0.0219526205062866,128,-3640,692,3707.40448292333,-11.1263788353001,0,No
0.0219729497432709,128,-3640,692,3707.40448292333,-11.1263788353001,0,No
0.021993537902832,128,-3640,692,3707.40448292333,-11.1263788353001,0,No
0.0220144045352936,128,-3640,692,3707.40448292333,-11.1263788353001,0,No
0.0220353465080261,392,-3928,-568,3988.16649602295,-4.39597299353473,0,No
0.0220563035011292,392,-3928,-568,3988.16649602295,-4.39597299353473,0,No
0.0220770728588104,392,-3928,-568,3988.16649602295,-4.39597299353473,0,No
0.0220977516174316,284,-3956,-236,3973.19619450135,-4.75483993461998,0,No
0.0221199314594269,284,-3956,-236,3973.19619450135,-4.75483993461998,0,No
0.0221416866779327,212,-3580,-692,3652.42494789421,-12.4443441100621,0,No
0.0221623632907867,212,-3580,-692,3652.42494789421,-12.4443441100621,0,No
0.0221832835674286,212,-3580,-692,3652.42494789421,-12.4443441100621,0,No
0.0222042355537415,608,-4140,-852,4270.26556551229,2.36648466334892,0,No
0.0222245700359344,608,-4140,-852,4270.26556551229,2.36648466334892,0,No
0.0222450251579285,708,-4652,-1240,4866.20673625772,16.6523415449576,0,No
0.0222655057907104,708,-4652,-1240,4866.20673625772,16.6523415449576,0,No
0.0222859263420105,708,-4652,-1240,4866.20673625772,16.6523415449576,0,No
0.0223069579601288,828,-4724,-1204,4944.83326311414,18.5371707276162,0,No
0.0223279364109039,828,-4724,-1204,4944.83326311414,18.5371707276162,0,No
0.0223484663963318,832,-4680,-1356,4943.01122798644,18.493493038701,0,No
0.0223688559532166,832,-4680,-1356,4943.01122798644,18.493493038701,0,No
0.0223898062705994,832,-4680,-1356,4943.01122798644,18.493493038701,0,No
0.0224103465080261,432,-4388,-1032,4528.37630945133,8.55389598602414,0,No
0.0224312016963959,432,-4388,-1032,4528.37630945133,8.55389598602414,0,No
0.0224517779350281,432,-4388,-1032,4528.37630945133,8.55389598602414,0,No
0.0224724810123444,236,-3892,-540,3936.363804325,-5.63778321912017,0,No
0.0224930741786957,236,-3892,-540,3936.363804325,-5.63778321912017,0,No
0.0225134789943695,136,-3832,-232,3841.42473569378,-7.91365542516763,0,No
0.022534471988678,136,-3832,-232,3841.42473569378,-7.91365542516763,0,No
0.0225546314716339,136,-3832,-232,3841.42473569378,-7.91365542516763,0,No
0.0225751121044159,-92,-3632,-140,3635.86138349635,-12.8414046288732,0,No
0.0225956270694733,-92,-3632,-140,3635.86138349635,-12.8414046288732,0,No
0.0226166968345642,-228,-3720,172,3730.94733278292,-10.5620114108132,0,No
0.0226372027397156,-228,-3720,172,3730.94733278292,-10.5620114108132,0,No
0.0226579117774963,-228,-3720,172,3730.94733278292,-10.5620114108132,0,No
0.0226785786151886,44,-3564,-88,3565.35776605939,-14.5315120384355,0,No
0.0227000586986542,44,-3564,-88,3565.35776605939,-14.5315120384355,0,No
0.0227206976413727,92,-4208,540,4243.50421232264,1.72496351932846,0,No
0.0227418537139893,92,-4208,540,4243.50421232264,1.72496351932846,0,No
0.0227628693580627,92,-4208,540,4243.50421232264,1.72496351932846,0,No
0.0227834870815277,-356,-3352,1000,3516.05460708448,-15.7134036537534,0,No
0.022804251909256,-356,-3352,1000,3516.05460708448,-15.7134036537534,0,No
0.0228247063159943,100,-3764,716,3832.79949906071,-8.12041894841259,0,No
0.0228454523086548,100,-3764,716,3832.79949906071,-8.12041894841259,0,No
0.0228663923740387,100,-3764,716,3832.79949906071,-8.12041894841259,0,No
0.022886646270752,216,-4500,1520,4754.68779206374,13.9790178100821,0,No
0.0229073705673218,216,-4500,1520,4754.68779206374,13.9790178100821,0,No
0.0229278211593628,216,-4500,1520,4754.68779206374,13.9790178100821,0,No
0.0229481191635132,400,-4684,1184,4847.85643351781,16.2124494691195,0,No
0.022968493938446,400,-4684,1184,4847.85643351781,16.2124494691195,0,No
0.0229889295101166,412,-4680,1316,4878.93430986727,16.9574459813715,0,No
0.0230099849700928,412,-4680,1316,4878.93430986727,16.9574459813715,0,No
0.0230310342311859,412,-4680,1316,4878.93430986727,16.9574459813715,0,No
0.0230516979694366,212,-4752,1028,4866.54209886239,16.6603808320702,0,No
0.0230726387500763,212,-4752,1028,4866.54209886239,16.6603808320702,0,No
0.0230931322574615,108,-4120,956,4230.83916026124,1.42135784475986,0,No
0.0231134874820709,108,-4120,956,4230.83916026124,1.42135784475986,0,No
0.0231340613365173,108,-4120,956,4230.83916026124,1.42135784475986,0,No
0.0231546862125397,64,-3840,456,3867.50979313563,-7.28834639190059,0,No
0.0231750133037567,64,-3840,456,3867.50979313563,-7.28834639190059,0,No
0.0231953890323639,4,-3760,140,3762.60760643467,-9.80305371427476,0,No
0.0232159023284912,4,-3760,140,3762.60760643467,-9.80305371427476,0,No
0.02323672914505,4,-3760,140,3762.60760643467,-9.80305371427476,0,No
0.0232574563026428,52,-3828,16,3828.38660534696,-8.22620450430816,0,No
0.0232779750823975,52,-3828,16,3828.38660534696,-8.22620450430816,0,No
0.0232988135814667,52,-3828,16,3828.38660534696,-8.22620450430816,0,No
0.0233190758228302,28,-3960,-796,4039.30687123422,-3.1700397689077,0,No
0.0233394374847412,28,-3960,-796,4039.30687123422,-3.1700397689077,0,No
0.0233601460456848,132,-3856,-392,3878.12119459926,-7.0339706748594,0,No
0.0233804757595062,132,-3856,-392,3878.12119459926,-7.0339706748594,0,No
0.0234010035991669,132,-3856,-392,3878.12119459926,-7.0339706748594,0,No
0.023421656370163,140,-4016,-684,4076.23748081488,-2.28474197624161,0,No
0.0234421534538269,140,-4016,-684,4076.23748081488,-2.28474197624161,0,No
0.0234625654220581,192,-3892,-528,3932.34179592771,-5.73419850163608,0,No
0.023482940196991,192,-3892,-528,3932.34179592771,-5.73419850163608,0,No
0.0235035753250122,192,-3892,-528,3932.34179592771,-5.73419850163608,0,No
0.0235242295265198,564,-4492,-1120,4663.74956445991,11.7990534639529,0,No
0.0235444436073303,564,-4492,-1120,4663.74956445991,11.7990534639529,0,No
0.023564647436142,956,-4840,-1444,5140.49336153642,23.2275198773584,1,Yes
0.0235851550102234,956,-4840,-1444,5140.49336153642,23.2275198773584,1,Yes
0.0236054944992065,956,-4840,-1444,5140.49336153642,23.2275198773584,1,Yes
0.0236262540817261,696,-4540,-1432,4811.09550934088,15.3312193621774,0,No
0.0236469497680664,696,-4540,-1432,4811.09550934088,15.3312193621774,0,No
0.0236680717468262,696,-4540,-1432,4811.09550934088,15.3312193621774,0,No
0.0236890323162079,416,-4224,-780,4315.51063027308,3.45109594966654,0,No
0.0237098140716553,416,-4224,-780,4315.51063027308,3.45109594966654,0,No
0.023730628490448,196,-3932,44,3937.12788717867,-5.61946668247348,0,No
0.0237511775493622,196,-3932,44,3937.12788717867,-5.61946668247348,0,No
0.0237714748382568,196,-3932,44,3937.12788717867,-5.61946668247348,0,No
0.0237925856113434,332,-3808,92,3823.55227504477,-8.34209270637541,0,No
0.0238131268024445,332,-3808,92,3823.55227504477,-8.34209270637541,0,No
0.0238337235450745,372,-4248,144,4266.68770828145,2.28071653915859,0,No
0.0238546526432037,372,-4248,144,4266.68770828145,2.28071653915859,0,No
0.0238750371932983,372,-4248,144,4266.68770828145,2.28071653915859,0,No
0.0238953433036804,216,-3684,108,3691.90682439305,-11.4978875388969,0,No
0.023915872335434,216,-3684,108,3691.90682439305,-11.4978875388969,0,No
0.0239364430904388,112,-3704,388,3725.95008018089,-10.6818051739871,0,No
0.0239572052955627,112,-3704,388,3725.95008018089,-10.6818051739871,0,No
0.0239779193401337,112,-3704,388,3725.95008018089,-10.6818051739871,0,No
0.0239984669685364,-4,-4016,448,4040.91276817503,-3.13154332833736,0,No
0.0240190789699554,-4,-4016,448,4040.91276817503,-3.13154332833736,0,No
0.0240411286354065,-4,-4016,448,4040.91276817503,-3.13154332833736,0,No
0.0240614042282104,-4,-4016,448,4040.91276817503,-3.13154332833736,0,No
0.0240822713375092,-916,-4400,1240,4662.25868008201,11.7633140958822,0,No
0.0241027011871338,-916,-4400,1240,4662.25868008201,11.7633140958822,0,No
0.0241232869625092,-1204,-4424,848,4662.67047945703,11.7731857194992,0,No
0.0241439828872681,-1204,-4424,848,4662.67047945703,11.7731857194992,0,No
0.0241647732257843,-1204,-4424,848,4662.67047945703,11.7731857194992,0,No
0.0241851053237915,-856,-4492,508,4600.96337738087,10.2939477139489,0,No
0.0242056427001953,-856,-4492,508,4600.96337738087,10.2939477139489,0,No
0.0242267446517944,-824,-4136,-36,4217.43618801755,1.10006280313357,0,No
0.0242476289272308,-824,-4136,-36,4217.43618801755,1.10006280313357,0,No
0.0242681477069855,-824,-4136,-36,4217.43618801755,1.10006280313357,0,No
0.0242890191078186,-468,-3840,236,3875.60575910399,-7.09427050518567,0,No
0.0243097925186157,-468,-3840,236,3875.60575910399,-7.09427050518567,0,No
0.0243304347991943,-468,-3840,236,3875.60575910399,-7.09427050518567,0,No
0.0243520028591156,-272,-4088,-104,4098.35869586838,-1.75445387430293,0,No
0.0243725981712341,-272,-4088,-104,4098.35869586838,-1.75445387430293,0,No
0.0243929793834686,-28,-3976,-628,4025.38743476948,-3.50371545196085,0,No
0.0244138185977936,-28,-3976,-628,4025.38743476948,-3.50371545196085,0,No
0.0244354076385498,-28,-3976,-628,4025.38743476948,-3.50371545196085,0,No
0.024456396818161,-8,-3980,208,3985.43949897624,-4.46134436144535,0,No
0.0244769933223724,-8,-3980,208,3985.43949897624,-4.46134436144535,0,No
0.0244975483417511,204,-3972,-536,4013.19025215601,-3.79610539534558,0,No
0.0245180308818817,204,-3972,-536,4013.19025215601,-3.79610539534558,0,No
0.0245385091304779,204,-3972,-536,4013.19025215601,-3.79610539534558,0,No
0.0245592687129974,312,-3992,4,4004.17582031559,-4.01219867680186,0,No
0.0245798995494843,312,-3992,4,4004.17582031559,-4.01219867680186,0,No
0.0246004877090454,704,-4248,-620,4350.34711258768,4.28619348116038,0,No
0.0246210293769836,704,-4248,-620,4350.34711258768,4.28619348116038,0,No
0.024641604423523,704,-4248,-620,4350.34711258768,4.28619348116038,0,No
0.0246621413230896,824,-4064,-492,4175.77968767511,0.101476312899205,0,No
0.0246824133396149,824,-4064,-492,4175.77968767511,0.101476312899205,0,No
0.024703141450882,1236,-4112,-184,4297.68495820715,3.02378028084996,0,No
0.0247236216068268,1236,-4112,-184,4297.68495820715,3.02378028084996,0,No
0.0247440693378448,1236,-4112,-184,4297.68495820715,3.02378028084996,0,No
0.024764422416687,1616,-4832,-756,5150.84614408157,23.4756960011551,1,Yes
0.0247855935096741,1616,-4832,-756,5150.84614408157,23.4756960011551,1,Yes
0.0248063676357269,1616,-4832,-756,5150.84614408157,23.4756960011551,1,Yes
0.024827121257782,1436,-4248,-324,4495.8398547991,7.77393454450262,0,No
0.0248474402427673,1436,-4248,-324,4495.8398547991,7.77393454450262,0,No
0.024869163274765,972,-4236,-220,4351.65255966053,4.31748756011417,0,No
0.0248908553123474,972,-4236,-220,4351.65255966053,4.31748756011417,0,No
0.0249112176895142,972,-4236,-220,4351.65255966053,4.31748756011417,0,No
0.0249314770698547,856,-3648,308,3759.7212662643,-9.87224484355008,0,No
0.0249518058300018,856,-3648,308,3759.7212662643,-9.87224484355008,0,No
0.0249723868370056,408,-4192,96,4212.90208763508,0.991371690100022,0,No
0.0249930257797241,408,-4192,96,4212.90208763508,0.991371690100022,0,No
0.0250135149955749,408,-4192,96,4212.90208763508,0.991371690100022,0,No
0.0250339894294739,212,-3696,-144,3704.87462675864,-11.187024356828,0,No
0.0250546214580536,212,-3696,-144,3704.87462675864,-11.187024356828,0,No
0.0250752358436584,-20,-3892,-56,3892.45423865201,-6.6903800218437,0,No
0.0250960073471069,-20,-3892,-56,3892.45423865201,-6.6903800218437,0,No
0.0251168186664581,-20,-3892,-56,3892.45423865201,-6.6903800218437,0,No
0.0251374316215515,-392,-4112,-60,4131.07830959424,-0.970101757256846,0,No
0.0251583080291748,-392,-4112,-60,4131.07830959424,-0.970101757256846,0,No
0.0251785967350006,-492,-3596,276,3639.98021972648,-12.7426681968379,0,No
0.0251992671489716,-492,-3596,276,3639.98021972648,-12.7426681968379,0,No
0.0252199394702911,-492,-3596,276,3639.98021972648,-12.7426681968379,0,No
0.0252406573295593,-504,-4112,296,4153.33311931514,-0.436611134008783,0,No
0.025261173248291,-504,-4112,296,4153.33311931514,-0.436611134008783,0,No
0.0252816154956818,-504,-4112,296,4153.33311931514,-0.436611134008783,0,No
0.0253024046421051,-388,-4016,64,4035.20705788439,-3.26832018588869,0,No
0.0253228890895844,-388,-4016,64,4035.20705788439,-3.26832018588869,0,No
0.0253433547019958,-472,-4296,-216,4327.24577531714,3.73240996322015,0,No
0.0253639321327209,-472,-4296,-216,4327.24577531714,3.73240996322015,0,No
0.0253848764896393,-472,-4296,-216,4327.24577531714,3.73240996322015,0,No
0.025405104637146,-604,-4448,-160,4491.67229436877,7.67403009960799,0,No
0.025425409078598,-604,-4448,-160,4491.67229436877,7.67403009960799,0,No
0.0254457828998566,-960,-4176,-80,4285.67100930531,2.73578280220628,0,No
0.0254660160541534,-960,-4176,-80,4285.67100930531,2.73578280220628,0,No
0.0254864447116852,-960,-4176,-80,4285.67100930531,2.73578280220628,0,No
0.0255071427822113,-820,-4044,-220,4132.15875784075,-0.944201333229575,0,No
0.025527515411377,-820,-4044,-220,4132.15875784075,-0.944201333229575,0,No
0.0255483422279358,-820,-4044,-220,4132.15875784075,-0.944201333229575,0,No
0.0255685732364655,-760,-4460,-352,4537.96253840862,8.7836963449202,0,No
0.0255891268253326,-760,-4460,-352,4537.96253840862,8.7836963449202,0,No
0.0256094906330109,-568,-4000,-84,4040.99987626825,-3.12945517968442,0,No
0.0256302108764648,-568,-4000,-84,4040.99987626825,-3.12945517968442,0,No
0.025650327205658,-568,-4000,-84,4040.99987626825,-3.12945517968442,0,No
0.0256709675788879,-504,-4328,-184,4361.1301287625,4.54468313313856,0,No
0.0256915812492371,-504,-4328,-184,4361.1301287625,4.54468313313856,0,No
0.0257120487689972,-328,-3904,-56,3918.15466769754,-6.07429127153787,0,No
0.0257326898574829,-328,-3904,-56,3918.15466769754,-6.07429127153787,0,No
0.0257530329227448,-328,-3904,-56,3918.15466769754,-6.07429127153787,0,No
0.0257731914520264,16,-4328,-48,4328.29573850956,3.75757960182581,0,No
0.0257936427593231,16,-4328,-48,4328.29573850956,3.75757960182581,0,No
0.0258147752285004,60,-4060,-460,4086.41652306761,-2.0407307416552,0,No
0.0258349368572235,60,-4060,-460,4086.41652306761,-2.0407307416552,0,No
0.0258564920425415,60,-4060,-460,4086.41652306761,-2.0407307416552,0,No
0.0258771557807922,224,-3820,-288,3837.38452594993,-8.01050702899292,0,No
0.0258977181911469,224,-3820,-288,3837.38452594993,-8.01050702899292,0,No
0.0259221465587616,224,-3820,-288,3837.38452594993,-8.01050702899292,0,No
0.0259423940181732,312,-4300,-396,4329.45262129059,3.78531230876066,0,No
0.0259632186889648,312,-4300,-396,4329.45262129059,3.78531230876066,0,No
0.0259836537837982,368,-3684,-228,3709.3481907203,-11.0797844183168,0,No
0.0260042054653168,368,-3684,-228,3709.3481907203,-11.0797844183168,0,No
0.0260250074863434,536,-3896,-692,3993.11607644957,-4.27732202416103,0,No
0.0260455827713013,536,-3896,-692,3993.11607644957,-4.27732202416103,0,No
0.0260660891532898,536,-3896,-692,3993.11607644957,-4.27732202416103,0,No
0.0260864946842194,536,-3896,-692,3993.11607644957,-4.27732202416103,0,No
0.0261072745323181,1092,-4468,-324,4610.90706911341,10.5323171435827,0,No
0.0261277384757996,1092,-4468,-324,4610.90706911341,10.5323171435827,0,No
0.0261483538150787,1092,-4468,-324,4610.90706911341,10.5323171435827,0,No
0.0261691634654999,1332,-4808,-356,5001.78208241823,19.9023435367664,0,No
0.0261896939277649,1332,-4808,-356,5001.78208241823,19.9023435367664,0,No
0.0262100594043732,1072,-4236,-180,4373.24593408603,4.83512230625513,0,No
0.0262306666374207,1072,-4236,-180,4373.24593408603,4.83512230625513,0,No
0.0262511613368988,1072,-4236,-180,4373.24593408603,4.83512230625513,0,No
0.0262719764709473,916,-3756,72,3866.75264272231,-7.30649674460896,0,No
0.0262926774024963,916,-3756,72,3866.75264272231,-7.30649674460896,0,No
0.026312933921814,916,-3756,72,3866.75264272231,-7.30649674460896,0,No
0.0263333644866943,588,-4204,-68,4245.46628770033,1.77199824257386,0,No
0.0263537578582764,588,-4204,-68,4245.46628770033,1.77199824257386,0,No
0.0263744902610779,456,-3776,-36,3803.60460615979,-8.8202767231903,0,No
0.0263953132629395,456,-3776,-36,3803.60460615979,-8.8202767231903,0,No
0.0264158244132996,456,-3776,-36,3803.60460615979,-8.8202767231903,0,No
0.0264360811710358,368,-3696,176,3718.44268478082,-10.8617718913476,0,No
0.0264564020633698,368,-3696,176,3718.44268478082,-10.8617718913476,0,No
0.0264769604206085,-132,-4368,-368,4385.46143524259,5.12795138037575,0,No
0.026497300863266,-132,-4368,-368,4385.46143524259,5.12795138037575,0,No
0.0265179152488709,-132,-4368,-368,4385.46143524259,5.12795138037575,0,No
0.026538498878479,-252,-4236,-92,4244.48630578542,1.74850618988457,0,No
0.0265594153404236,-252,-4236,-92,4244.48630578542,1.74850618988457,0,No
0.0265797312259674,-184,-3940,-340,3958.92106513883,-5.0970422610413,0,No
0.0266000826358795,-184,-3940,-340,3958.92106513883,-5.0970422610413,0,No
0.0266206004619598,-184,-3940,-340,3958.92106513883,-5.0970422610413,0,No
0.026641236782074,-184,-3796,-464,3828.6770561122,-8.21924184042935,0,No
0.0266620905399323,-184,-3796,-464,3828.6770561122,-8.21924184042935,0,No
0.0266826841831207,-184,-3796,-464,3828.6770561122,-8.21924184042935,0,No
0.0267029504776001,-456,-4204,224,4234.58711092357,1.51120343588494,0,No
0.0267232513427734,-456,-4204,224,4234.58711092357,1.51120343588494,0,No
0.026743688583374,-756,-4484,100,4548.38344909485,9.0335056313861,0,No
0.0267640316486359,-756,-4484,100,4548.38344909485,9.0335056313861,0,No
0.0267848358154297,-756,-4484,100,4548.38344909485,9.0335056313861,0,No
0.0268055369853973,-972,-4428,56,4533.77370410125,8.68328192424684,0,No
0.0268259363174438,-972,-4428,56,4533.77370410125,8.68328192424684,0,No
0.0268465497493744,-1220,-4364,-172,4534.58708153234,8.7027801467924,0,No
0.0268671567440033,-1220,-4364,-172,4534.58708153234,8.7027801467924,0,No
0.0268879895210266,-1220,-4364,-172,4534.58708153234,8.7027801467924,0,No
0.0269084823131561,-1008,-3816,-144,3949.51338774791,-5.32256239522993,0,No
0.0269290478229523,-1008,-3816,-144,3949.51338774791,-5.32256239522993,0,No
0.0269497148990631,-1008,-3816,-144,3949.51338774791,-5.32256239522993,0,No
0.0269700307846069,-820,-4256,-412,4353.81212272647,4.36925644335538,0,No
0.0269907531738281,-820,-4256,-412,4353.81212272647,4.36925644335538,0,No
0.0270110423564911,-548,-3868,96,3907.80552228485,-6.32238020626883,0,No
0.0270314931869507,-548,-3868,96,3907.80552228485,-6.32238020626883,0,No
0.0270519850254059,-548,-3868,96,3907.80552228485,-6.32238020626883,0,No
0.027072761297226,-404,-4092,56,4112.27625531165,-1.42082318706735,0,No
0.0270931077003479,-404,-4092,56,4112.27625531165,-1.42082318706735,0,No
0.027113566160202,88,-4300,-204,4305.73570949263,3.21677228459073,0,No
0.0271342475414276,88,-4300,-204,4305.73570949263,3.21677228459073,0,No
0.0271546897888184,88,-4300,-204,4305.73570949263,3.21677228459073,0,No
0.0271749827861786,28,-4148,-484,4176.23562553647,0.11240602098806,0,No
0.0271952645778656,28,-4148,-484,4176.23562553647,0.11240602098806,0,No
0.0272159862518311,-44,-3780,-320,3793.77595543016,-9.05588839856303,0,No
0.0272366271018982,-44,-3780,-320,3793.77595543016,-9.05588839856303,0,No
0.0272572121620178,-44,-3780,-320,3793.77595543016,-9.05588839856303,0,No
0.0272778050899506,356,-3788,-224,3811.28009991394,-8.63628036474064,0,No
0.0272983059883118,356,-3788,-224,3811.28009991394,-8.63628036474064,0,No
0.0273187234401703,356,-3788,-224,3811.28009991394,-8.63628036474064,0,No
0.0273392915725708,476,-4004,116,4033.86266498997,-3.30054787114543,0,No
0.0273601605892181,476,-4004,116,4033.86266498997,-3.30054787114543,0,No
0.027380669593811,1200,-4052,-228,4232.10207816399,1.45163241765012,0,No
0.0274014148712158,1200,-4052,-228,4232.10207816399,1.45163241765012,0,No
0.0274221539497376,1200,-4052,-228,4232.10207816399,1.45163241765012,0,No
0.0274429898262024,1248,-4256,-540,4467.95702754626,7.10552950866582,0,No
0.0274634871482849,1248,-4256,-540,4467.95702754626,7.10552950866582,0,No
0.0274839890003204,1324,-4132,-336,4351.93014649822,4.32414185089012,0,No
0.027504444360733,1324,-4132,-336,4351.93014649822,4.32414185089012,0,No
0.0275252141952515,1324,-4132,-336,4351.93014649822,4.32414185089012,0,No
0.0275460393428802,884,-4368,-440,4478.22286180579,7.35162131470511,0,No
0.0275669417381287,884,-4368,-440,4478.22286180579,7.35162131470511,0,No
0.0275873143672943,808,-4020,-180,4104.34696389085,-1.61090356407583,0,No
0.0276079666614532,808,-4020,-180,4104.34696389085,-1.61090356407583,0,No
0.0276286735534668,808,-4020,-180,4104.34696389085,-1.61090356407583,0,No
0.0276496391296387,456,-4104,-60,4129.6915139027,-1.00334591917394,0,No
0.0276700162887573,456,-4104,-60,4129.6915139027,-1.00334591917394,0,No
0.0276902770996094,456,-4104,-60,4129.6915139027,-1.00334591917394,0,No
0.0277106385231018,452,-3888,-364,3931.07415345984,-5.76458633144559,0,No
0.0277314178943634,452,-3888,-364,3931.07415345984,-5.76458633144559,0,No
0.0277529807090759,144,-3592,-320,3609.09961070625,-13.4829358315241,0,No
0.0277739951610565,144,-3592,-320,3609.09961070625,-13.4829358315241,0,No
0.0277947103977203,144,-3592,-320,3609.09961070625,-13.4829358315241,0,No
0.0278155539035797,-356,-3188,-168,3212.2116991257,-22.9971029695122,1,Yes
0.0278361041545868,-356,-3188,-168,3212.2116991257,-22.9971029695122,1,Yes
0.0278570704460144,-696,-3784,-108,3848.99155623911,-7.73226417269837,0,No
0.0278775730133057,-696,-3784,-108,3848.99155623911,-7.73226417269837,0,No
0.0278979661464691,-696,-3784,-108,3848.99155623911,-7.73226417269837,0,No
0.0279182112216949,-736,-5428,-72,5478.14421131828,31.3216606293786,1,Yes
0.0279390490055084,-736,-5428,-72,5478.14421131828,31.3216606293786,1,Yes
0.0279598138332367,-624,-5864,-228,5901.51302633486,41.470625991006,1,Yes
0.0279807999134064,-624,-5864,-228,5901.51302633486,41.470625991006,1,Yes
0.0280033111572266,-624,-5864,-228,5901.51302633486,41.470625991006,1,Yes
0.0280255930423737,-484,-5708,-632,5763.24075499193,38.1559735117536,1,Yes
0.0280464909076691,-484,-5708,-632,5763.24075499193,38.1559735117536,1,Yes
0.0280676050186157,-620,-5480,-212,5519.03469820584,32.3018843027392,1,Yes
0.028088791847229,-620,-5480,-212,5519.03469820584,32.3018843027392,1,Yes
0.02810928606987,-620,-5480,-212,5519.03469820584,32.3018843027392,1,Yes
0.028130021572113,-620,-5480,-212,5519.03469820584,32.3018843027392,1,Yes
0.0281514303684235,-304,-3844,-128,3858.12596994966,-7.51329469488393,0,No
0.0281721737384796,-304,-3844,-128,3858.12596994966,-7.51329469488393,0,No
0.028192524433136,-280,-4336,-68,4345.5632546311,4.17151519836229,0,No
0.0282135057449341,-280,-4336,-68,4345.5632546311,4.17151519836229,0,No
0.0282341482639313,-280,-4336,-68,4345.5632546311,4.17151519836229,0,No
0.0282550299167633,-28,-3724,-208,3729.90938227727,-10.586893082196,0,No
0.0282754294872284,-28,-3724,-208,3729.90938227727,-10.586893082196,0,No
0.0282959728240967,-28,-3724,-208,3729.90938227727,-10.586893082196,0,No
0.0283168122768402,-280,-3072,-488,3123.09589990445,-25.1333801996496,1,Yes
0.0283371739387512,-280,-3072,-488,3123.09589990445,-25.1333801996496,1,Yes
0.0283578157424927,-296,-3128,428,3170.99101228622,-23.9852421712622,1,Yes
0.0283825645446777,-296,-3128,428,3170.99101228622,-23.9852421712622,1,Yes
0.0284030311107635,-296,-3128,428,3170.99101228622,-23.9852421712622,1,Yes
0.0284235043525696,-336,-3172,332,3206.97739312269,-23.1225793589685,1,Yes
0.0284441499710083,-336,-3172,332,3206.97739312269,-23.1225793589685,1,Yes
0.0284646692276001,-476,-2248,-32,2298.06527322441,-44.910952272665,1,Yes
0.0284852607250214,-476,-2248,-32,2298.06527322441,-44.910952272665,1,Yes
0.0285057508945465,-476,-2248,-32,2298.06527322441,-44.910952272665,1,Yes
0.0285263538360596,-432,-2484,484,2567.32078245006,-38.4563794755367,1,Yes
0.0285469584465027,-432,-2484,484,2567.32078245006,-38.4563794755367,1,Yes
0.0285673787593842,-448,-3088,128,3122.95244920572,-25.1368189890004,1,Yes
0.0285877904891968,-448,-3088,128,3122.95244920572,-25.1368189890004,1,Yes
0.0286083333492279,-448,-3088,128,3122.95244920572,-25.1368189890004,1,Yes
0.0286292173862457,-388,-3508,144,3532.32841055302,-15.3232892621263,0,No
0.0286497576236725,-388,-3508,144,3532.32841055302,-15.3232892621263,0,No
0.0286704232692719,-140,-3940,420,3964.79507667168,-4.95623089878183,0,No
0.0286908869743347,-140,-3940,420,3964.79507667168,-4.95623089878183,0,No
0.0287112610340118,-140,-3940,420,3964.79507667168,-4.95623089878183,0,No
0.0287319293022156,-180,-3936,-112,3941.70521475161,-5.50973933048441,0,No
0.0287529118061066,-180,-3936,-112,3941.70521475161,-5.50973933048441,0,No
0.0287737774848938,-180,-3936,-112,3941.70521475161,-5.50973933048441,0,No
0.028793963432312,-20,-4444,76,4444.6948151701,6.54788950480495,0,No
0.0288145203590393,-20,-4444,76,4444.6948151701,6.54788950480495,0,No
0.0288353955745697,-28,-4496,-116,4497.58335108978,7.81572950632938,0,No
0.0288559873104095,-28,-4496,-116,4497.58335108978,7.81572950632938,0,No
0.0288764045238495,-28,-4496,-116,4497.58335108978,7.81572950632938,0,No
0.0288968460559845,-100,-4300,-192,4305.44585379958,3.2098238857378,0,No
0.0289174075126648,-100,-4300,-192,4305.44585379958,3.2098238857378,0,No
0.0289381890296936,116,-4136,-44,4137.86031663709,-0.807523994987064,0,No
0.0289583833217621,116,-4136,-44,4137.86031663709,-0.807523994987064,0,No
0.0289791405200958,116,-4136,-44,4137.86031663709,-0.807523994987064,0,No
0.0289994947910309,120,-4776,176,4780.74805862012,14.6037325581087,0,No
0.0290200788974762,120,-4776,176,4780.74805862012,14.6037325581087,0,No
0.0290404193401337,384,-5000,-428,5032.95539419932,20.6496278200009,1,Yes
0.0290611336231232,384,-5000,-428,5032.95539419932,20.6496278200009,1,Yes
0.0290817999839783,384,-5000,-428,5032.95539419932,20.6496278200009,1,Yes
0.0291027841567993,372,-5212,-756,5279.66514089672,26.5637352950869,1,Yes
0.0291230897903442,372,-5212,-756,5279.66514089672,26.5637352950869,1,Yes
0.0291435961723328,372,-5212,-756,5279.66514089672,26.5637352950869,1,Yes
0.0291643490791321,284,-5596,-76,5603.71733762509,34.3318901598393,1,Yes
0.0291853470802307,284,-5596,-76,5603.71733762509,34.3318901598393,1,Yes
0.0292058458328247,200,-5608,32,5611.65643994712,34.5222057230335,1,Yes
0.0292264139652252,200,-5608,32,5611.65643994712,34.5222057230335,1,Yes
0.0292468633651733,200,-5608,32,5611.65643994712,34.5222057230335,1,Yes
0.0292673823833466,88,-4744,384,4760.32940036716,14.1142580196215,0,No
0.0292880296707153,88,-4744,384,4760.32940036716,14.1142580196215,0,No
0.0293086998462677,100,-4952,244,4959.01603143204,18.8771589820293,0,No
0.0293295209407806,100,-4952,244,4959.01603143204,18.8771589820293,0,No
0.0293500978946686,100,-4952,244,4959.01603143204,18.8771589820293,0,No
0.0293706018924713,-116,-4064,-76,4066.36545332561,-2.52139347603064,0,No
0.0293912456035614,-116,-4064,-76,4066.36545332561,-2.52139347603064,0,No
0.0294116246700287,-104,-3900,-608,3948.47818785922,-5.34737812903011,0,No
0.029432140827179,-104,-3900,-608,3948.47818785922,-5.34737812903011,0,No
0.0294528665542603,-104,-3900,-608,3948.47818785922,-5.34737812903011,0,No
0.0294740676879883,-144,-3756,-356,3775.58048517046,-9.49206884184146,0,No
0.0294944794178009,-144,-3756,-356,3775.58048517046,-9.49206884184146,0,No
0.0295149478912354,-144,-3756,-356,3775.58048517046,-9.49206884184146,0,No
0.0295351159572601,-280,-3768,-300,3790.28020072395,-9.13968836721361,0,No
0.0295561103820801,-280,-3768,-300,3790.28020072395,-9.13968836721361,0,No
0.0295767607688904,-568,-3244,256,3303.28563705896,-20.8138853855825,1,Yes
0.0295973072052002,-568,-3244,256,3303.28563705896,-20.8138853855825,1,Yes
0.0296186861991882,-568,-3244,256,3303.28563705896,-20.8138853855825,1,Yes
0.0296394362449646,-504,-3068,-48,3109.49256310415,-25.4594783653433,1,Yes
0.0296601865291595,-504,-3068,-48,3109.49256310415,-25.4594783653433,1,Yes
0.0296808986663818,-612,-2828,336,2912.90645232558,-30.1720258135785,1,Yes
0.0297012131214142,-612,-2828,336,2912.90645232558,-30.1720258135785,1,Yes
0.0297218136787415,-612,-2828,336,2912.90645232558,-30.1720258135785,1,Yes
0.0297423794269562,-368,-2516,288,2559.02794044926,-38.6551748596801,1,Yes
0.0297626383304596,-368,-2516,288,2559.02794044926,-38.6551748596801,1,Yes
0.0297831809520721,-384,-2800,-108,2828.2715569761,-32.2008871534324,1,Yes
0.0298038370609283,-384,-2800,-108,2828.2715569761,-32.2008871534324,1,Yes
0.0298244910240173,-384,-2800,-108,2828.2715569761,-32.2008871534324,1,Yes
0.0298451132774353,-120,-3120,372,3144.3892888763,-24.6229366822203,1,Yes
0.0298658921718597,-120,-3120,372,3144.3892888763,-24.6229366822203,1,Yes
0.0298868503570557,-120,-3120,372,3144.3892888763,-24.6229366822203,1,Yes
0.0299074409008026,-312,-3636,268,3659.18898118149,-12.2821972133077,0,No
0.0299281463623047,-312,-3636,268,3659.18898118149,-12.2821972133077,0,No
0.0299486141204834,-340,-3664,80,3680.61081887232,-11.7686745328566,0,No
0.0299689087867737,-340,-3664,80,3680.61081887232,-11.7686745328566,0,No
0.0299897739887238,-340,-3664,80,3680.61081887232,-11.7686745328566,0,No
0.030010546207428,-64,-3996,140,3998.96386580324,-4.13713925800669,0,No
0.0300310714244843,-64,-3996,140,3998.96386580324,-4.13713925800669,0,No
0.0300515072345734,-100,-4156,-432,4179.58849649101,0.192780791100282,0,No
0.0300725953578949,-100,-4156,-432,4179.58849649101,0.192780791100282,0,No
0.0300931868553162,-100,-4156,-432,4179.58849649101,0.192780791100282,0,No
0.0301140513420105,-44,-4220,24,4220.29761983678,1.16865683129057,0,No
0.0301346559524536,-44,-4220,24,4220.29761983678,1.16865683129057,0,No
0.0301549980640411,-44,-4220,24,4220.29761983678,1.16865683129057,0,No
0.0301754274368286,-44,-4220,24,4220.29761983678,1.16865683129057,0,No
0.0301959588527679,212,-4680,216,4689.77611405918,12.4229599516221,0,No
0.0302164785861969,212,-4680,216,4689.77611405918,12.4229599516221,0,No
0.0302368626594543,48,-5104,80,5104.85259336643,22.3731420658873,1,Yes
0.0302580327987671,48,-5104,80,5104.85259336643,22.3731420658873,1,Yes
0.030278656244278,48,-5104,80,5104.85259336643,22.3731420658873,1,Yes
0.0302990791797638,56,-4848,-60,4848.69466970235,16.2325436038315,0,No
0.0303193960189819,56,-4848,-60,4848.69466970235,16.2325436038315,0,No
0.0303402624130249,204,-4956,-292,4968.7841571153,19.1113197555466,0,No
0.0303611862659454,204,-4956,-292,4968.7841571153,19.1113197555466,0,No
0.0303822519779205,204,-4956,-292,4968.7841571153,19.1113197555466,0,No
0.0304034345149994,120,-5496,-88,5498.01418695878,31.7979821895859,1,Yes
0.0304244124889374,120,-5496,-88,5498.01418695878,31.7979821895859,1,Yes
0.0304450685977936,196,-5552,268,5561.91909326268,33.3299057926292,1,Yes
0.030465886592865,196,-5552,268,5561.91909326268,33.3299057926292,1,Yes
0.0304865107536316,196,-5552,268,5561.91909326268,33.3299057926292,1,Yes
0.0305069351196289,216,-5152,256,5162.87671748997,23.7640920012184,1,Yes
0.0305275001525879,216,-5152,256,5162.87671748997,23.7640920012184,1,Yes
0.0305482885837555,96,-4772,596,4810.03284812069,15.3057453274058,0,No
0.0305688235759735,96,-4772,596,4810.03284812069,15.3057453274058,0,No
0.0305900540351868,96,-4772,596,4810.03284812069,15.3057453274058,0,No
0.0306108660697937,0,-4728,-180,4731.42515527827,13.421367632313,0,No
0.0306310811042786,0,-4728,-180,4731.42515527827,13.421367632313,0,No
0.030651839017868,0,-4728,-180,4731.42515527827,13.421367632313,0,No
0.03067236328125,-104,-4200,-268,4209.82659975444,0.917646326153439,0,No
0.0306931190490723,-104,-4200,-268,4209.82659975444,0.917646326153439,0,No
0.0307135992050171,-156,-4108,-468,4137.51422958278,-0.815820367798905,0,No
0.0307343845367432,-156,-4108,-468,4137.51422958278,-0.815820367798905,0,No
0.0307546103000641,-156,-4108,-468,4137.51422958278,-0.815820367798905,0,No
0.0307749545574188,-140,-3360,-492,3398.71505130983,-18.5262586512549,0,No
0.030795914888382,-140,-3360,-492,3398.71505130983,-18.5262586512549,0,No
0.0308166270256042,-528,-3768,404,3826.20229470424,-8.27856663459661,0,No
0.0308372352123261,-528,-3768,404,3826.20229470424,-8.27856663459661,0,No
0.0308576970100403,-528,-3768,404,3826.20229470424,-8.27856663459661,0,No
0.0308781900405884,-472,-2820,60,2859.85733909928,-31.4437151622088,1,Yes
0.0308987114429474,-472,-2820,60,2859.85733909928,-31.4437151622088,1,Yes
0.030919397354126,-624,-2464,-364,2567.7164952541,-38.4468934779882,1,Yes
0.0309403204917908,-624,-2464,-364,2567.7164952541,-38.4468934779882,1,Yes
0.030960883140564,-624,-2464,-364,2567.7164952541,-38.4468934779882,1,Yes
0.0309816746711731,-520,-2496,672,2636.66455962832,-36.7940756693411,1,Yes
0.0310021314620972,-520,-2496,672,2636.66455962832,-36.7940756693411,1,Yes
0.031023179769516,-256,-2772,296,2799.48852471304,-32.890871836005,1,Yes
0.0310437870025635,-256,-2772,296,2799.48852471304,-32.890871836005,1,Yes
0.0310644924640656,-256,-2772,296,2799.48852471304,-32.890871836005,1,Yes
0.0310869102478027,-180,-2976,116,2983.69435431983,-28.4751035560104,1,Yes
0.0311077873706818,-180,-2976,116,2983.69435431983,-28.4751035560104,1,Yes
0.0311282918453217,-180,-2976,116,2983.69435431983,-28.4751035560104,1,Yes
0.0311488816738129,-120,-3280,-196,3288.04136227025,-21.1793199932016,1,Yes
0.0311700801849365,-120,-3280,-196,3288.04136227025,-21.1793199932016,1,Yes
0.0311907694339752,4,-3644,-220,3650.63720465346,-12.4871997564449,0,No
0.0312110443115234,4,-3644,-220,3650.63720465346,-12.4871997564449,0,No
0.0312314207553864,4,-3644,-220,3650.63720465346,-12.4871997564449,0,No
0.0312515478134155,-740,-4380,212,4447.12761229088,6.606208334239,0,No
0.0312720201015472,-740,-4380,212,4447.12761229088,6.606208334239,0,No
0.031292692899704,-172,-4288,-496,4320.01666663452,3.55911431410044,0,No
0.031313159942627,-172,-4288,-496,4320.01666663452,3.55911431410044,0,No
0.0313338358402252,-172,-4288,-496,4320.01666663452,3.55911431410044,0,No
0.0313543472290039,52,-4488,56,4488.65057673239,7.60159371190889,0,No
0.0313750281333923,52,-4488,56,4488.65057673239,7.60159371190889,0,No
0.0313954977989197,16,-4572,124,4573.70921681735,9.64061302866144,0,No
0.0314159886837006,16,-4572,124,4573.70921681735,9.64061302866144,0,No
0.0314365017414093,16,-4572,124,4573.70921681735,9.64061302866144,0,No
0.0314572725296021,228,-4580,-380,4601.38935540126,10.3041592269852,0,No
0.0314780180454254,228,-4580,-380,4601.38935540126,10.3041592269852,0,No
0.0314987502098084,228,-4580,-380,4601.38935540126,10.3041592269852,0,No
0.0315195980072022,248,-4772,-32,4778.54705951506,14.5509703732573,0,No
0.0315402865409851,248,-4772,-32,4778.54705951506,14.5509703732573,0,No
0.0315610523223877,340,-5036,-284,5055.44775465042,21.1888129914703,1,Yes
0.0315813128948212,340,-5036,-284,5055.44775465042,21.1888129914703,1,Yes
0.0316021385192871,340,-5036,-284,5055.44775465042,21.1888129914703,1,Yes
0.0316232335567474,340,-5528,-112,5539.57832330223,32.7943545369898,1,Yes
0.0316435153484344,340,-5528,-112,5539.57832330223,32.7943545369898,1,Yes
0.0316639022827148,168,-5540,-316,5551.54753199502,33.0812795067102,1,Yes
0.0316844193935394,168,-5540,-316,5551.54753199502,33.0812795067102,1,Yes
0.0317051713466644,168,-5540,-316,5551.54753199502,33.0812795067102,1,Yes
0.0317254016399384,256,-5160,-228,5171.37505891808,23.9678136021631,1,Yes
0.0317459814548492,256,-5160,-228,5171.37505891808,23.9678136021631,1,Yes
0.0317665922641754,96,-5084,-152,5087.17760649262,21.9494386111524,1,Yes
0.0317870597839355,96,-5084,-152,5087.17760649262,21.9494386111524,1,Yes
0.0318078083992004,96,-5084,-152,5087.17760649262,21.9494386111524,1,Yes
0.0318285667896271,44,-4740,180,4743.62055818127,13.7137149126123,0,No
0.03184916472435,44,-4740,180,4743.62055818127,13.7137149126123,0,No
0.031869836807251,-200,-4476,-336,4493.04707297843,7.70698618894292,0,No
0.0318904240131378,-200,-4476,-336,4493.04707297843,7.70698618894292,0,No
0.031911276102066,-200,-4476,-336,4493.04707297843,7.70698618894292,0,No
0.0319320623874664,-288,-4144,-492,4183.03048040532,0.275291770375581,0,No
0.0319531352519989,-288,-4144,-492,4183.03048040532,0.275291770375581,0,No
0.0319735929965973,-288,-4144,-492,4183.03048040532,0.275291770375581,0,No
0.0319939289093018,-352,-3968,-228,3990.10175308851,-4.34958115684876,0,No
0.0320144934654236,-352,-3968,-228,3990.10175308851,-4.34958115684876,0,No
0.0320348417758942,-344,-3732,32,3747.95731032252,-10.1542495097751,0,No
0.0320552849769592,-344,-3732,32,3747.95731032252,-10.1542495097751,0,No
0.0320759582519531,-344,-3732,32,3747.95731032252,-10.1542495097751,0,No
0.0320967411994934,-508,-3520,120,3558.49181536223,-14.6961020916669,0,No
0.0321173520088196,-508,-3520,120,3558.49181536223,-14.6961020916669,0,No
0.0321378121376038,-576,-3044,336,3116.18484689211,-25.2990514421852,1,Yes
0.0321588401794434,-576,-3044,336,3116.18484689211,-25.2990514421852,1,Yes
0.0321794712543488,-576,-3044,336,3116.18484689211,-25.2990514421852,1,Yes
0.0322000679969788,-576,-3044,336,3116.18484689211,-25.2990514421852,1,Yes
0.0322209134101868,-340,-2992,504,3053.14264324483,-26.8102944020898,1,Yes
0.032241571187973,-340,-2992,504,3053.14264324483,-26.8102944020898,1,Yes
0.0322626917362213,-340,-2992,504,3053.14264324483,-26.8102944020898,1,Yes
0.032283433675766,-236,-2808,128,2820.80555870127,-32.379861502023,1,Yes
0.0323040547370911,-236,-2808,128,2820.80555870127,-32.379861502023,1,Yes
0.0323247077465057,-96,-2856,44,2857.95171407776,-31.4893966617658,1,Yes
0.0323455131053925,-96,-2856,44,2857.95171407776,-31.4893966617658,1,Yes
0.0323660726547241,-96,-2856,44,2857.95171407776,-31.4893966617658,1,Yes
0.0323867292404175,-256,-3044,536,3101.41387112394,-25.6531401613146,1,Yes
0.0324071588516235,-256,-3044,536,3101.41387112394,-25.6531401613146,1,Yes
0.0324276599884033,-264,-3336,-24,3346.51580005235,-19.7775751727478,0,No
0.0324482908248901,-264,-3336,-24,3346.51580005235,-19.7775751727478,0,No
0.0324690499305725,-264,-3336,-24,3346.51580005235,-19.7775751727478,0,No
0.0324894003868103,-84,-3516,-192,3522.24019623875,-15.5651231762093,0,No
0.0325101344585419,-84,-3516,-192,3522.24019623875,-15.5651231762093,0,No
0.0325305333137512,-236,-4560,-260,4573.49931671581,9.63558131922896,0,No
0.0325515384674072,-236,-4560,-260,4573.49931671581,9.63558131922896,0,No
0.0325721728801727,-236,-4560,-260,4573.49931671581,9.63558131922896,0,No
0.032592832326889,64,-4392,-288,4401.8977725522,5.52196202100525,0,No
0.0326136724948883,64,-4392,-288,4401.8977725522,5.52196202100525,0,No
0.0326347875595093,64,-4392,-288,4401.8977725522,5.52196202100525,0,No
0.0326553118228912,388,-5100,-576,5147.06906889737,23.3851522391842,1,Yes
0.032675687789917,388,-5100,-576,5147.06906889737,23.3851522391842,1,Yes
0.032696277141571,-344,-5952,-796,6014.83632362511,44.1872035424705,1,Yes
0.0327170617580414,-344,-5952,-796,6014.83632362511,44.1872035424705,1,Yes
0.0327374544143677,-344,-5952,-796,6014.83632362511,44.1872035424705,1,Yes
0.0327579698562622,-688,-5640,-460,5700.39858255543,36.6495256849752,1,Yes
0.0327784850597382,-688,-5640,-460,5700.39858255543,36.6495256849752,1,Yes
0.0327988502979279,-316,-5392,1036,5499.71053783742,31.8386469851445,1,Yes
0.0328193802833557,-316,-5392,1036,5499.71053783742,31.8386469851445,1,Yes
0.0328398661613464,-316,-5392,1036,5499.71053783742,31.8386469851445,1,Yes
0.0328601365089417,-292,-5164,1172,5303.37100342791,27.1320104470656,1,Yes
0.0328805344104767,-292,-5164,1172,5303.37100342791,27.1320104470656,1,Yes
0.0329009313583374,-4,-3688,672,3748.72565013766,-10.1358309255685,0,No
0.032921320438385,-4,-3688,672,3748.72565013766,-10.1358309255685,0,No
0.0329420230388641,-4,-3688,672,3748.72565013766,-10.1358309255685,0,No
0.0329628233909607,144,-4012,640,4065.27735831148,-2.54747720779557,0,No
0.032983163356781,144,-4012,640,4065.27735831148,-2.54747720779557,0,No
0.0330038275718689,144,-4012,640,4065.27735831148,-2.54747720779557,0,No
0.0330246112346649,608,-3248,648,3367.35385725944,-19.2780468341051,0,No
0.0330452358722687,608,-3248,648,3367.35385725944,-19.2780468341051,0,No
0.0330660727024078,976,-3516,408,3671.68843994149,-11.9825611288941,0,No
0.0330867974758148,976,-3516,408,3671.68843994149,-11.9825611288941,0,No
0.0331075985431671,976,-3516,408,3671.68843994149,-11.9825611288941,0,No
0.0331280083656311,1256,-3352,64,3580.15865570229,-14.176706226153,0,No
0.0331485826969147,1256,-3352,64,3580.15865570229,-14.176706226153,0,No
0.033169543504715,1404,-3776,-224,4034.79466639877,-3.27820600353632,0,No
0.0331901051998138,1404,-3776,-224,4034.79466639877,-3.27820600353632,0,No
0.0332105515003204,1404,-3776,-224,4034.79466639877,-3.27820600353632,0,No
0.0332310743331909,1244,-4132,-12,4315.21772335997,3.44407440719589,0,No
0.0332520022392273,1244,-4132,-12,4315.21772335997,3.44407440719589,0,No
0.0332741677761078,964,-3756,-540,3915.15414766775,-6.14621951180747,0,No
0.0332946128845215,964,-3756,-540,3915.15414766775,-6.14621951180747,0,No
0.033315455198288,964,-3756,-540,3915.15414766775,-6.14621951180747,0,No
0.0333359262943268,780,-3692,-1176,3952.49794433849,-5.25101682932327,0,No
0.0333567826747894,780,-3692,-1176,3952.49794433849,-5.25101682932327,0,No
0.0333772604465485,780,-3692,-1176,3952.49794433849,-5.25101682932327,0,No
0.0333981237411499,712,-3916,-1476,4245.06489938611,1.76237619212265,0,No
0.033418662071228,712,-3916,-1476,4245.06489938611,1.76237619212265,0,No
0.0334390165805817,420,-3840,-1204,4046.18536401881,-3.00514905770069,0,No
0.0334593436717987,420,-3840,-1204,4046.18536401881,-3.00514905770069,0,No
0.0334800803661346,420,-3840,-1204,4046.18536401881,-3.00514905770069,0,No
0.0335008254051209,76,-3976,-1000,4100.53069736101,-1.70238681803371,0,No
0.0335218436717987,76,-3976,-1000,4100.53069736101,-1.70238681803371,0,No
0.0335425035953522,228,-3832,-572,3881.15858990585,-6.96115846323021,0,No
0.0335629136562347,228,-3832,-572,3881.15858990585,-6.96115846323021,0,No
0.0335837345123291,228,-3832,-572,3881.15858990585,-6.96115846323021,0,No
0.0336043365001679,40,-4400,-504,4428.9520205123,6.17050441641342,0,No
0.033625129699707,40,-4400,-504,4428.9520205123,6.17050441641342,0,No
0.0336456828117371,-88,-4320,-292,4330.75143595196,3.81644739604596,0,No
0.0336662445068359,-88,-4320,-292,4330.75143595196,3.81644739604596,0,No
0.0336866612434387,-88,-4320,-292,4330.75143595196,3.81644739604596,0,No
0.0337075307369232,-272,-4628,-412,4654.25740585971,11.5715081525754,0,No
0.0337279305458069,-272,-4628,-412,4654.25740585971,11.5715081525754,0,No
0.0337485198974609,-424,-4404,-12,4424.37973053851,6.06089782537168,0,No
0.0337692580223084,-424,-4404,-12,4424.37973053851,6.06089782537168,0,No
0.0337897455692291,-424,-4404,-12,4424.37973053851,6.06089782537168,0,No
0.0338102850914001,-200,-4700,316,4714.85482279147,13.0241448693833,0,No
0.0338309371471405,-200,-4700,316,4714.85482279147,13.0241448693833,0,No
0.0338518795967102,-200,-4700,316,4714.85482279147,13.0241448693833,0,No
0.0338732340335846,-108,-4336,464,4362.09307557737,4.56776682169224,0,No
0.0338937640190125,-108,-4336,464,4362.09307557737,4.56776682169224,0,No
0.0339145596027374,276,-5008,40,5015.75916487225,20.237401105135,1,Yes
0.0339351079463959,276,-5008,40,5015.75916487225,20.237401105135,1,Yes
0.0339556522369385,276,-5008,40,5015.75916487225,20.237401105135,1,Yes
0.0339762744903564,-76,-4100,804,4178.77876897067,0.173370063940275,0,No
0.0339966077804565,-76,-4100,804,4178.77876897067,0.173370063940275,0,No
0.034017284154892,336,-3536,776,3635.70735896056,-12.8450968934498,0,No
0.0340376343727112,336,-3536,776,3635.70735896056,-12.8450968934498,0,No
0.0340582718849182,336,-3536,776,3635.70735896056,-12.8450968934498,0,No
0.0340787796974182,576,-4224,324,4275.38629833609,2.48923848510335,0,No
0.0340992600917816,576,-4224,324,4275.38629833609,2.48923848510335,0,No
0.0341196162700653,468,-3940,96,3968.85877803683,-4.85881615557906,0,No
0.0341404368877411,468,-3940,96,3968.85877803683,-4.85881615557906,0,No
0.0341607711315155,468,-3940,96,3968.85877803683,-4.85881615557906,0,No
0.0341811985969543,468,-4088,84,4115.55877129704,-1.34213496097914,0,No
0.0342014994621277,468,-4088,84,4115.55877129704,-1.34213496097914,0,No
0.0342227411270142,468,-4088,84,4115.55877129704,-1.34213496097914,0,No
0.0342436101436615,468,-4088,84,4115.55877129704,-1.34213496097914,0,No
0.0342639765739441,816,-3944,264,4036.17244428431,-3.24517801578575,0,No
0.0342847878932953,816,-3944,264,4036.17244428431,-3.24517801578575,0,No
0.0343054528236389,1220,-4392,16,4558.32425349492,9.27180584610317,0,No
0.0343262317180634,1220,-4392,16,4558.32425349492,9.27180584610317,0,No
0.0343468451499939,1220,-4392,16,4558.32425349492,9.27180584610317,0,No
0.0343672428131103,1208,-4164,-216,4341.06162130878,4.0636023832506,0,No
0.0343874683380127,1208,-4164,-216,4341.06162130878,4.0636023832506,0,No
0.0344077789783478,1208,-4164,-216,4341.06162130878,4.0636023832506,0,No
0.0344283163547516,1256,-4264,-320,4456.63909241033,6.83421681962151,0,No
0.0344489741325378,1256,-4264,-320,4456.63909241033,6.83421681962151,0,No
0.0344696102142334,1044,-4224,-540,4384.48537459073,5.10455332790888,0,No
0.034490311384201,1044,-4224,-540,4384.48537459073,5.10455332790888,0,No
0.0345108926296234,1044,-4224,-540,4384.48537459073,5.10455332790888,0,No
0.0345312657356262,884,-3972,-664,4123.00084889635,-1.16373403702125,0,No
0.0345534543991089,884,-3972,-664,4123.00084889635,-1.16373403702125,0,No
0.0345740814208984,736,-3896,-232,3971.6918309456,-4.79090242452729,0,No
0.0345944154262543,736,-3896,-232,3971.6918309456,-4.79090242452729,0,No
0.0346151061058044,736,-3896,-232,3971.6918309456,-4.79090242452729,0,No
0.0346358785629272,668,-3932,-812,4070.15871926391,-2.43046159052156,0,No
0.0346563475131989,668,-3932,-812,4070.15871926391,-2.43046159052156,0,No
0.0346771106719971,648,-3668,-1248,3928.31159660229,-5.83081013646473,0,No
0.0346979420185089,648,-3668,-1248,3928.31159660229,-5.83081013646473,0,No
0.0347183477878571,648,-3668,-1248,3928.31159660229,-5.83081013646473,0,No
0.03473890209198,524,-3624,-1228,3862.11548247848,-7.41765840088052,0,No
0.0347596452236176,524,-3624,-1228,3862.11548247848,-7.41765840088052,0,No
0.0347802894115448,404,-3580,-1192,3794.79643722822,-9.0314254857235,0,No
0.0348008677959442,404,-3580,-1192,3794.79643722822,-9.0314254857235,0,No
0.0348218395709991,404,-3580,-1192,3794.79643722822,-9.0314254857235,0,No
0.0348422658443451,116,-4304,-1384,4522.53557199941,8.41388226752775,0,No
0.034862911939621,116,-4304,-1384,4522.53557199941,8.41388226752775,0,No
0.0348837246894836,116,-4304,-1384,4522.53557199941,8.41388226752775,0,No
0.0349040675163269,88,-3960,-1156,4126.21860787816,-1.08659816094775,0,No
0.0349245362281799,88,-3960,-1156,4126.21860787816,-1.08659816094775,0,No
0.0349452879428864,-220,-4200,-992,4321.16465782085,3.58663387239647,0,No
0.0349658482074738,-220,-4200,-992,4321.16465782085,3.58663387239647,0,No
0.0349871602058411,-220,-4200,-992,4321.16465782085,3.58663387239647,0,No
0.0350077095031738,-220,-3644,-1288,3871.1858648223,-7.2002238781688,0,No
0.0350283191204071,-220,-3644,-1288,3871.1858648223,-7.2002238781688,0,No
0.0350488667488098,-324,-4240,-948,4356.75108308932,4.43970897992352,0,No
0.0350695607662201,-324,-4240,-948,4356.75108308932,4.43970897992352,0,No
0.0350902373790741,-324,-4240,-948,4356.75108308932,4.43970897992352,0,No
0.0351107187271118,-408,-4120,-292,4150.43708541643,-0.506034640610125,0,No
0.0351312763690948,-408,-4120,-292,4150.43708541643,-0.506034640610125,0,No
0.0351520266532898,-552,-4960,-104,4991.70511949574,19.6607793402002,0,No
0.0351724061965942,-552,-4960,-104,4991.70511949574,19.6607793402002,0,No
0.0351929326057434,-552,-4960,-104,4991.70511949574,19.6607793402002,0,No
0.0352134988307953,-476,-4656,348,4693.18825533347,12.5047555453773,0,No
0.0352340505123138,-476,-4656,348,4693.18825533347,12.5047555453773,0,No
0.0352549564838409,-392,-4384,176,4405.00805901646,5.5965215739788,0,No
0.0352755150794983,-392,-4384,176,4405.00805901646,5.5965215739788,0,No
0.0352962274551392,-392,-4384,176,4405.00805901646,5.5965215739788,0,No
0.0353169038295746,-108,-4392,104,4394.55845336025,5.34602441385265,0,No
0.035337456703186,-108,-4392,104,4394.55845336025,5.34602441385265,0,No
0.0353580977916718,-108,-4392,104,4394.55845336025,5.34602441385265,0,No
0.0353789031505585,-316,-4344,64,4355.94857637232,4.4204713493175,0,No
0.0353994369506836,-316,-4344,64,4355.94857637232,4.4204713493175,0,No
0.035420184135437,-104,-3948,612,3996.50647440987,-4.19604765949185,0,No
0.0354409050941467,-104,-3948,612,3996.50647440987,-4.19604765949185,0,No
0.0354617595672607,-104,-3948,612,3996.50647440987,-4.19604765949185,0,No
0.0354822435379028,252,-3996,120,4005.7358874494,-3.97480086491477,0,No
0.0355027928352356,252,-3996,120,4005.7358874494,-3.97480086491477,0,No
0.0355231151580811,308,-3796,212,3814.37072136414,-8.5621922200038,0,No
0.0355438618659973,308,-3796,212,3814.37072136414,-8.5621922200038,0,No
0.0355645349025726,308,-3796,212,3814.37072136414,-8.5621922200038,0,No
0.0355852627754211,604,-4248,176,4294.33300990969,2.94342762860376,0,No
0.0356059849262238,604,-4248,176,4294.33300990969,2.94342762860376,0,No
0.035626457452774,756,-4148,216,4221.85930604041,1.20609345539743,0,No
0.0356471164226532,756,-4148,216,4221.85930604041,1.20609345539743,0,No
0.0356677656173706,756,-4148,216,4221.85930604041,1.20609345539743,0,No
0.0356886298656464,928,-4496,-196,4594.95549488784,10.1499272071101,0,No
0.0357088792324066,928,-4496,-196,4594.95549488784,10.1499272071101,0,No
0.0357295157909393,928,-4496,-196,4594.95549488784,10.1499272071101,0,No
0.0357498948574066,908,-3988,-284,4099.91024291996,-1.71726030518575,0,No
0.0357707271575928,908,-3988,-284,4099.91024291996,-1.71726030518575,0,No
0.0357916431427002,808,-4076,-576,4195.04660284007,0.563341352786405,0,No
0.035812105178833,808,-4076,-576,4195.04660284007,0.563341352786405,0,No
0.035832503080368,808,-4076,-576,4195.04660284007,0.563341352786405,0,No
0.0358528904914856,1012,-3972,-648,4149.7990312785,-0.521330026370577,0,No
0.0358732750415802,1012,-3972,-648,4149.7990312785,-0.521330026370577,0,No
0.0358939180374145,876,-4088,-752,4247.89642058278,1.83025320508734,0,No
0.0359145970344543,876,-4088,-752,4247.89642058278,1.83025320508734,0,No
0.0359352357387543,876,-4088,-752,4247.89642058278,1.83025320508734,0,No
0.03595614361763,744,-3568,-708,3712.87274223074,-10.9952941348431,0,No
0.0359764206409454,744,-3568,-708,3712.87274223074,-10.9952941348431,0,No
0.0359966311454773,788,-3736,-712,3884.01647782293,-6.89264938922903,0,No
0.0360169515609741,788,-3736,-712,3884.01647782293,-6.89264938922903,0,No
0.0360375726222992,788,-3736,-712,3884.01647782293,-6.89264938922903,0,No
0.0360580158233643,592,-3660,-1424,3971.62938855075,-4.79239928891583,0,No
0.0360790145397186,592,-3660,-1424,3971.62938855075,-4.79239928891583,0,No
0.0360995066165924,592,-3660,-1424,3971.62938855075,-4.79239928891583,0,No
0.0361203708648682,500,-3276,-1524,3647.56795687209,-12.5607755332015,0,No
0.0361406815052032,500,-3276,-1524,3647.56795687209,-12.5607755332015,0,No
0.0361611158847809,236,-4188,-1224,4369.57846937207,4.74720611822538,0,No
0.0361812982559204,236,-4188,-1224,4369.57846937207,4.74720611822538,0,No
0.0362019021511078,236,-4188,-1224,4369.57846937207,4.74720611822538,0,No
0.0362226903438568,-208,-4720,-920,4813.32151429759,15.3845809854219,0,No
0.036243344783783,-208,-4720,-920,4813.32151429759,15.3845809854219,0,No
0.036264044046402,-208,-4720,-920,4813.32151429759,15.3845809854219,0,No
0.0362847173213959,-208,-4720,-920,4813.32151429759,15.3845809854219,0,No
0.036306015253067,-376,-3984,-784,4077.77978807095,-2.24776990280648,0,No
0.0363262276649475,-376,-3984,-784,4077.77978807095,-2.24776990280648,0,No
0.0363467657566071,-348,-4260,-732,4336.41879896303,3.95230499549824,0,No
0.0363673417568207,-348,-4260,-732,4336.41879896303,3.95230499549824,0,No
0.0363880045413971,-348,-4260,-732,4336.41879896303,3.95230499549824,0,No
0.0364084451198578,-696,-3960,-484,4049.72492893036,-2.92029887410563,0,No
0.0364288651943207,-696,-3960,-484,4049.72492893036,-2.92029887410563,0,No
0.0364491875171661,-616,-3792,-404,3862.89218073712,-7.39903944869561,0,No
0.0364700682163239,-616,-3792,-404,3862.89218073712,-7.39903944869561,0,No
0.0364909319877625,-616,-3792,-404,3862.89218073712,-7.39903944869561,0,No
0.0365115711688995,-900,-4348,-4,4440.1711678718,6.43944897231809,0,No
0.0365320775508881,-900,-4348,-4,4440.1711678718,6.43944897231809,0,No
0.0365524351596832,-460,-4596,172,4622.16399535975,10.8021673321187,0,No
0.0365730495452881,-460,-4596,172,4622.16399535975,10.8021673321187,0,No
0.0365937073230743,-460,-4596,172,4622.16399535975,10.8021673321187,0,No
0.0366144726276398,-492,-4308,300,4346.36951949555,4.19084291899602,0,No
0.0366347010135651,-492,-4308,300,4346.36951949555,4.19084291899602,0,No
0.0366554439067841,-492,-4308,300,4346.36951949555,4.19084291899602,0,No
0.0366757385730743,-256,-4432,672,4489.96035617242,7.63299164604294,0,No
0.0366962082386017,-256,-4432,672,4489.96035617242,7.63299164604294,0,No
0.036716917514801,-292,-4172,160,4185.26558297081,0.328871480812958,0,No
0.0367377035617828,-292,-4172,160,4185.26558297081,0.328871480812958,0,No
0.036757997751236,-292,-4172,160,4185.26558297081,0.328871480812958,0,No
0.0367785251140594,-80,-4032,240,4039.92871224233,-3.15513304307454,0,No
0.036799325466156,-80,-4032,240,4039.92871224233,-3.15513304307454,0,No
0.0368196063041687,76,-4556,296,4566.23783874647,9.46150971600465,0,No
0.0368400590419769,76,-4556,296,4566.23783874647,9.46150971600465,0,No
0.036860844373703,76,-4556,296,4566.23783874647,9.46150971600465,0,No
0.036881147146225,384,-4236,332,4266.30706817969,2.27159186329452,0,No
0.0369017169475555,384,-4236,332,4266.30706817969,2.27159186329452,0,No
0.03692209649086,276,-4260,-104,4270.19812186742,2.36486790937127,0,No
0.0369422788619995,276,-4260,-104,4270.19812186742,2.36486790937127,0,No
0.0369626138210297,276,-4260,-104,4270.19812186742,2.36486790937127,0,No
0.0369830975532532,592,-3984,-48,4028.02979134961,-3.44037307894314,0,No
0.0370040347576141,592,-3984,-48,4028.02979134961,-3.44037307894314,0,No
0.037024555683136,592,-3984,-48,4028.02979134961,-3.44037307894314,0,No
0.0370451130867004,496,-4176,-144,4207.81748653622,0.869484015335945,0,No
0.0370655024051666,496,-4176,-144,4207.81748653622,0.869484015335945,0,No
0.0370860576629639,532,-3904,-228,3946.67252251818,-5.39066340265181,0,No
0.0371070551872253,532,-3904,-228,3946.67252251818,-5.39066340265181,0,No
0.0371276626586914,532,-3904,-228,3946.67252251818,-5.39066340265181,0,No
0.0371479244232178,488,-4044,-132,4075.47592312849,-2.30299797976828,0,No
0.037168389081955,488,-4044,-132,4075.47592312849,-2.30299797976828,0,No
0.037188924074173,456,-3920,-468,3974.0860584542,-4.73350818293287,0,No
0.0372093029022217,456,-3920,-468,3974.0860584542,-4.73350818293287,0,No
0.0372301018238068,456,-3920,-468,3974.0860584542,-4.73350818293287,0,No
0.0372509558200836,568,-4020,-476,4087.7377606691,-2.00905813333753,0,No
0.0372713656425476,568,-4020,-476,4087.7377606691,-2.00905813333753,0,No
0.0372918598651886,356,-4112,-796,4203.43859239076,0.764513494531786,0,No
0.0373122437000275,356,-4112,-796,4203.43859239076,0.764513494531786,0,No
0.0373326163291931,356,-4112,-796,4203.43859239076,0.764513494531786,0,No
0.037352867603302,96,-3764,-688,3827.56528357127,-8.24589316808445,0,No
0.0373733823299408,96,-3764,-688,3827.56528357127,-8.24589316808445,0,No
0.0373941390514374,96,-3764,-688,3827.56528357127,-8.24589316808445,0,No
0.0374144506454468,348,-3720,-968,3859.60205202557,-7.47791016648223,0,No
0.0374347324371338,348,-3720,-968,3859.60205202557,-7.47791016648223,0,No
0.0374554443359375,248,-4084,-1380,4317.98100968497,3.51031569895365,0,No
0.037476053237915,248,-4084,-1380,4317.98100968497,3.51031569895365,0,No
0.0374969897270203,248,-4084,-1380,4317.98100968497,3.51031569895365,0,No
0.0375174007415771,324,-3764,-1316,4000.56595996117,-4.09873397746139,0,No
0.037537748336792,324,-3764,-1316,4000.56595996117,-4.09873397746139,0,No
0.0375582435131073,-72,-3840,-816,3926.40293398423,-5.87656445305719,0,No
0.0375789535045624,-72,-3840,-816,3926.40293398423,-5.87656445305719,0,No
0.0375991938114166,-72,-3840,-816,3926.40293398423,-5.87656445305719,0,No
0.0376195402145386,-296,-3884,-344,3910.42299502241,-6.25963434685221,0,No
0.0376399595737457,-296,-3884,-344,3910.42299502241,-6.25963434685221,0,No
0.0376604034900665,-296,-3884,-344,3910.42299502241,-6.25963434685221,0,No
0.0376811454296112,-316,-3724,-568,3780.29840092022,-9.37897132066111,0,No
0.0377019217014313,-316,-3724,-568,3780.29840092022,-9.37897132066111,0,No
0.0377237105369568,-24,-4160,-576,4199.75618339922,0.676239063404913,0,No
0.0377445194721222,-24,-4160,-576,4199.75618339922,0.676239063404913,0,No
0.0377653012275696,-24,-4160,-576,4199.75618339922,0.676239063404913,0,No
0.0377873170375824,268,-4720,-488,4752.72216734789,13.9318980023693,0,No
0.0378080861568451,268,-4720,-488,4752.72216734789,13.9318980023693,0,No
0.0378286120891571,324,-4720,-640,4774.19899040666,14.4467387879212,0,No
0.0378494200706482,324,-4720,-640,4774.19899040666,14.4467387879212,0,No
0.0378699827194214,324,-4720,-640,4774.19899040666,14.4467387879212,0,No
0.037890926361084,-160,-4244,-532,4280.20560253827,2.60476648263224,0,No
0.0379115862846374,-160,-4244,-532,4280.20560253827,2.60476648263224,0,No
0.0379321010112762,-344,-3664,-788,3763.53238328037,-9.78088503334842,0,No
0.037952606678009,-344,-3664,-788,3763.53238328037,-9.78088503334842,0,No
0.0379729735851288,-344,-3664,-788,3763.53238328037,-9.78088503334842,0,No
0.0379932835102081,-632,-4516,-428,4580.05065474171,9.79262950118961,0,No
0.0380138373374939,-632,-4516,-428,4580.05065474171,9.79262950118961,0,No
0.0380340995788574,-1068,-4288,-644,4465.68068719652,7.05096124916884,0,No
0.038054692029953,-1068,-4288,-644,4465.68068719652,7.05096124916884,0,No
0.0380750613212585,-1068,-4288,-644,4465.68068719652,7.05096124916884,0,No
0.038096019744873,-1168,-3612,-624,3847.09552779756,-7.7777156237629,0,No
0.0381167035102844,-1168,-3612,-624,3847.09552779756,-7.7777156237629,0,No
0.0381374053955078,-1168,-3612,-624,3847.09552779756,-7.7777156237629,0,No
0.038158257484436,-1124,-4788,-644,4960.14677202197,18.9042650103269,0,No
0.0381787793636322,-1124,-4788,-644,4960.14677202197,18.9042650103269,0,No
0.0381992535591126,-836,-5576,-192,5641.58984684282,35.2397670996976,1,Yes
0.0382200236320496,-836,-5576,-192,5641.58984684282,35.2397670996976,1,Yes
0.0382405009269714,-836,-5576,-192,5641.58984684282,35.2397670996976,1,Yes
0.0382614016532898,-984,-5336,-160,5428.3286562256,30.1274858928995,1,Yes
0.0382816579341888,-984,-5336,-160,5428.3286562256,30.1274858928995,1,Yes
0.0383024098873138,-984,-5336,-160,5428.3286562256,30.1274858928995,1,Yes
0.0383228018283844,-984,-5336,-160,5428.3286562256,30.1274858928995,1,Yes
0.0383432710170746,-320,-5052,-1320,5231.39598959972,25.4066308339818,1,Yes
0.0383638091087341,-320,-5052,-1320,5231.39598959972,25.4066308339818,1,Yes
0.0383848075866699,-520,-3652,-1580,4012.96698217167,-3.80145760660197,0,No
0.0384060862064362,-520,-3652,-1580,4012.96698217167,-3.80145760660197,0,No
0.0384268124103546,-520,-3652,-1580,4012.96698217167,-3.80145760660197,0,No
0.0384474086761475,-756,-4136,-1496,4462.73996553687,6.98046649092631,0,No
0.0384679319858551,-756,-4136,-1496,4462.73996553687,6.98046649092631,0,No
0.0384886555671692,-1384,-3896,-1064,4269.2350602889,2.34178146971215,0,No
0.0385181670188904,-1384,-3896,-1064,4269.2350602889,2.34178146971215,0,No
0.0385414168834686,-1404,-3576,-488,3872.61358774665,-7.16599861170779,0,No
0.0385631413459778,-1404,-3576,-488,3872.61358774665,-7.16599861170779,0,No
0.0385835647583008,-1404,-3576,-488,3872.61358774665,-7.16599861170779,0,No
0.0386043379306793,-1380,-3288,-368,3584.79678643016,-14.0655213055111,0,No
0.0386253974437714,-1380,-3288,-368,3584.79678643016,-14.0655213055111,0,No
0.0386459474563599,-1208,-1780,204,2160.85168394316,-48.2002261052345,1,Yes
0.0386665153503418,-1208,-1780,204,2160.85168394316,-48.2002261052345,1,Yes
0.0386869297027588,-1208,-1780,204,2160.85168394316,-48.2002261052345,1,Yes
0.0387081277370453,-1016,-2756,144,2940.83797581574,-29.5024534352068,1,Yes
0.038728355884552,-1016,-2756,144,2940.83797581574,-29.5024534352068,1,Yes
0.0387490315437317,-840,-2508,-116,2647.47426805248,-36.5349461527711,1,Yes
0.0387692749500275,-840,-2508,-116,2647.47426805248,-36.5349461527711,1,Yes
0.0387900607585907,-840,-2508,-116,2647.47426805248,-36.5349461527711,1,Yes
0.0388106982707977,-992,-2692,-128,2871.81336440932,-31.157106223547,1,Yes
0.0388311219215393,-992,-2692,-128,2871.81336440932,-31.157106223547,1,Yes
0.0388527128696442,-992,-2692,-128,2871.81336440932,-31.157106223547,1,Yes
0.0388733289241791,-544,-3272,-372,3337.70939418039,-19.9886816713487,0,No
0.0388940434455872,-544,-3272,-372,3337.70939418039,-19.9886816713487,0,No
0.0389147222042084,-340,-3340,-484,3391.96933948407,-18.687966347313,0,No
0.0389350523948669,-340,-3340,-484,3391.96933948407,-18.687966347313,0,No
0.0389556813240051,-340,-3340,-484,3391.96933948407,-18.687966347313,0,No
0.0389762902259827,-248,-4032,-708,4101.19397249143,-1.68648683653999,0,No
0.0389969127178192,-248,-4032,-708,4101.19397249143,-1.68648683653999,0,No
0.0390197098255157,-112,-4772,-624,4813.92812576175,15.399122629774,0,No
0.0390399930477142,-112,-4772,-624,4813.92812576175,15.399122629774,0,No
0.0390602476596832,-112,-4772,-624,4813.92812576175,15.399122629774,0,No
0.0390810914039612,200,-4948,-824,5020.12748842099,20.3421182283901,1,Yes
0.0391044311523438,200,-4948,-824,5020.12748842099,20.3421182283901,1,Yes
0.0391248302459717,356,-5092,-552,5134.18971211622,23.0764092680071,1,Yes
0.0391455676555634,356,-5092,-552,5134.18971211622,23.0764092680071,1,Yes
0.0391660268306732,356,-5092,-552,5134.18971211622,23.0764092680071,1,Yes
0.0391866474151611,508,-4936,-688,5009.54129636636,20.0883468294039,1,Yes
0.0392072949409485,508,-4936,-688,5009.54129636636,20.0883468294039,1,Yes
0.0392278144359589,404,-5732,-648,5782.6416108903,38.6210493688187,1,Yes
0.0392482488155365,404,-5732,-648,5782.6416108903,38.6210493688187,1,Yes
0.0392688465118408,404,-5732,-648,5782.6416108903,38.6210493688187,1,Yes
0.0392898304462433,440,-5352,-484,5391.82343924576,29.2523855796359,1,Yes
0.0393105869293213,440,-5352,-484,5391.82343924576,29.2523855796359,1,Yes
0.039331458568573,336,-5100,-1000,5207.96466961902,24.8449369953557,1,Yes
0.0393518619537353,336,-5100,-1000,5207.96466961902,24.8449369953557,1,Yes
0.0393724939823151,336,-5100,-1000,5207.96466961902,24.8449369953557,1,Yes
0.0393935704231262,444,-3600,-1264,3841.2018952406,-7.91899733973528,0,No
0.0394138865470886,444,-3600,-1264,3841.2018952406,-7.91899733973528,0,No
0.0394351136684418,444,-3600,-1264,3841.2018952406,-7.91899733973528,0,No
0.0394600749015808,504,-3860,-976,4013.2520479033,-3.79462403234368,0,No
0.0394808685779572,504,-3860,-976,4013.2520479033,-3.79462403234368,0,No
0.0395016417503357,624,-3560,-540,3654.39133098797,-12.3972061225712,0,No
0.0395218946933746,624,-3560,-540,3654.39133098797,-12.3972061225712,0,No
0.0395421929359436,844,-3284,-628,3448.38744922899,-17.3355156677625,0,No
0.0395629663467407,844,-3284,-628,3448.38744922899,-17.3355156677625,0,No
0.0395834262371063,844,-3284,-628,3448.38744922899,-17.3355156677625,0,No
0.0396042468547821,692,-3276,-676,3415.84777178375,-18.1155543658355,0,No
0.0396247255802155,692,-3276,-676,3415.84777178375,-18.1155543658355,0,No
0.0396454589366913,692,-3276,-676,3415.84777178375,-18.1155543658355,0,No
0.0396661393642426,476,-2756,-488,2839.05899903472,-31.9422914045008,1,Yes
0.0396867640018463,476,-2756,-488,2839.05899903472,-31.9422914045008,1,Yes
0.0397074017524719,80,-3200,-684,3273.26381460462,-21.5335662533622,1,Yes
0.0397280886173248,80,-3200,-684,3273.26381460462,-21.5335662533622,1,Yes
0.0397484123706818,80,-3200,-684,3273.26381460462,-21.5335662533622,1,Yes
0.0397691404819489,756,-3452,124,3535.98868776471,-15.2355453723596,0,No
0.0397898511886597,756,-3452,124,3535.98868776471,-15.2355453723596,0,No
0.0398105721473694,176,-4960,-940,5051.35387792223,21.0906748867365,1,Yes
0.0398312604427338,176,-4960,-940,5051.35387792223,21.0906748867365,1,Yes
0.0398519337177277,176,-4960,-940,5051.35387792223,21.0906748867365,1,Yes
0.0398729801177979,384,-5460,-1268,5618.44106492183,34.6848462421688,1,Yes
0.0398937158584595,384,-5460,-1268,5618.44106492183,34.6848462421688,1,Yes
0.0399140274524689,752,-5596,-1584,5864.27966590953,40.5780706778831,1,Yes
0.0399347627162933,752,-5596,-1584,5864.27966590953,40.5780706778831,1,Yes
0.0399557011127472,752,-5596,-1584,5864.27966590953,40.5780706778831,1,Yes
0.039976086139679,672,-4976,-1444,5224.68142569478,25.2456698135368,1,Yes
0.0399965732097626,672,-4976,-1444,5224.68142569478,25.2456698135368,1,Yes
0.0400171020030975,672,-4976,-1444,5224.68142569478,25.2456698135368,1,Yes
0.0400377688407898,-216,-5508,-964,5595.89277953036,34.1443204422389,1,Yes
0.0400580821037292,-216,-5508,-964,5595.89277953036,34.1443204422389,1,Yes
0.0400786831378937,-388,-4416,-1528,4688.96406469489,12.4034935653938,0,No
0.0400992283821106,-388,-4416,-1528,4688.96406469489,12.4034935653938,0,No
0.0401195707321167,-388,-4416,-1528,4688.96406469489,12.4034935653938,0,No
0.0401400201320648,-720,-3596,-1496,3960.7615429359,-5.05292246584436,0,No
0.0401607677936554,-720,-3596,-1496,3960.7615429359,-5.05292246584436,0,No
0.0401817128658295,-632,-4164,-1296,4406.57871823482,5.63417329851915,0,No
0.040202440738678,-632,-4164,-1296,4406.57871823482,5.63417329851915,0,No
0.0402237453460693,-632,-4164,-1296,4406.57871823482,5.63417329851915,0,No
0.0402447323799133,-472,-3284,-772,3406.37989660578,-18.3425175568435,0,No
0.0402655363082886,-472,-3284,-772,3406.37989660578,-18.3425175568435,0,No
0.0402864925861359,-572,-3016,-560,3120.42304824202,-25.1974535984845,1,Yes
0.0403068766593933,-572,-3016,-560,3120.42304824202,-25.1974535984845,1,Yes
0.0403272786140442,-572,-3016,-560,3120.42304824202,-25.1974535984845,1,Yes
0.0403482542037964,-572,-3016,-560,3120.42304824202,-25.1974535984845,1,Yes
0.0403693542480469,-232,-2564,-348,2597.8883732755,-37.7236154894514,1,Yes
0.0403898556232452,-232,-2564,-348,2597.8883732755,-37.7236154894514,1,Yes
0.0404101929664612,-232,-2564,-348,2597.8883732755,-37.7236154894514,1,Yes
0.0404310138225555,-164,-3052,-620,3118.653555623,-25.239871742337,1,Yes
0.0404523987770081,-164,-3052,-620,3118.653555623,-25.239871742337,1,Yes
0.0404728209972382,-108,-3080,-1088,3268.30353547525,-21.652473691233,1,Yes
0.0404932858943939,-108,-3080,-1088,3268.30353547525,-21.652473691233,1,Yes
0.0405141291618347,-108,-3080,-1088,3268.30353547525,-21.652473691233,1,Yes
0.0405349681377411,284,-3376,-1348,3646.24958004797,-12.5923795631795,0,No
0.0405558261871338,284,-3376,-1348,3646.24958004797,-12.5923795631795,0,No
0.0405764560699463,-20,-2812,-1084,3013.76840516985,-27.7541706730612,1,Yes
0.0405976090431213,-20,-2812,-1084,3013.76840516985,-27.7541706730612,1,Yes
0.0406181788444519,-20,-2812,-1084,3013.76840516985,-27.7541706730612,1,Yes
0.0406392273902893,-1368,-4848,-452,5057.5519769944,21.2392552510907,1,Yes
0.0406600091457367,-1368,-4848,-452,5057.5519769944,21.2392552510907,1,Yes
0.0406808605194092,-1332,-4692,-116,4878.78509467265,16.9538690059593,0,No
0.0407013609409332,-1332,-4692,-116,4878.78509467265,16.9538690059593,0,No
0.0407219624519348,-1332,-4692,-116,4878.78509467265,16.9538690059593,0,No
0.0407426724433899,-1440,-6360,-120,6522.08555601657,56.3469439547432,1,Yes
0.0407633998394012,-1440,-6360,-120,6522.08555601657,56.3469439547432,1,Yes
0.0407850914001465,-1440,-6360,-120,6522.08555601657,56.3469439547432,1,Yes
0.0408057219982147,-1168,-4600,-76,4746.57771452233,13.7846036418002,0,No
0.0408264424800873,-1168,-4600,-76,4746.57771452233,13.7846036418002,0,No
0.040847599029541,-900,-4860,-376,4956.91194192513,18.8267199067692,0,No
0.0408681042194366,-900,-4860,-376,4956.91194192513,18.8267199067692,0,No
0.0408887424468994,-900,-4860,-376,4956.91194192513,18.8267199067692,0,No
0.0409092981815338,-668,-4140,-556,4230.2434918099,1.40707852548737,0,No
0.0409296720027924,-668,-4140,-556,4230.2434918099,1.40707852548737,0,No
0.0409501929283142,-224,-4080,-960,4197.40110068123,0.619783197783972,0,No
0.0409710166454315,-224,-4080,-960,4197.40110068123,0.619783197783972,0,No
0.0409915752410889,-224,-4080,-960,4197.40110068123,0.619783197783972,0,No
0.0410125987529755,-292,-5172,-852,5249.83352116998,25.8486139527744,1,Yes
0.0410335137844086,-292,-5172,-852,5249.83352116998,25.8486139527744,1,Yes
0.0410546112060547,-804,-5948,560,6028.16058180271,44.5066116564304,1,Yes
0.0410754017829895,-804,-5948,560,6028.16058180271,44.5066116564304,1,Yes
0.0410960702896118,-804,-5948,560,6028.16058180271,44.5066116564304,1,Yes
0.0411171176433563,-656,-6384,1316,6551.15623382621,57.043824054704,1,Yes
0.0411380305290222,-656,-6384,1316,6551.15623382621,57.043824054704,1,Yes
0.0411585960388184,-584,-4600,-20,4636.9662496076,11.1570058566085,0,No
0.0411794648170471,-584,-4600,-20,4636.9662496076,11.1570058566085,0,No
0.0412004766464233,-584,-4600,-20,4636.9662496076,11.1570058566085,0,No
0.0412214152812958,-80,-2776,-1112,2991.50798093537,-28.2877958870062,1,Yes
0.0412421553134918,-80,-2776,-1112,2991.50798093537,-28.2877958870062,1,Yes
0.0412625801563263,168,-1700,-1912,2563.97503888006,-38.5365833885233,1,Yes
0.0412832937240601,168,-1700,-1912,2563.97503888006,-38.5365833885233,1,Yes
0.0413049111366272,168,-1700,-1912,2563.97503888006,-38.5365833885233,1,Yes
0.0413256833553314,596,-2960,-2304,3798.05634502702,-8.95327922138231,0,No
0.041346423625946,596,-2960,-2304,3798.05634502702,-8.95327922138231,0,No
0.0413671343326569,596,-2960,-2304,3798.05634502702,-8.95327922138231,0,No
0.0413879532814026,356,-2280,-1596,2805.77119523314,-32.7402641312677,1,Yes
0.0414087030887604,356,-2280,-1596,2805.77119523314,-32.7402641312677,1,Yes
0.0414293811321259,340,-2788,-808,2922.5687331524,-29.9404023449916,1,Yes
0.0414500160217285,340,-2788,-808,2922.5687331524,-29.9404023449916,1,Yes
0.0414704492092133,340,-2788,-808,2922.5687331524,-29.9404023449916,1,Yes
0.0414910953044891,-196,-3856,-132,3863.23387850127,-7.39084829561697,0,No
0.041511693239212,-196,-3856,-132,3863.23387850127,-7.39084829561697,0,No
0.0415323042869568,-136,-4088,396,4109.38632888172,-1.49010028588679,0,No
0.0415530183315277,-136,-4088,396,4109.38632888172,-1.49010028588679,0,No
0.0415741143226624,-136,-4088,396,4109.38632888172,-1.49010028588679,0,No
0.0415946223735809,88,-4784,392,4800.83992651286,15.0853733026824,0,No
0.0416155235767365,88,-4784,392,4800.83992651286,15.0853733026824,0,No
0.0416359858512878,-228,-4332,0,4337.99585062042,3.99010995910593,0,No
0.0416569366455078,-228,-4332,0,4337.99585062042,3.99010995910593,0,No
0.0416775758266449,-228,-4332,0,4337.99585062042,3.99010995910593,0,No
0.0416984903812408,104,-4044,136,4047.62251204334,-2.97069785344772,0,No
0.0417188770771027,104,-4044,136,4047.62251204334,-2.97069785344772,0,No
0.0417396402359009,-40,-5512,76,5512.6690450271,32.1492873439561,1,Yes
0.0417604367733002,-40,-5512,76,5512.6690450271,32.1492873439561,1,Yes
0.0417813491821289,-40,-5512,76,5512.6690450271,32.1492873439561,1,Yes
0.0418016979694366,-148,-4436,32,4438.58355784816,6.40139090434944,0,No
0.0418221204280853,-148,-4436,32,4438.58355784816,6.40139090434944,0,No
0.0418423509597778,-148,-4436,32,4438.58355784816,6.40139090434944,0,No
0.0418630392551422,20,-4832,-132,4833.84401899772,15.8765449231231,0,No
0.0418835198879242,20,-4832,-132,4833.84401899772,15.8765449231231,0,No
0.0419040372371674,-80,-4064,-508,4096.40818278648,-1.80121142706434,0,No
0.0419248609542847,-80,-4064,-508,4096.40818278648,-1.80121142706434,0,No
0.0419456079006195,-80,-4064,-508,4096.40818278648,-1.80121142706434,0,No
0.0419662408828735,152,-4272,-636,4321.7570500897,3.60083465526889,0,No
0.0419867310523987,152,-4272,-636,4321.7570500897,3.60083465526889,0,No
0.0420072214603424,88,-4140,-536,4175.48081063726,0.0943116550479921,0,No
0.0420277967453003,88,-4140,-536,4175.48081063726,0.0943116550479921,0,No
0.0420485465526581,88,-4140,-536,4175.48081063726,0.0943116550479921,0,No
0.0420691208839417,92,-3936,-720,4002.36929830319,-4.05550448648477,0,No
0.0420895249843597,92,-3936,-720,4002.36929830319,-4.05550448648477,0,No
0.0421101915836334,92,-4248,-704,4306.92279940098,3.24522911450756,0,No
0.0421308779716492,92,-4248,-704,4306.92279940098,3.24522911450756,0,No
0.0421512763500214,92,-4248,-704,4306.92279940098,3.24522911450756,0,No
0.0421718993186951,228,-3924,-884,4028.79833200919,-3.42194968010892,0,No
0.0421924593448639,228,-3924,-884,4028.79833200919,-3.42194968010892,0,No
0.0422130453586578,228,-3924,-884,4028.79833200919,-3.42194968010892,0,No
0.0422338826656342,92,-3992,-784,4069.29772810985,-2.45110120564963,0,No
0.0422542877197266,92,-3992,-784,4069.29772810985,-2.45110120564963,0,No
0.0422748808860779,84,-4248,-464,4274.09124844101,2.45819364651196,0,No
0.0422959499359131,84,-4248,-464,4274.09124844101,2.45819364651196,0,No
0.042316632270813,84,-4248,-464,4274.09124844101,2.45819364651196,0,No
0.0423373219966888,-240,-4516,-404,4540.38236275316,8.84170419193898,0,No
0.0423579840660095,-240,-4516,-404,4540.38236275316,8.84170419193898,0,No
0.0423787426948547,-240,-4516,-404,4540.38236275316,8.84170419193898,0,No
0.0423991510868073,-608,-6248,4968,8005.51010242321,91.9074855063909,1,Yes
0.0424199781417847,-608,-6248,4968,8005.51010242321,91.9074855063909,1,Yes
0.0424404361248016,-608,-6248,4968,8005.51010242321,91.9074855063909,1,Yes
0.0424609496593475,592,-7084,1916,7362.37570353483,76.4903161125289,1,Yes
0.0424816524982452,592,-7084,1916,7362.37570353483,76.4903161125289,1,Yes
0.0425021576881409,592,-7084,1916,7362.37570353483,76.4903161125289,1,Yes
0.04252366065979,1076,-2392,-1276,2916.78178820425,-30.0791265536371,1,Yes
0.0425438873767853,1076,-2392,-1276,2916.78178820425,-30.0791265536371,1,Yes
0.0425648550987244,1456,-3880,-4088,5821.17513909348,39.5447722060334,1,Yes
0.0425854184627533,1456,-3880,-4088,5821.17513909348,39.5447722060334,1,Yes
0.0426059238910675,1456,-3880,-4088,5821.17513909348,39.5447722060334,1,Yes
0.0426263203620911,996,-2432,-3160,4110.01703159488,-1.47498112792736,0,No
0.0426468348503113,996,-2432,-3160,4110.01703159488,-1.47498112792736,0,No
0.0426676111221313,592,-2612,-1572,3105.5099420224,-25.5549494580961,1,Yes
0.0426878509521484,592,-2612,-1572,3105.5099420224,-25.5549494580961,1,Yes
0.0427085974216461,592,-2612,-1572,3105.5099420224,-25.5549494580961,1,Yes
0.0427293856143951,292,-3016,-1028,3199.73498902643,-23.296193724743,1,Yes
0.0427499458789825,292,-3016,-1028,3199.73498902643,-23.296193724743,1,Yes
0.0427706384658813,176,-3352,-688,3426.40102731715,-17.8625725186566,0,No
0.0427912247180939,176,-3352,-688,3426.40102731715,-17.8625725186566,0,No
0.0428114762306213,176,-3352,-688,3426.40102731715,-17.8625725186566,0,No
0.042832258939743,-52,-4044,-404,4064.46257209979,-2.56700920152388,0,No
0.0428533079624176,-52,-4044,-404,4064.46257209979,-2.56700920152388,0,No
0.0428745393753052,-168,-4544,52,4547.40189558829,9.0099759046199,0,No
0.0428952255249023,-168,-4544,52,4547.40189558829,9.0099759046199,0,No
0.0429159157276154,-168,-4544,52,4547.40189558829,9.0099759046199,0,No
0.0429364721775055,-100,-4292,-108,4294.52302357317,2.94798262184006,0,No
0.0429574429988861,-100,-4292,-108,4294.52302357317,2.94798262184006,0,No
0.042977988243103,-100,-4292,-108,4294.52302357317,2.94798262184006,0,No
0.0429983432292938,-56,-4572,-84,4573.11447484097,9.62635591877682,0,No
0.0430186924934387,-56,-4572,-84,4573.11447484097,9.62635591877682,0,No
0.0430395777225494,68,-4568,156,4571.1687783323,9.57971382854642,0,No
0.0430599308013916,68,-4568,156,4571.1687783323,9.57971382854642,0,No
0.0430802795886993,68,-4568,156,4571.1687783323,9.57971382854642,0,No
0.0431007196903229,-72,-4436,-80,4437.30548869469,6.37075312681778,0,No
0.0431214330196381,-72,-4436,-80,4437.30548869469,6.37075312681778,0,No
0.043142071723938,-52,-4244,-280,4253.54440437619,1.96564624739279,0,No
0.0431625959873199,-52,-4244,-280,4253.54440437619,1.96564624739279,0,No
0.043183488368988,-52,-4244,-280,4253.54440437619,1.96564624739279,0,No
0.0432041416168213,88,-3856,-572,3899.18760769471,-6.52896820605196,0,No
0.043224752664566,88,-3856,-572,3899.18760769471,-6.52896820605196,0,No
0.0432451775074005,24,-4292,-532,4324.91202222658,3.67646540982237,0,No
0.0432655527591705,24,-4292,-532,4324.91202222658,3.67646540982237,0,No
0.0432863962650299,24,-4292,-532,4324.91202222658,3.67646540982237,0,No
0.0433069353103638,16,-4260,-404,4279.14383960156,2.57931398144484,0,No
0.0433274049758911,16,-4260,-404,4279.14383960156,2.57931398144484,0,No
0.0433478720188141,16,-4260,-404,4279.14383960156,2.57931398144484,0,No
0.0433695633411407,20,-4104,-548,4140.47340288523,-0.744883288164375,0,No
0.0433905465602875,20,-4104,-548,4140.47340288523,-0.744883288164375,0,No
0.0434108862876892,24,-4080,-836,4164.8375718628,-0.160827263611711,0,No
0.0434316120147705,24,-4080,-836,4164.8375718628,-0.160827263611711,0,No
0.0434521546363831,24,-4080,-836,4164.8375718628,-0.160827263611711,0,No
0.0434728827476501,72,-4180,-916,4279.79438758452,2.59490886871803,0,No
0.0434936039447784,72,-4180,-916,4279.79438758452,2.59490886871803,0,No
0.0435144596099854,88,-4088,-788,4164.18443395583,-0.17648423634825,0,No
0.0435355026721954,88,-4088,-788,4164.18443395583,-0.17648423634825,0,No
0.0435558087825775,88,-4088,-788,4164.18443395583,-0.17648423634825,0,No
0.0435766358375549,124,-4188,-804,4266.27894071637,2.27091759386128,0,No
0.0435971531867981,124,-4188,-804,4266.27894071637,2.27091759386128,0,No
0.0436178886890411,24,-4016,-692,4075.25410250698,-2.30831544700793,0,No
0.0436387274265289,24,-4016,-692,4075.25410250698,-2.30831544700793,0,No
0.0436595270633698,24,-4016,-692,4075.25410250698,-2.30831544700793,0,No
0.0436801874637604,12,-4000,-972,4116.42174710026,-1.32144776999058,0,No
0.0437007367610931,12,-4000,-972,4116.42174710026,-1.32144776999058,0,No
0.0437214651107788,-120,-3976,-976,4095.79686996316,-1.81586577204423,0,No
0.0437417011260986,-120,-3976,-976,4095.79686996316,-1.81586577204423,0,No
0.0437624754905701,-120,-3976,-976,4095.79686996316,-1.81586577204423,0,No
0.0437830851078033,-380,-5096,812,5174.25936729113,24.0369560253459,1,Yes
0.043803804397583,-380,-5096,812,5174.25936729113,24.0369560253459,1,Yes
0.0438249316215515,-380,-5096,812,5174.25936729113,24.0369560253459,1,Yes
0.0438458771705627,-624,-6416,2900,7068.55232703274,69.446804250562,1,Yes
0.0438665449619293,-624,-6416,2900,7068.55232703274,69.446804250562,1,Yes
0.0438867576122284,36,-5016,2276,5508.33259707509,32.045334340106,1,Yes
0.0439075815677643,36,-5016,2276,5508.33259707509,32.045334340106,1,Yes
0.0439281642436981,36,-5016,2276,5508.33259707509,32.045334340106,1,Yes
0.0439486815929413,1176,-3708,-608,3937.24573782232,-5.61664157571604,0,No
0.043969306230545,1176,-3708,-608,3937.24573782232,-5.61664157571604,0,No
0.0439900925159454,1236,-3668,-2864,4815.01983381169,15.4252929729616,0,No
0.0440107858181,1236,-3668,-2864,4815.01983381169,15.4252929729616,0,No
0.0440311348438263,1236,-3668,-2864,4815.01983381169,15.4252929729616,0,No
0.0440522487163544,1180,-2700,-2820,4078.57818363213,-2.2286308245185,0,No
0.0440736017227173,1180,-2700,-2820,4078.57818363213,-2.2286308245185,0,No
0.0440940856933594,568,-3564,-2196,4224.58708041389,1.27148345732699,0,No
0.0441161546707153,568,-3564,-2196,4224.58708041389,1.27148345732699,0,No
0.0441368336677551,568,-3564,-2196,4224.58708041389,1.27148345732699,0,No
0.0441575167179108,404,-3028,-1244,3298.41416441295,-20.9306639611195,1,Yes
0.0441783654689789,404,-3028,-1244,3298.41416441295,-20.9306639611195,1,Yes
0.0441990480422974,32,-4180,-320,4192.35303856915,0.498771432860249,0,No
0.0442194323539734,32,-4180,-320,4192.35303856915,0.498771432860249,0,No
0.0442400259971619,32,-4180,-320,4192.35303856915,0.498771432860249,0,No
0.0442605111598968,-116,-4216,8,4217.60311077275,1.10406426285505,0,No
0.0442810347080231,-116,-4216,8,4217.60311077275,1.10406426285505,0,No
0.0443014776706696,-116,-4216,8,4217.60311077275,1.10406426285505,0,No
0.0443219814300537,-288,-4184,-140,4196.23640897412,0.591863295861124,0,No
0.0443428239822388,-288,-4184,-140,4196.23640897412,0.591863295861124,0,No
0.0443631763458252,-92,-4272,40,4273.17774027713,2.43629509757814,0,No
0.0443837509155273,-92,-4272,40,4273.17774027713,2.43629509757814,0,No
0.0444042167663574,-92,-4272,40,4273.17774027713,2.43629509757814,0,No
0.0444247233867645,-92,-4272,40,4273.17774027713,2.43629509757814,0,No
0.0444451084136963,-32,-4120,-60,4120.56112683697,-1.22221887056196,0,No
0.044466224193573,-32,-4120,-60,4120.56112683697,-1.22221887056196,0,No
0.0444868121147156,-32,-4120,-60,4120.56112683697,-1.22221887056196,0,No
0.0445080149173737,-4,-4112,48,4112.28209149129,-1.42068328260829,0,No
0.0445287230014801,-4,-4112,48,4112.28209149129,-1.42068328260829,0,No
0.0445497341156006,-148,-4300,44,4302.77120005236,3.145707287462,0,No
0.0445706067085266,-148,-4300,44,4302.77120005236,3.145707287462,0,No
0.0445909335613251,-148,-4300,44,4302.77120005236,3.145707287462,0,No
0.0446113390922546,56,-4184,-116,4185.98232198847,0.346053094586951,0,No
0.0446319963932037,56,-4184,-116,4185.98232198847,0.346053094586951,0,No
0.044652580499649,-56,-3944,-188,3948.87528291284,-5.33785899629854,0,No
0.0446735470294952,-56,-3944,-188,3948.87528291284,-5.33785899629854,0,No
0.0446939852237701,-56,-3944,-188,3948.87528291284,-5.33785899629854,0,No
0.0447144267559052,100,-4404,-256,4412.56750656576,5.77773608154207,0,No
0.0447347877025604,100,-4404,-256,4412.56750656576,5.77773608154207,0,No
0.0447555520534515,128,-4116,-448,4142.28729085755,-0.701400902244576,0,No
0.0447760663032532,128,-4116,-448,4142.28729085755,-0.701400902244576,0,No
0.0447963237762451,128,-4116,-448,4142.28729085755,-0.701400902244576,0,No
0.0448168756961822,-16,-4284,-652,4333.36082042564,3.87899936420991,0,No
0.0448375835418701,-16,-4284,-652,4333.36082042564,3.87899936420991,0,No
0.0448582019805908,8,-3820,-484,3850.54801294569,-7.69495290970114,0,No
0.0448787548542023,8,-3820,-484,3850.54801294569,-7.69495290970114,0,No
0.0448993446826935,8,-3820,-484,3850.54801294569,-7.69495290970114,0,No
0.0449197344779968,28,-4132,-576,4172.04793836312,0.0120190993250603,0,No
0.0449402813911438,28,-4132,-576,4172.04793836312,0.0120190993250603,0,No
0.0449607398509979,28,-4132,-576,4172.04793836312,0.0120190993250603,0,No
0.0449811046123505,20,-4216,-584,4256.30262082009,2.03176600434265,0,No
0.0450014865398407,20,-4216,-584,4256.30262082009,2.03176600434265,0,No
0.0450219779014587,0,-4176,-544,4211.28388974194,0.952580372026502,0,No
0.045042407989502,0,-4176,-544,4211.28388974194,0.952580372026502,0,No
0.0450631945133209,0,-4176,-544,4211.28388974194,0.952580372026502,0,No
0.0450844678878784,52,-4156,-556,4193.3490195785,0.522647014637239,0,No
0.0451052711009979,52,-4156,-556,4193.3490195785,0.522647014637239,0,No
0.045126077413559,60,-4180,-632,4227.93377431577,1.35171015159776,0,No
0.0451468679904938,60,-4180,-632,4227.93377431577,1.35171015159776,0,No
0.0451676023006439,60,-4180,-632,4227.93377431577,1.35171015159776,0,No
0.0451886839866638,24,-4128,-612,4173.18870888916,0.0393655644960526,0,No
0.0452090313434601,24,-4128,-612,4173.18870888916,0.0393655644960526,0,No
0.0452295050621033,-172,-3988,-320,4004.51345359208,-4.00410495731529,0,No
0.0452500927448273,-172,-3988,-320,4004.51345359208,-4.00410495731529,0,No
0.0452708086967468,-172,-3988,-320,4004.51345359208,-4.00410495731529,0,No
0.0452911922931671,-632,-5512,2904,6262.17086959466,50.1162886586726,1,Yes
0.0453118789196014,-632,-5512,2904,6262.17086959466,50.1162886586726,1,Yes
0.0453323957920074,-632,-5512,2904,6262.17086959466,50.1162886586726,1,Yes
0.0453528022766113,-308,-6352,2980,7023.04549323155,68.3559178565145,1,Yes
0.0453736760616303,-308,-6352,2980,7023.04549323155,68.3559178565145,1,Yes
0.0453945384025574,856,-4556,2340,5192.82890147557,24.4821035008682,1,Yes
0.0454149172306061,856,-4556,2340,5192.82890147557,24.4821035008682,1,Yes
0.0454355309009552,856,-4556,2340,5192.82890147557,24.4821035008682,1,Yes
0.0454559528827667,1652,-3180,-2736,4508.56961796089,8.07909146869803,0,No
0.0454766616821289,1652,-3180,-2736,4508.56961796089,8.07909146869803,0,No
0.0454973437786102,1396,-3752,-3820,5533.41847324057,32.6466910750359,1,Yes
0.045520702123642,1396,-3752,-3820,5533.41847324057,32.6466910750359,1,Yes
0.0455411887168884,1396,-3752,-3820,5533.41847324057,32.6466910750359,1,Yes
0.0455620021820068,872,-2896,-2596,3985.77671226074,-4.45326070997548,0,No
0.0455829184055328,872,-2896,-2596,3985.77671226074,-4.45326070997548,0,No
0.0456034610271454,256,-3208,-1176,3426.33565197574,-17.8641396914193,0,No
0.0456242005825043,256,-3208,-1176,3426.33565197574,-17.8641396914193,0,No
0.0456446454524994,256,-3208,-1176,3426.33565197574,-17.8641396914193,0,No
0.0456652390956879,324,-3636,-532,3688.96950380455,-11.5683007669178,0,No
0.0456855893135071,324,-3636,-532,3688.96950380455,-11.5683007669178,0,No
0.04570663189888,-16,-4492,152,4494.5994259778,7.74419907818015,0,No
0.0457276079654694,-16,-4492,152,4494.5994259778,7.74419907818015,0,No
0.0457484548091888,-16,-4492,152,4494.5994259778,7.74419907818015,0,No
0.0457688825130463,-268,-4188,0,4196.5662153718,0.599769389997988,0,No
0.0457894194126129,-268,-4188,0,4196.5662153718,0.599769389997988,0,No
0.0458100907802582,-236,-4176,80,4183.42825921516,0.284827294059511,0,No
0.0458308145999908,-236,-4176,80,4183.42825921516,0.284827294059511,0,No
0.0458518536090851,-236,-4176,80,4183.42825921516,0.284827294059511,0,No
0.0458726003170013,-264,-4088,100,4097.73596025903,-1.76938204544971,0,No
0.0458932387828827,-264,-4088,100,4097.73596025903,-1.76938204544971,0,No
0.0459141714572906,-264,-4088,100,4097.73596025903,-1.76938204544971,0,No
0.0459355971813202,-260,-4012,184,4024.62420605949,-3.52201151313943,0,No
0.0459561364650726,-260,-4012,184,4024.62420605949,-3.52201151313943,0,No
0.0459767003059387,-216,-4256,0,4261.47767798917,2.15582208521242,0,No
0.0459977023601532,-216,-4256,0,4261.47767798917,2.15582208521242,0,No
0.0460181946754456,-216,-4256,0,4261.47767798917,2.15582208521242,0,No
0.0460386464595795,-68,-4060,140,4062.98215600315,-2.60249762474411,0,No
0.0460595600605011,-68,-4060,140,4062.98215600315,-2.60249762474411,0,No
0.0460803632736206,-116,-4264,40,4265.76511308347,2.25860015652715,0,No
0.0461010084152222,-116,-4264,40,4265.76511308347,2.25860015652715,0,No
0.0461215229034424,-116,-4264,40,4265.76511308347,2.25860015652715,0,No
0.0461434206962585,-240,-4192,-412,4219.02927223787,1.13825209813289,0,No
0.0461640019416809,-240,-4192,-412,4219.02927223787,1.13825209813289,0,No
0.0461846332550049,-52,-4188,-388,4206.25629271446,0.832059194570138,0,No
0.046206657409668,-52,-4188,-388,4206.25629271446,0.832059194570138,0,No
0.0462271544933319,-52,-4188,-388,4206.25629271446,0.832059194570138,0,No
0.0462480273246765,-60,-4340,-644,4387.93071959893,5.1871448790739,0,No
0.0462709517478943,-60,-4340,-644,4387.93071959893,5.1871448790739,0,No
0.0462917375564575,104,-4104,-384,4123.23756288672,-1.15805954706435,0,No
0.0463124449253082,104,-4104,-384,4123.23756288672,-1.15805954706435,0,No
0.0463331127166748,104,-4104,-384,4123.23756288672,-1.15805954706435,0,No
0.0463533897399902,-64,-4288,-644,4336.56269411616,3.95575443927628,0,No
0.04637366771698,-64,-4288,-644,4336.56269411616,3.95575443927628,0,No
0.0463942174911499,72,-3968,-536,4004.68525604697,-3.9999865218003,0,No
0.046414576292038,72,-3968,-536,4004.68525604697,-3.9999865218003,0,No
0.0464350357055664,72,-3968,-536,4004.68525604697,-3.9999865218003,0,No
0.0464558663368225,72,-3968,-536,4004.68525604697,-3.9999865218003,0,No
0.0464762136936188,-4,-3948,-672,4004.78513780702,-3.99759216376768,0,No
0.0464966735839844,-4,-3948,-672,4004.78513780702,-3.99759216376768,0,No
0.0465173485279083,-4,-3948,-672,4004.78513780702,-3.99759216376768,0,No
0.0465388436317444,-28,-4000,-692,4059.51327131714,-2.68565346729334,0,No
0.0465593302249908,-28,-4000,-692,4059.51327131714,-2.68565346729334,0,No
0.0465799207687378,-16,-4080,-600,4123.91270518667,-1.1418750866759,0,No
0.0466003639698029,-16,-4080,-600,4123.91270518667,-1.1418750866759,0,No
0.0466209907531738,-16,-4080,-600,4123.91270518667,-1.1418750866759,0,No
0.0466414303779602,-20,-4124,-664,4177.16075821843,0.13458323199444,0,No
0.0466618692874908,-20,-4124,-664,4177.16075821843,0.13458323199444,0,No
0.0466822669506073,-24,-4112,-672,4166.61781304693,-0.1181514559653,0,No
0.0467029728889465,-24,-4112,-672,4166.61781304693,-0.1181514559653,0,No
0.0467237412929535,-24,-4112,-672,4166.61781304693,-0.1181514559653,0,No
0.0467443821430206,16,-4060,-732,4125.49148587171,-1.10402867494731,0,No
0.0467648901939392,16,-4060,-732,4125.49148587171,-1.10402867494731,0,No
0.0467852385044098,16,-4060,-732,4125.49148587171,-1.10402867494731,0,No
0.0468057594299316,92,-4156,-672,4210.98373304861,0.945385038370301,0,No
0.0468263287544251,92,-4156,-672,4210.98373304861,0.945385038370301,0,No
0.0468466989994049,52,-4052,-672,4107.67476804092,-1.53112969351327,0,No
0.0468673133850098,52,-4052,-672,4107.67476804092,-1.53112969351327,0,No
0.0468880412578583,52,-4052,-672,4107.67476804092,-1.53112969351327,0,No
0.0469084877967835,40,-4072,-688,4129.90653647271,-0.998191414313049,0,No
0.0469291245937347,40,-4072,-688,4129.90653647271,-0.998191414313049,0,No
0.0469496715068817,28,-3940,-608,3986.73400166101,-4.43031264053857,0,No
0.0469704098701477,28,-3940,-608,3986.73400166101,-4.43031264053857,0,No
0.0469908444881439,28,-3940,-608,3986.73400166101,-4.43031264053857,0,No
0.0470111124515533,60,-4112,-628,4160.11153696629,-0.274119416366622,0,No
0.0470318429470062,60,-4112,-628,4160.11153696629,-0.274119416366622,0,No
0.0470525171756744,40,-4116,-680,4171.98465960746,0.0105021857580793,0,No
0.0470732924938202,40,-4116,-680,4171.98465960746,0.0105021857580793,0,No
0.0470937221050262,40,-4116,-680,4171.98465960746,0.0105021857580793,0,No
0.0471142373085022,32,-4028,-716,4091.26679648248,-1.92446035249118,0,No
0.0471353645324707,32,-4028,-716,4091.26679648248,-1.92446035249118,0,No
0.0471566617488861,32,-4028,-716,4091.26679648248,-1.92446035249118,0,No
0.0471771063804626,32,-4032,-660,4085.78609327508,-2.05584335718206,0,No
0.0471972944736481,32,-4032,-660,4085.78609327508,-2.05584335718206,0,No
0.0472180080413818,8,-4008,-644,4059.41670686812,-2.68796830299577,0,No
0.0472395236492157,8,-4008,-644,4059.41670686812,-2.68796830299577,0,No
0.047260085105896,8,-4008,-644,4059.41670686812,-2.68796830299577,0,No
0.0472804546356201,0,-4188,-696,4245.43990653501,1.77136583526491,0,No
0.0473011634349823,0,-4188,-696,4245.43990653501,1.77136583526491,0,No
0.0473223259449005,24,-4032,-656,4085.08702477683,-2.07260137459492,0,No
0.0473427011966705,24,-4032,-656,4085.08702477683,-2.07260137459492,0,No
0.0473630497455597,24,-4032,-656,4085.08702477683,-2.07260137459492,0,No
0.0473839664459229,-28,-4168,-656,4219.40090534189,1.1471608589254,0,No
0.0474042000770569,-28,-4168,-656,4219.40090534189,1.1471608589254,0,No
0.0474245541095734,52,-3972,-648,4024.8468293837,-3.51667480357107,0,No
0.0474452667236328,52,-3972,-648,4024.8468293837,-3.51667480357107,0,No
0.0474658570289612,52,-3972,-648,4024.8468293837,-3.51667480357107,0,No
0.0474863607883453,-4,-4144,-684,4200.0723803287,0.683818912394517,0,No
0.0475066957473755,-4,-4144,-684,4200.0723803287,0.683818912394517,0,No
0.0475273480415344,56,-3976,-608,4022.60810917494,-3.57034123588056,0,No
0.0475480008125305,56,-3976,-608,4022.60810917494,-3.57034123588056,0,No
0.047568612575531,56,-3976,-608,4022.60810917494,-3.57034123588056,0,No
0.0475892431735992,-4,-3964,-676,4021.22966267782,-3.6033852515376,0,No
0.0476096713542938,-4,-3964,-676,4021.22966267782,-3.6033852515376,0,No
0.0476304016113281,-4,-3964,-676,4021.22966267782,-3.6033852515376,0,No
0.0476506941318512,20,-3988,-680,4045.60798891835,-3.01898985014295,0,No
0.0476712193489075,20,-3988,-680,4045.60798891835,-3.01898985014295,0,No
0.047691556930542,76,-4176,-640,4225.44104206886,1.29195456183214,0,No
0.0477121489048004,76,-4176,-640,4225.44104206886,1.29195456183214,0,No
0.0477329733371735,76,-4176,-640,4225.44104206886,1.29195456183214,0,No
0.0477535006999969,20,-4088,-612,4133.60472227329,-0.909538782707568,0,No
0.0477744855880737,20,-4088,-612,4133.60472227329,-0.909538782707568,0,No
0.0477949976921082,20,-4004,-636,4054.24616914168,-2.81191604412674,0,No
0.0478155875205994,20,-4004,-636,4054.24616914168,-2.81191604412674,0,No
0.0478362371921539,20,-4004,-636,4054.24616914168,-2.81191604412674,0,No
0.0478571503162384,56,-4072,-700,4132.1084206492,-0.945408012595987,0,No
0.0478779785633087,56,-4072,-700,4132.1084206492,-0.945408012595987,0,No
0.0478988664150238,96,-4076,-564,4115.95529616151,-1.33262949677912,0,No
0.0479195816516876,96,-4076,-564,4115.95529616151,-1.33262949677912,0,No
0.0479399030208588,96,-4076,-564,4115.95529616151,-1.33262949677912,0,No
0.0479605927467346,156,-3956,-752,4029.86054349279,-3.39648642638914,0,No
0.0479811205863953,156,-3956,-752,4029.86054349279,-3.39648642638914,0,No
0.0480016763210297,156,-3956,-752,4029.86054349279,-3.39648642638914,0,No
0.0480228073596954,240,-4016,-624,4071.2690896083,-2.40384387621638,0,No
0.0480435163974762,240,-4016,-624,4071.2690896083,-2.40384387621638,0,No
0.0480644526481628,324,-4196,-560,4245.58500091566,1.77484402683481,0,No
0.0480853202342987,324,-4196,-560,4245.58500091566,1.77484402683481,0,No
0.0481064391136169,324,-4196,-560,4245.58500091566,1.77484402683481,0,No
0.048127073764801,324,-4024,-472,4064.52162006798,-2.56559370807566,0,No
0.0481476984024048,324,-4024,-472,4064.52162006798,-2.56559370807566,0,No
0.0481681125164032,184,-3860,-292,3875.39933426221,-7.09921890595269,0,No
0.048190319776535,184,-3860,-292,3875.39933426221,-7.09921890595269,0,No
0.04821067237854,184,-3860,-292,3875.39933426221,-7.09921890595269,0,No
0.0482310898303986,-128,-3988,4,3990.05563870982,-4.35068660726324,0,No
0.0482522933483124,-128,-3988,4,3990.05563870982,-4.35068660726324,0,No
0.0482739832401276,-264,-4100,-112,4110.01703159488,-1.47498112792736,0,No
0.0482948541641235,-264,-4100,-112,4110.01703159488,-1.47498112792736,0,No
0.0483153290748596,-264,-4100,-112,4110.01703159488,-1.47498112792736,0,No
0.048335964679718,-120,-4240,-268,4250.15576185156,1.88441396389529,0,No
0.0483572566509247,-120,-4240,-268,4250.15576185156,1.88441396389529,0,No
0.0483780102729797,52,-4436,-672,4486.91252421974,7.55992924791945,0,No
0.0483986964225769,52,-4436,-672,4486.91252421974,7.55992924791945,0,No
0.0484190676212311,52,-4436,-672,4486.91252421974,7.55992924791945,0,No
0.0484395425319672,-180,-4372,-920,4471.37383809495,7.18743703391564,0,No
0.0484599659442902,-180,-4372,-920,4471.37383809495,7.18743703391564,0,No
0.0484805111885071,-180,-4372,-920,4471.37383809495,7.18743703391564,0,No
0.0485012736320496,-180,-4372,-920,4471.37383809495,7.18743703391564,0,No
0.0485220832824707,-260,-4076,-712,4145.87988248574,-0.6152795661902,0,No
0.0485428693294525,-260,-4076,-712,4145.87988248574,-0.6152795661902,0,No
0.048563627243042,-308,-3960,-604,4017.62118672231,-3.68988736549068,0,No
0.0485889048576355,-308,-3960,-604,4017.62118672231,-3.68988736549068,0,No
0.0486104326248169,-340,-3964,-492,4008.86018713549,-3.8999053880425,0,No
0.0486310086250305,-340,-3964,-492,4008.86018713549,-3.8999053880425,0,No
0.0486521787643433,-340,-3964,-492,4008.86018713549,-3.8999053880425,0,No
0.0486736657619476,-244,-3668,-788,3759.61487389334,-9.87479527345734,0,No
0.0486947724819183,-244,-3668,-788,3759.61487389334,-9.87479527345734,0,No
0.0487155046463013,-244,-3668,-788,3759.61487389334,-9.87479527345734,0,No
0.0487364506721497,-104,-4104,-1012,4228.21191521901,1.35837772439124,0,No
0.0487634913921356,-104,-4104,-1012,4228.21191521901,1.35837772439124,0,No
0.0487846930027008,28,-3788,-936,3902.02819056962,-6.46087396721879,0,No
0.0488051881790161,28,-3788,-936,3902.02819056962,-6.46087396721879,0,No
0.0488257129192352,312,-4276,-996,4401.53791304812,5.51333549606434,0,No
0.0488461830615997,312,-4276,-996,4401.53791304812,5.51333549606434,0,No
0.04886661028862,312,-4276,-996,4401.53791304812,5.51333549606434,0,No
0.0488870048522949,468,-4056,-1092,4226.41976145295,1.31541634922773,0,No
0.0489076056480408,468,-4056,-1092,4226.41976145295,1.31541634922773,0,No
0.0489284303188324,612,-4160,-916,4303.39400938376,3.16063722586812,0,No
0.0489487502574921,612,-4160,-916,4303.39400938376,3.16063722586812,0,No
0.0489694213867188,612,-4160,-916,4303.39400938376,3.16063722586812,0,No
0.0489901309013367,756,-3864,-740,4006.19919624574,-3.96369446132756,0,No
0.0490106501579285,756,-3864,-740,4006.19919624574,-3.96369446132756,0,No
0.0490313150882721,756,-3864,-740,4006.19919624574,-3.96369446132756,0,No
0.0490520379543304,772,-3996,-800,4147.7704854536,-0.569958174172643,0,No
0.0490726218223572,772,-3996,-800,4147.7704854536,-0.569958174172643,0,No
0.0490929384231567,840,-4052,-976,4251.69142812599,1.92122684021826,0,No
0.0491136984825134,840,-4052,-976,4251.69142812599,1.92122684021826,0,No
0.0491346235275269,840,-4052,-976,4251.69142812599,1.92122684021826,0,No
0.0491557824611664,780,-3836,-704,3977.29958640281,-4.65647373286861,0,No
0.0491766486167908,780,-3836,-704,3977.29958640281,-4.65647373286861,0,No
0.0491974666118622,788,-3964,-628,4090.06405817806,-1.95329230458038,0,No
0.049218109369278,788,-3964,-628,4090.06405817806,-1.95329230458038,0,No
0.0492388231754303,788,-3964,-628,4090.06405817806,-1.95329230458038,0,No
0.0492598857879639,836,-3864,-416,3975.22930156236,-4.70610244520919,0,No
0.0492810568809509,836,-3864,-416,3975.22930156236,-4.70610244520919,0,No
0.0493020882606506,748,-4084,-160,4155.01624545561,-0.396263360878147,0,No
0.049322484254837,748,-4084,-160,4155.01624545561,-0.396263360878147,0,No
0.0493429255485535,748,-4084,-160,4155.01624545561,-0.396263360878147,0,No
0.0493634920120239,624,-4044,80,4092.64120098501,-1.89151323122415,0,No
0.0493841059207916,624,-4044,80,4092.64120098501,-1.89151323122415,0,No
0.0494045906066895,604,-4164,84,4208.41632921459,0.88383942693987,0,No
0.0494251410961151,604,-4164,84,4208.41632921459,0.88383942693987,0,No
0.0494457423686981,604,-4164,84,4208.41632921459,0.88383942693987,0,No
0.0494667689800262,460,-4000,208,4031.7321339593,-3.3516208006226,0,No
0.0494876403808594,460,-4000,208,4031.7321339593,-3.3516208006226,0,No
0.0495079612731934,460,-4000,208,4031.7321339593,-3.3516208006226,0,No
0.0495288324356079,288,-4092,108,4103.54383429737,-1.6301561262295,0,No
0.0495493235588074,288,-4092,108,4103.54383429737,-1.6301561262295,0,No
0.0495696489810944,140,-3780,140,3785.18163368682,-9.2619108323987,0,No
0.0495905113220215,140,-3780,140,3785.18163368682,-9.2619108323987,0,No
0.0496111493110657,140,-3780,140,3785.18163368682,-9.2619108323987,0,No
0.0496314249038696,-4,-4176,364,4191.83587464967,0.486374018315539,0,No
0.0496518876552582,-4,-4176,364,4191.83587464967,0.486374018315539,0,No
0.0496723012924194,-204,-4460,24,4464.72753927941,7.02811245905455,0,No
0.0496927456855774,-204,-4460,24,4464.72753927941,7.02811245905455,0,No
0.0497134985923767,-204,-4460,24,4464.72753927941,7.02811245905455,0,No
0.0497341268062592,-220,-4240,-204,4250.60183973987,1.89510730945247,0,No
0.0497547793388367,-220,-4240,-204,4250.60183973987,1.89510730945247,0,No
0.0497755873203278,-376,-4436,-416,4471.30048196271,7.18567854623595,0,No
0.0497963495254517,-376,-4436,-416,4471.30048196271,7.18567854623595,0,No
0.0498165974617004,-376,-4436,-416,4471.30048196271,7.18567854623595,0,No
0.0498373143672943,-164,-4220,-616,4267.87441239782,2.30916412089896,0,No
0.0498576209545135,-164,-4220,-616,4267.87441239782,2.30916412089896,0,No
0.0498795750141144,-164,-4220,-616,4267.87441239782,2.30916412089896,0,No
0.0499000933170319,-396,-4296,-500,4343.09014412549,4.11222997950212,0,No
0.0499204895496368,-396,-4296,-500,4343.09014412549,4.11222997950212,0,No
0.0499408972263336,-372,-3560,-536,3619.29274859053,-13.2385866975195,0,No
0.0499614269733429,-372,-3560,-536,3619.29274859053,-13.2385866975195,0,No
0.0499821081161499,-372,-3560,-536,3619.29274859053,-13.2385866975195,0,No
0.0500023438930511,-328,-4100,-888,4207.86501684643,0.870623408354096,0,No
0.050022693157196,-328,-4100,-888,4207.86501684643,0.870623408354096,0,No
0.0500431129932404,-112,-3980,-820,4065.13763604629,-2.55082661941832,0,No
0.0500636537075043,-112,-3980,-820,4065.13763604629,-2.55082661941832,0,No
0.0500840938091278,-112,-3980,-820,4065.13763604629,-2.55082661941832,0,No
0.0501050071716309,100,-4020,-1020,4148.5901219571,-0.550309909614506,0,No
0.0501255578994751,100,-4020,-1020,4148.5901219571,-0.550309909614506,0,No
0.0501462519168854,308,-4272,-1096,4421.09307750923,5.98211042637877,0,No
0.0501668846607208,308,-4272,-1096,4421.09307750923,5.98211042637877,0,No
0.0501872777938843,308,-4272,-1096,4421.09307750923,5.98211042637877,0,No
0.0502078642845154,592,-4152,-1448,4436.92145524349,6.36154710583636,0,No
0.0502283692359924,592,-4152,-1448,4436.92145524349,6.36154710583636,0,No
0.050248922586441,592,-4152,-1448,4436.92145524349,6.36154710583636,0,No
0.050269339799881,656,-4312,-1144,4509.14803482875,8.0929572343102,0,No
0.0502908606529236,656,-4312,-1144,4509.14803482875,8.0929572343102,0,No
0.0503115563392639,1164,-3940,-976,4222.68540149512,1.22589655344785,0,No
0.0503323886394501,1164,-3940,-976,4222.68540149512,1.22589655344785,0,No
0.0503531835079193,1164,-3940,-976,4222.68540149512,1.22589655344785,0,No
0.0503739433288574,1288,-4348,-964,4636.09145725146,11.1360354001031,0,No
0.0503946733474731,1288,-4348,-964,4636.09145725146,11.1360354001031,0,No
0.0504152336120605,936,-3856,-452,3993.63693893173,-4.26483594795011,0,No
0.0504357981681824,936,-3856,-452,3993.63693893173,-4.26483594795011,0,No
0.0504572432041168,936,-3856,-452,3993.63693893173,-4.26483594795011,0,No
0.0504780378341675,700,-3624,52,3691.35205581911,-11.5111864093874,0,No
0.0504983780384064,700,-3624,52,3691.35205581911,-11.5111864093874,0,No
0.0505188782215118,700,-3624,52,3691.35205581911,-11.5111864093874,0,No
0.050539323091507,700,-3624,52,3691.35205581911,-11.5111864093874,0,No
0.0505599644184113,680,-3800,-608,3907.94882259223,-6.3189450220883,0,No
0.0505804238319397,680,-3800,-608,3907.94882259223,-6.3189450220883,0,No
0.0506012945175171,608,-4080,-284,4134.81801292391,-0.880453870569531,0,No
0.0506218526363373,608,-4080,-284,4134.81801292391,-0.880453870569531,0,No
0.0506423320770264,608,-4080,-284,4134.81801292391,-0.880453870569531,0,No
0.050662722826004,516,-3932,-452,3991.38873075525,-4.31872982510763,0,No
0.0506834082603455,516,-3932,-452,3991.38873075525,-4.31872982510763,0,No
0.0507039873600006,656,-3716,-824,3862.37854177966,-7.41135236311617,0,No
0.0507246472835541,656,-3716,-824,3862.37854177966,-7.41135236311617,0,No
0.0507453808784485,656,-3716,-824,3862.37854177966,-7.41135236311617,0,No
0.0507661082744598,352,-4080,-676,4150.57586366037,-0.502707858993852,0,No
0.0507866058349609,352,-4080,-676,4150.57586366037,-0.502707858993852,0,No
0.0508071177005768,328,-3908,-392,3941.28303982345,-5.51985967608,0,No
0.0508274610042572,328,-3908,-392,3941.28303982345,-5.51985967608,0,No
0.0508478863239288,328,-3908,-392,3941.28303982345,-5.51985967608,0,No
0.0508682610988617,-236,-3800,-432,3831.7515577083,-8.14554011962155,0,No
0.0508886497020721,-236,-3800,-432,3831.7515577083,-8.14554011962155,0,No
0.0509090752601624,-236,-3800,-432,3831.7515577083,-8.14554011962155,0,No
0.0509297208786011,-252,-3472,-124,3483.3409250316,-16.4976135771815,0,No
0.0509504265785217,-252,-3472,-124,3483.3409250316,-16.4976135771815,0,No
0.0509708135128021,-148,-4072,-316,4086.92353733221,-2.02857663387328,0,No
0.0509915866851807,-148,-4072,-316,4086.92353733221,-2.02857663387328,0,No
0.0510123109817505,-148,-4072,-316,4086.92353733221,-2.02857663387328,0,No
0.0510332863330841,-8,-4220,-520,4251.92474063218,1.92681979005244,0,No
0.0510539374351501,-8,-4220,-520,4251.92474063218,1.92681979005244,0,No
0.0510742855072021,-128,-3688,-1044,3835.05723555725,-8.06629665908387,0,No
0.0510947496891022,-128,-3688,-1044,3835.05723555725,-8.06629665908387,0,No
0.0511154825687408,-128,-3688,-1044,3835.05723555725,-8.06629665908387,0,No
0.0511363568305969,-4,-3920,-980,4040.64549298748,-3.13795042901251,0,No
0.0511569681167603,-4,-3920,-980,4040.64549298748,-3.13795042901251,0,No
0.0511776647567749,-120,-4580,-532,4612.3555803949,10.5670407469762,0,No
0.0511983358860016,-120,-4580,-532,4612.3555803949,10.5670407469762,0,No
0.0512189590930939,-120,-4580,-532,4612.3555803949,10.5670407469762,0,No
0.0512400586605072,148,-4080,-684,4139.58452021456,-0.766191516629061,0,No
0.0512608418464661,148,-4080,-684,4139.58452021456,-0.766191516629061,0,No
0.0512815253734589,148,-4080,-684,4139.58452021456,-0.766191516629061,0,No
0.0513035101890564,-124,-3888,-464,3917.55229703446,-6.08873125572556,0,No
0.0513243255615234,-124,-3888,-464,3917.55229703446,-6.08873125572556,0,No
0.051344691991806,244,-4456,-780,4530.32802344378,8.60068232692273,0,No
0.0513654863834381,244,-4456,-780,4530.32802344378,8.60068232692273,0,No
0.0513859746456146,244,-4456,-780,4530.32802344378,8.60068232692273,0,No
0.0514070146083832,356,-4048,-64,4064.12795074171,-2.57503071952881,0,No
0.0514277429580688,356,-4048,-64,4064.12795074171,-2.57503071952881,0,No
0.051448477268219,468,-3744,-16,3773.17055008119,-9.54983962437723,0,No
0.0514689755439758,468,-3744,-16,3773.17055008119,-9.54983962437723,0,No
0.0514894518852234,468,-3744,-16,3773.17055008119,-9.54983962437723,0,No
0.0515096633434296,-140,-4032,212,4039.99603960202,-3.15351907667667,0,No
0.0515303585529327,-140,-4032,212,4039.99603960202,-3.15351907667667,0,No
0.0515517716407776,-116,-4128,0,4129.62952333499,-1.00483195239633,0,No
0.0515724177360535,-116,-4128,0,4129.62952333499,-1.00483195239633,0,No
0.0515929758548737,-116,-4128,0,4129.62952333499,-1.00483195239633,0,No
0.0516139035224915,-120,-4120,32,4121.87141963453,-1.19080863026005,0,No
0.0516344130039215,-120,-4120,32,4121.87141963453,-1.19080863026005,0,No
0.0516552510261536,-104,-4116,28,4117.4088939526,-1.29778395996046,0,No
0.0516759848594666,-104,-4116,28,4117.4088939526,-1.29778395996046,0,No
0.051696799993515,-104,-4116,28,4117.4088939526,-1.29778395996046,0,No
0.0517174217700958,-92,-4144,0,4145.02110971705,-0.635866002351287,0,No
0.051741466999054,-92,-4144,0,4145.02110971705,-0.635866002351287,0,No
0.0517622528076172,-228,-4552,-152,4560.24034454326,9.31773823646724,0,No
0.0517827386856079,-228,-4552,-152,4560.24034454326,9.31773823646724,0,No
0.0518034663200378,-228,-4552,-152,4560.24034454326,9.31773823646724,0,No
0.0518241832256317,-52,-4268,-144,4270.74513404862,2.37798084419916,0,No
0.0518448078632355,-52,-4268,-144,4270.74513404862,2.37798084419916,0,No
0.0518655166625977,-80,-3928,108,3930.29871638276,-5.783175050681,0,No
0.0518866991996765,-80,-3928,108,3930.29871638276,-5.783175050681,0,No
0.0519074184894562,-80,-3928,108,3930.29871638276,-5.783175050681,0,No
0.051927853345871,-168,-4256,-8,4259.32201177605,2.10414661703384,0,No
0.0519483237266541,-168,-4256,-8,4259.32201177605,2.10414661703384,0,No
0.0519709632396698,-196,-4396,36,4400.51451537204,5.48880268401648,0,No
0.0519925274848938,-196,-4396,36,4400.51451537204,5.48880268401648,0,No
0.0520130572319031,-196,-4396,36,4400.51451537204,5.48880268401648,0,No
0.0520335700511932,-156,-4256,112,4260.33050361119,2.12832210738477,0,No
0.0520540578365326,-156,-4256,112,4260.33050361119,2.12832210738477,0,No
0.0520746784210205,-156,-4256,112,4260.33050361119,2.12832210738477,0,No
0.0520952665805817,-208,-4268,-28,4273.15714665398,2.43580142879424,0,No
0.0521161215305328,-208,-4268,-28,4273.15714665398,2.43580142879424,0,No
0.0521365292072296,-172,-4512,68,4515.78918905655,8.25215848350115,0,No
0.0521570870876312,-172,-4512,68,4515.78918905655,8.25215848350115,0,No
0.05217760181427,-172,-4512,68,4515.78918905655,8.25215848350115,0,No
0.0521982684135437,172,-3848,208,3857.454082682,-7.52940112588349,0,No
0.0522188150882721,172,-3848,208,3857.454082682,-7.52940112588349,0,No
0.0522395100593567,-180,-4064,88,4068.93597885246,-2.45977303161478,0,No
0.05226003074646,-180,-4064,88,4068.93597885246,-2.45977303161478,0,No
0.0522805624008179,-180,-4064,88,4068.93597885246,-2.45977303161478,0,No
0.0523015189170837,-152,-4532,72,4535.11984406146,8.71555149003302,0,No
0.0523219044208527,-152,-4532,72,4535.11984406146,8.71555149003302,0,No
0.0523424592018127,-40,-3720,68,3720.8364650976,-10.8043883698018,0,No
0.0523628180027008,-40,-3720,68,3720.8364650976,-10.8043883698018,0,No
0.0523833951950073,-40,-3720,68,3720.8364650976,-10.8043883698018,0,No
0.052403660774231,-64,-3700,-64,3701.10686146726,-11.2773449427491,0,No
0.0524239423274994,-64,-3700,-64,3701.10686146726,-11.2773449427491,0,No
0.0524446089267731,-64,-3700,-64,3701.10686146726,-11.2773449427491,0,No
0.0524652454853058,-32,-4032,168,4035.62535426667,-3.25829281650273,0,No
0.0524858112335205,-32,-4032,168,4035.62535426667,-3.25829281650273,0,No
0.0525063083171844,-112,-4372,96,4374.48785573809,4.86489355860416,0,No
0.0525265028476715,-112,-4372,96,4374.48785573809,4.86489355860416,0,No
0.0525473275184631,-112,-4372,96,4374.48785573809,4.86489355860416,0,No
0.0525676987171173,-112,-4372,96,4374.48785573809,4.86489355860416,0,No
0.0525879254341126,-8,-3932,48,3932.30110749419,-5.73517388170151,0,No
0.0526084229946137,-8,-3932,48,3932.30110749419,-5.73517388170151,0,No
0.0526288032531738,104,-3540,172,3545.70162309239,-15.0027076178914,0,No
0.0526491484642029,104,-3540,172,3545.70162309239,-15.0027076178914,0,No
0.0526698429584503,104,-3540,172,3545.70162309239,-15.0027076178914,0,No
0.0526903030872345,-76,-4056,-24,4056.78296190467,-2.75110423898669,0,No
0.0527109978199005,-76,-4056,-24,4056.78296190467,-2.75110423898669,0,No
0.0527317109107971,-76,-4056,-24,4056.78296190467,-2.75110423898669,0,No
0.052752197265625,136,-3232,-36,3235.06043220216,-22.4493748602962,1,Yes
0.052772558927536,136,-3232,-36,3235.06043220216,-22.4493748602962,1,Yes
0.0527931962013245,-40,-3456,88,3457.35158755947,-17.1206280185402,0,No
0.052813668012619,-40,-3456,88,3457.35158755947,-17.1206280185402,0,No
0.0528343615531921,-40,-3456,88,3457.35158755947,-17.1206280185402,0,No
0.0528551788330078,-144,-3968,-128,3972.67466576361,-4.76734198225948,0,No
0.052875714302063,-144,-3968,-128,3972.67466576361,-4.76734198225948,0,No
0.0528965539932251,-124,-4368,36,4369.90800818507,4.75510579784224,0,No
0.0529175724983215,-124,-4368,36,4369.90800818507,4.75510579784224,0,No
0.0529411294460297,-124,-4368,36,4369.90800818507,4.75510579784224,0,No
0.0529634592533112,-52,-3884,-20,3884.39956750075,-6.88346599231192,0,No
0.0529843747615814,-52,-3884,-20,3884.39956750075,-6.88346599231192,0,No
0.0530052325725555,-88,-4180,12,4180.94343420238,0.225261255915135,0,No
0.0530258755683899,-88,-4180,12,4180.94343420238,0.225261255915135,0,No
0.0530465440750122,-88,-4180,12,4180.94343420238,0.225261255915135,0,No
0.0530673012733459,-112,-4188,4,4189.49925408753,0.430360726104817,0,No
0.0530882165431976,-112,-4188,4,4189.49925408753,0.430360726104817,0,No
0.0531088063716888,-168,-4384,44,4387.43843261646,5.17534381259037,0,No
0.0531297595500946,-168,-4384,44,4387.43843261646,5.17534381259037,0,No
0.0531500566005707,-168,-4384,44,4387.43843261646,5.17534381259037,0,No
0.0531707031726837,-144,-4260,56,4262.80095711728,2.18754363285262,0,No
0.0531911318302155,-144,-4260,56,4262.80095711728,2.18754363285262,0,No
0.0532118318080902,-192,-4720,24,4723.964436784,13.2425198502244,0,No
0.0532325916290283,-192,-4720,24,4723.964436784,13.2425198502244,0,No
0.0532530202865601,-192,-4720,24,4723.964436784,13.2425198502244,0,No
0.0532735130786896,-108,-4252,108,4254.74229536878,1.99436200008784,0,No
0.0532941012382507,-108,-4252,108,4254.74229536878,1.99436200008784,0,No
0.0533150217533112,-108,-4252,108,4254.74229536878,1.99436200008784,0,No
0.053335681438446,-184,-4304,-148,4310.47282789255,3.33033013025501,0,No
0.0533564648628235,-184,-4304,-148,4310.47282789255,3.33033013025501,0,No
0.0533769290447235,-156,-4444,28,4446.82538447374,6.59896335175864,0,No
0.0533976109027863,-156,-4444,28,4446.82538447374,6.59896335175864,0,No
0.0534184806346893,-156,-4444,28,4446.82538447374,6.59896335175864,0,No
0.0534392528533936,-128,-3832,-16,3834.17057523528,-8.08755161357285,0,No
0.053459992647171,-128,-3832,-16,3834.17057523528,-8.08755161357285,0,No
0.0534808573722839,-60,-3736,-156,3739.73688914073,-10.351308827497,0,No
0.0535016028881073,-60,-3736,-156,3739.73688914073,-10.351308827497,0,No
0.0535222046375275,-60,-3736,-156,3739.73688914073,-10.351308827497,0,No
0.0535427429676056,-88,-3956,76,3957.7084278658,-5.12611151046095,0,No
0.0535634598731995,-88,-3956,76,3957.7084278658,-5.12611151046095,0,No
0.0535838329792023,-100,-3356,60,3358.02561038477,-19.5016628659377,0,No
0.0536042640209198,-100,-3356,60,3358.02561038477,-19.5016628659377,0,No
0.0536245703697205,-100,-3356,60,3358.02561038477,-19.5016628659377,0,No
0.0536453423500061,-120,-4232,-76,4234.38307194803,1.50631222892368,0,No
0.053665958404541,-120,-4232,-76,4234.38307194803,1.50631222892368,0,No
0.0536865890026093,-64,-3828,148,3831.3945241909,-8.15409890022264,0,No
0.0537072031497955,-64,-3828,148,3831.3945241909,-8.15409890022264,0,No
0.0537279608249664,-64,-3828,148,3831.3945241909,-8.15409890022264,0,No
0.053748605966568,-112,-4100,-8,4101.53727277956,-1.67825726787705,0,No
0.0537687993049622,-112,-4100,-8,4101.53727277956,-1.67825726787705,0,No
0.0537901556491852,-112,-4100,-8,4101.53727277956,-1.67825726787705,0,No
0.0538104765415192,-144,-4468,0,4470.31989906763,7.16217208689494,0,No
0.053831298828125,-144,-4468,0,4470.31989906763,7.16217208689494,0,No
0.0538520035743713,-184,-4632,76,4636.27609186511,11.1404614471617,0,No
0.0538726558685303,-184,-4632,76,4636.27609186511,11.1404614471617,0,No
0.0538929522037506,-184,-4632,76,4636.27609186511,11.1404614471617,0,No
0.0539136686325073,-144,-4340,-20,4342.43434032111,4.0965091000734,0,No
0.0539342434406281,-144,-4340,-20,4342.43434032111,4.0965091000734,0,No
0.0539545891284943,-156,-4576,64,4579.10558952291,9.76997446891074,0,No
0.0539752655029297,-156,-4576,64,4579.10558952291,9.76997446891074,0,No
0.0539961416721344,-156,-4576,64,4579.10558952291,9.76997446891074,0,No
0.0540167770385742,-136,-4200,112,4203.69361395428,0.770626852254062,0,No
0.0540369777679443,-136,-4200,112,4203.69361395428,0.770626852254062,0,No
0.0540576772689819,-104,-4128,-28,4129.40479972598,-1.01021900983388,0,No
0.0540781769752502,-104,-4128,-28,4129.40479972598,-1.01021900983388,0,No
0.0540987412929535,-104,-4128,-28,4129.40479972598,-1.01021900983388,0,No
0.0541190104484558,-180,-4388,48,4391.95264091042,5.28355807397553,0,No
0.0541397061347961,-180,-4388,48,4391.95264091042,5.28355807397553,0,No
0.0541601407527924,-180,-4388,48,4391.95264091042,5.28355807397553,0,No
0.0541811640262604,-44,-3736,-76,3737.03197738526,-10.4161507684687,0,No
0.0542015330791473,-44,-3736,-76,3737.03197738526,-10.4161507684687,0,No
0.0542225277423859,-136,-4028,28,4030.39253671401,-3.3837335249394,0,No
0.05424311876297,-136,-4028,28,4030.39253671401,-3.3837335249394,0,No
0.0542639474868774,-136,-4028,28,4030.39253671401,-3.3837335249394,0,No
0.0542845993041992,-44,-3684,156,3687.5639655469,-11.6019942242188,0,No
0.0543071546554565,-44,-3684,156,3687.5639655469,-11.6019942242188,0,No
0.0543278739452362,-24,-3764,16,3764.1105191001,-9.76702600500095,0,No
0.0543482842445374,-24,-3764,16,3764.1105191001,-9.76702600500095,0,No
0.0543690176010132,-24,-3764,16,3764.1105191001,-9.76702600500095,0,No
0.0543894140720367,-60,-4088,96,4089.56721426608,-1.96520260943521,0,No
0.0544097850322723,-60,-4088,96,4089.56721426608,-1.96520260943521,0,No
0.0544301178455353,-72,-4416,64,4417.05059966489,5.8852044518193,0,No
0.0544519803524017,-72,-4416,64,4417.05059966489,5.8852044518193,0,No
0.0544728662967682,-72,-4416,64,4417.05059966489,5.8852044518193,0,No
0.0544937407970428,-232,-4484,80,4490.71041150507,7.65097191601154,0,No
0.0545147931575775,-232,-4484,80,4490.71041150507,7.65097191601154,0,No
0.0545351972579956,-208,-4776,-64,4780.95555302494,14.6087065983606,0,No
0.0545559096336365,-208,-4776,-64,4780.95555302494,14.6087065983606,0,No
0.0545764515399933,-208,-4776,-64,4780.95555302494,14.6087065983606,0,No
0.0545967874526978,-208,-4776,-64,4780.95555302494,14.6087065983606,0,No
0.0546195077896118,-88,-3816,12,3817.03340305007,-8.49836261508008,0,No
0.0546403687000275,-88,-3816,12,3817.03340305007,-8.49836261508008,0,No
0.054660945892334,-88,-3816,12,3817.03340305007,-8.49836261508008,0,No
0.0546817843914032,-104,-3756,232,3764.59506454545,-9.75541051806225,0,No
0.0547023439407349,-104,-3756,232,3764.59506454545,-9.75541051806225,0,No
0.0547226665019989,-40,-3776,-124,3778.24721266357,-9.42814225113266,0,No
0.0547429840564728,-40,-3776,-124,3778.24721266357,-9.42814225113266,0,No
0.0547634255886078,-40,-3776,-124,3778.24721266357,-9.42814225113266,0,No
0.0547852966785431,-56,-3876,48,3876.70169087073,-7.06799891137694,0,No
0.0548063957691193,-56,-3876,48,3876.70169087073,-7.06799891137694,0,No
0.0548272893428802,-120,-4192,40,4193.90796274787,0.536045958215079,0,No
0.0548476283550262,-120,-4192,40,4193.90796274787,0.536045958215079,0,No
0.0548679494857788,-120,-4192,40,4193.90796274787,0.536045958215079,0,No
0.0548885178565979,-96,-4340,4,4341.06346417557,4.06364656031457,0,No
0.0549092319011688,-96,-4340,4,4341.06346417557,4.06364656031457,0,No
0.0549295513629913,-164,-5016,88,5019.45176289204,20.32591978688,1,Yes
0.0549502701759338,-164,-5016,88,5019.45176289204,20.32591978688,1,Yes
0.0549711601734161,-164,-5016,88,5019.45176289204,20.32591978688,1,Yes
0.0549916276931763,-80,-4180,76,4181.45620567763,0.237553375117571,0,No
0.0550122482776642,-80,-4180,76,4181.45620567763,0.237553375117571,0,No
0.0550325846672058,-80,-4180,76,4181.45620567763,0.237553375117571,0,No
0.0550528557300568,-296,-4848,108,4858.22848371708,16.4610874756704,0,No
0.0550733840465546,-296,-4848,108,4858.22848371708,16.4610874756704,0,No
0.0550937526226044,-76,-4116,-88,4117.64204369442,-1.29219491190146,0,No
0.0551145596504211,-76,-4116,-88,4117.64204369442,-1.29219491190146,0,No
0.0551352529525757,-76,-4116,-88,4117.64204369442,-1.29219491190146,0,No
0.0551558275222778,-88,-3700,16,3701.08092318987,-11.2779667331819,0,No
0.0551763877868652,-88,-3700,16,3701.08092318987,-11.2779667331819,0,No
0.0551968166828155,-96,-3756,52,3757.5864594178,-9.92342027256226,0,No
0.055219366312027,-96,-3756,52,3757.5864594178,-9.92342027256226,0,No
0.0552404003143311,-96,-3756,52,3757.5864594178,-9.92342027256226,0,No
0.0552612359523773,-288,-4468,-208,4482.10129292054,7.44459477341295,0,No
0.0552818846702576,-288,-4468,-208,4482.10129292054,7.44459477341295,0,No
0.0553022112846374,-132,-4336,108,4339.35294715698,4.02264217511576,0,No
0.0553229594230652,-132,-4336,108,4339.35294715698,4.02264217511576,0,No
0.0553434431552887,-132,-4336,108,4339.35294715698,4.02264217511576,0,No
0.0553640146255493,-132,-4116,156,4121.06976402972,-1.2100258580685,0,No
0.0553880591392517,-132,-4116,156,4121.06976402972,-1.2100258580685,0,No
0.0554098727703094,-156,-4348,64,4351.26832084623,4.30827661618414,0,No
0.0554302883148193,-156,-4348,64,4351.26832084623,4.30827661618414,0,No
0.055451315164566,-156,-4348,64,4351.26832084623,4.30827661618414,0,No
0.0554723200798035,-60,-4612,156,4615.02762721958,10.631094852301,0,No
0.0554932627677917,-60,-4612,156,4615.02762721958,10.631094852301,0,No
0.055513947725296,-44,-3828,8,3828.26122410684,-8.22921013395734,0,No
0.0555348598957062,-44,-3828,8,3828.26122410684,-8.22921013395734,0,No
0.0555557038784027,-44,-3828,8,3828.26122410684,-8.22921013395734,0,No
0.0555764238834381,-76,-3880,140,3883.26872621507,-6.91057443448051,0,No
0.0555973701477051,-76,-3880,140,3883.26872621507,-6.91057443448051,0,No
0.0556179182529449,-68,-4104,24,4104.63347937425,-1.60403523647695,0,No
0.0556386141777039,-68,-4104,24,4104.63347937425,-1.60403523647695,0,No
0.0556592509746551,-68,-4104,24,4104.63347937425,-1.60403523647695,0,No
0.0556796519756317,-108,-3672,12,3673.60749128156,-11.9365577746396,0,No
0.0557000350952148,-108,-3672,12,3673.60749128156,-11.9365577746396,0,No
0.0557207977771759,-36,-3732,52,3732.53586720878,-10.5239311831442,0,No
0.0557413048744202,-36,-3732,52,3732.53586720878,-10.5239311831442,0,No
0.0557618227005005,-36,-3732,52,3732.53586720878,-10.5239311831442,0,No
0.0557824599742889,-124,-4336,48,4338.03826631347,3.9911267449066,0,No
0.0558052008152008,-124,-4336,48,4338.03826631347,3.9911267449066,0,No
0.0558263392448425,-168,-4568,24,4571.15127730422,9.57929429521881,0,No
0.0558469061851501,-168,-4568,24,4571.15127730422,9.57929429521881,0,No
0.0558678376674652,-168,-4568,24,4571.15127730422,9.57929429521881,0,No
0.0558882715702057,-104,-4068,0,4069.32918304725,-2.4503471702583,0,No
0.0559092216491699,-104,-4068,0,4069.32918304725,-2.4503471702583,0,No
0.0559302341938019,-104,-4068,0,4069.32918304725,-2.4503471702583,0,No
0.0559533083438873,-300,-5112,-184,5124.09992096173,22.834537554029,1,Yes
0.0559737722873688,-300,-5112,-184,5124.09992096173,22.834537554029,1,Yes
0.0559946076869965,-192,-4728,100,4732.95341198284,13.4580028869851,0,No
0.056015554189682,-192,-4728,100,4732.95341198284,13.4580028869851,0,No
0.0560359671115875,-192,-4728,100,4732.95341198284,13.4580028869851,0,No
0.0560569787025452,-124,-3968,196,3974.7724463169,-4.7170541447607,0,No
0.0560775439739227,-124,-3968,196,3974.7724463169,-4.7170541447607,0,No
0.0560986621379852,-72,-3932,16,3932.69169907838,-5.72581064964962,0,No
0.056119261264801,-72,-3932,16,3932.69169907838,-5.72581064964962,0,No
0.0561399533748627,-72,-3932,16,3932.69169907838,-5.72581064964962,0,No
0.0561605968475342,-124,-3708,76,3710.85111531034,-11.0437564231873,0,No
0.0561811606884003,-124,-3708,76,3710.85111531034,-11.0437564231873,0,No
0.0562015264034271,-336,-4588,144,4602.54016821146,10.3317464250363,0,No
0.0562220268249512,-336,-4588,144,4602.54016821146,10.3317464250363,0,No
0.0562424294948578,-336,-4588,144,4602.54016821146,10.3317464250363,0,No
0.0562631411552429,-80,-4052,56,4053.17653205483,-2.83755730384863,0,No
0.0562837800979614,-80,-4052,56,4053.17653205483,-2.83755730384863,0,No
0.0563045122623444,-292,-4252,-320,4274.01076273797,2.45626424929786,0,No
0.0563251099586487,-292,-4252,-320,4274.01076273797,2.45626424929786,0,No
0.0563459618091583,-292,-4252,-320,4274.01076273797,2.45626424929786,0,No
0.0563670134544373,-160,-4312,28,4315.0582846585,3.44025235464721,0,No
0.0563880596160889,-160,-4312,28,4315.0582846585,3.44025235464721,0,No
0.0564086949825287,-80,-3612,8,3612.8946843217,-13.3919606125143,0,No
0.0564292833805084,-80,-3612,8,3612.8946843217,-13.3919606125143,0,No
0.0564501864910126,-80,-3612,8,3612.8946843217,-13.3919606125143,0,No
0.0564708397388458,-96,-3740,28,3741.3366595376,-10.3129592519768,0,No
0.0564912371635437,-96,-3740,28,3741.3366595376,-10.3129592519768,0,No
0.0565119013786316,-96,-3740,28,3741.3366595376,-10.3129592519768,0,No
0.0565326793193817,-84,-3748,8,3748.94971958814,-10.1304595495699,0,No
0.0565531966686249,-84,-3748,8,3748.94971958814,-10.1304595495699,0,No
0.0565738046169281,-80,-3772,44,3773.10482229158,-9.55141524600161,0,No
0.0565944292545319,-80,-3772,44,3773.10482229158,-9.55141524600161,0,No
0.056614953994751,-80,-3772,44,3773.10482229158,-9.55141524600161,0,No
0.0566355378627777,-80,-3772,44,3773.10482229158,-9.55141524600161,0,No
0.0566559829711914,-100,-3976,64,3977.77224084034,-4.64514329627444,0,No
0.0566770265102386,-100,-3976,64,3977.77224084034,-4.64514329627444,0,No
0.0566976099014282,-100,-4176,8,4177.20480704502,0.135639167149238,0,No
0.0567185344696045,-100,-4176,8,4177.20480704502,0.135639167149238,0,No
0.0567391850948334,-100,-4176,8,4177.20480704502,0.135639167149238,0,No
0.0567598390579224,-136,-4268,44,4270.39295615755,2.36953846230685,0,No
0.0567805664539337,-136,-4268,44,4270.39295615755,2.36953846230685,0,No
0.0568011975288391,-136,-4268,44,4270.39295615755,2.36953846230685,0,No
0.0568218157291412,-88,-4168,52,4169.25317053306,-0.0549768647021319,0,No
0.0568424079418182,-88,-4168,52,4169.25317053306,-0.0549768647021319,0,No
0.0568632762432098,-100,-4196,32,4197.31342646698,0.617681478120306,0,No
0.0568840143680572,-100,-4196,32,4197.31342646698,0.617681478120306,0,No
0.0569047050476074,-100,-4196,32,4197.31342646698,0.617681478120306,0,No
0.0569255247116089,-120,-4188,60,4190.14844605773,0.445923107142012,0,No
0.05694615650177,-120,-4188,60,4190.14844605773,0.445923107142012,0,No
0.056968474149704,-108,-4120,36,4121.57251543631,-1.19797393919779,0,No
0.0569900579452515,-108,-4120,36,4121.57251543631,-1.19797393919779,0,No
0.0570104112625122,-108,-4120,36,4121.57251543631,-1.19797393919779,0,No
0.0570317711830139,-120,-4096,24,4097.82771721799,-1.76718245453717,0,No
0.0570526301860809,-120,-4096,24,4097.82771721799,-1.76718245453717,0,No
0.057073249578476,-92,-4120,60,4121.46381762597,-1.20057963492442,0,No
0.0570938847064972,-92,-4120,60,4121.46381762597,-1.20057963492442,0,No
0.0571143698692322,-92,-4120,60,4121.46381762597,-1.20057963492442,0,No
0.0571346890926361,-120,-4100,36,4101.91369972602,-1.66923358945464,0,No
0.0571553773880005,-120,-4100,36,4101.91369972602,-1.66923358945464,0,No
0.0571762375831604,-92,-4092,32,4093.15917110488,-1.87909649050422,0,No
0.0571970705986023,-92,-4092,32,4093.15917110488,-1.87909649050422,0,No
0.0572175288200378,-92,-4092,32,4093.15917110488,-1.87909649050422,0,No
0.0572379930019379,-104,-4124,48,4125.59038199383,-1.10165794455301,0,No
0.0572585732936859,-104,-4124,48,4125.59038199383,-1.10165794455301,0,No
0.0572792479991913,-124,-4108,36,4110.02871036201,-1.47470116540097,0,No
0.0572998416423798,-124,-4108,36,4110.02871036201,-1.47470116540097,0,No
0.0573206331729889,-124,-4108,36,4110.02871036201,-1.47470116540097,0,No
0.0573412344455719,-112,-4112,36,4113.68253515023,-1.38711195264417,0,No
0.0573620209693909,-112,-4112,36,4113.68253515023,-1.38711195264417,0,No
0.0573827722072601,-112,-4112,36,4113.68253515023,-1.38711195264417,0,No
0.0574035573005676,-120,-4132,52,4134.06918181106,-0.898404793633272,0,No
0.0574244170188904,-120,-4132,52,4134.06918181106,-0.898404793633272,0,No
0.0574452092647552,-96,-4120,24,4121.18817818357,-1.20718724288695,0,No
0.0574659693241119,-96,-4120,24,4121.18817818357,-1.20718724288695,0,No
0.0574864685535431,-96,-4120,24,4121.18817818357,-1.20718724288695,0,No
0.0575070688724518,-120,-4124,48,4126.02472120563,-1.09124599766556,0,No
0.057527676820755,-120,-4124,48,4126.02472120563,-1.09124599766556,0,No
0.0575482478141785,-104,-4124,52,4125.6388596192,-1.10049584256717,0,No
0.057568617105484,-104,-4124,52,4125.6388596192,-1.10049584256717,0,No
0.0575889956951141,-104,-4124,52,4125.6388596192,-1.10049584256717,0,No
0.0576093051433563,-104,-4112,40,4113.50945057867,-1.39126112296352,0,No
0.0576299557685852,-104,-4112,40,4113.50945057867,-1.39126112296352,0,No
0.0576506285667419,-116,-4128,48,4129.9084735621,-0.998144978552092,0,No
0.057670982837677,-116,-4128,48,4129.9084735621,-0.998144978552092,0,No
0.0576916441917419,-116,-4128,48,4129.9084735621,-0.998144978552092,0,No
0.0577122583389282,-100,-4128,32,4129.33505542963,-1.01189091485571,0,No
0.0577326469421387,-100,-4128,32,4129.33505542963,-1.01189091485571,0,No
0.0577533302307129,-100,-4128,32,4129.33505542963,-1.01189091485571,0,No
0.0577736999988556,-128,-4140,68,4142.5364210831,-0.695428771232647,0,No
0.0577943999767303,-128,-4140,68,4142.5364210831,-0.695428771232647,0,No
0.0578150010108948,-96,-4108,32,4109.2461595772,-1.49346041390253,0,No
0.0578354089260101,-96,-4108,32,4109.2461595772,-1.49346041390253,0,No
0.0578557329177856,-96,-4108,32,4109.2461595772,-1.49346041390253,0,No
0.0578762292861938,-104,-4124,32,4125.43524976456,-1.10537676267439,0,No
0.0578964457511902,-104,-4124,32,4125.43524976456,-1.10537676267439,0,No
0.057917181968689,-108,-4136,52,4137.736579339,-0.810490216181747,0,No
0.0579378640651703,-108,-4136,52,4137.736579339,-0.810490216181747,0,No
0.0579586837291718,-108,-4136,52,4137.736579339,-0.810490216181747,0,No
0.0579796140193939,-96,-4120,52,4121.44634806763,-1.20099841386172,0,No
0.058000063419342,-96,-4120,52,4121.44634806763,-1.20099841386172,0,No
0.0580214688777924,-116,-4148,48,4149.8992758861,-0.518926970183781,0,No
0.0580421402454376,-116,-4148,48,4149.8992758861,-0.518926970183781,0,No
0.0580628945827484,-116,-4148,48,4149.8992758861,-0.518926970183781,0,No
0.058083306312561,-100,-4124,36,4125.36931680062,-1.1069573027225,0,No
0.0581041369438171,-100,-4124,36,4125.36931680062,-1.1069573027225,0,No
0.0581245248317718,-100,-4124,36,4125.36931680062,-1.1069573027225,0,No
0.0581451177597046,-116,-4152,56,4153.99759268105,-0.420682428503706,0,No
0.0581658728122711,-116,-4152,56,4153.99759268105,-0.420682428503706,0,No
0.0581865205764771,-104,-4128,12,4129.32730599065,-1.01207668382345,0,No
0.0582083303928375,-104,-4128,12,4129.32730599065,-1.01207668382345,0,No
0.0582290534973145,-104,-4128,12,4129.32730599065,-1.01207668382345,0,No
0.0582495765686035,-112,-4108,48,4109.80680811154,-1.48002058944393,0,No
0.0582703094482422,-112,-4108,48,4109.80680811154,-1.48002058944393,0,No
0.058291286945343,-104,-4116,48,4117.59347192022,-1.29335927081615,0,No
0.0583119502067566,-104,-4116,48,4117.59347192022,-1.29335927081615,0,No
0.0583326122760773,-104,-4116,48,4117.59347192022,-1.29335927081615,0,No
0.0583532447814941,-104,-4092,36,4093.47969336602,-1.87141295498959,0,No
0.058373925447464,-104,-4092,36,4093.47969336602,-1.87141295498959,0,No
0.0583942391872406,-128,-4108,32,4110.11824647418,-1.47255481246042,0,No
0.0584146959781647,-128,-4108,32,4110.11824647418,-1.47255481246042,0,No
0.0584350693225861,-128,-4108,32,4110.11824647418,-1.47255481246042,0,No
0.0584553205966949,-112,-4124,36,4125.67764130936,-1.09956617081007,0,No
0.058476003408432,-112,-4124,36,4125.67764130936,-1.09956617081007,0,No
0.0584964096546173,-108,-4108,44,4109.65497335239,-1.48366036086008,0,No
0.0585209171772003,-108,-4108,44,4109.65497335239,-1.48366036086008,0,No
0.0585431034564972,-108,-4108,44,4109.65497335239,-1.48366036086008,0,No
0.0585636508464813,-116,-4128,40,4129.82324076951,-1.00018817263942,0,No
0.0585845553874969,-116,-4128,40,4129.82324076951,-1.00018817263942,0,No
0.0586052327156067,-104,-4124,24,4125.38095210612,-1.10667838205494,0,No
0.0586256957054138,-104,-4124,24,4125.38095210612,-1.10667838205494,0,No
0.0586462018489838,-104,-4124,24,4125.38095210612,-1.10667838205494,0,No
0.058666862487793,-104,-4124,24,4125.38095210612,-1.10667838205494,0,No
0.0586877982616425,-136,-4132,60,4134.67290120996,-0.883932477651955,0,No
0.058708532333374,-136,-4132,60,4134.67290120996,-0.883932477651955,0,No
0.0587291312217712,-136,-4132,60,4134.67290120996,-0.883932477651955,0,No
0.0587495100498199,-96,-4116,24,4117.18933254229,-1.3030472695596,0,No
0.0587698349952698,-96,-4116,24,4117.18933254229,-1.3030472695596,0,No
0.0587901601791382,-120,-4108,52,4110.08126440342,-1.47344134387669,0,No
0.058810690164566,-120,-4108,52,4110.08126440342,-1.47344134387669,0,No
0.0588312404155731,-120,-4108,52,4110.08126440342,-1.47344134387669,0,No
0.0588515977859497,-116,-4128,52,4129.95690050151,-0.996984091606219,0,No
0.0588723118305206,-116,-4128,52,4129.95690050151,-0.996984091606219,0,No
0.0588929705619812,-108,-4116,28,4117.51187004968,-1.2953154247136,0,No
0.058913426399231,-108,-4116,28,4117.51187004968,-1.2953154247136,0,No
0.0589340932369232,-108,-4116,28,4117.51187004968,-1.2953154247136,0,No
0.0589546055793762,-116,-4120,44,4121.86753790075,-1.19090168289005,0,No
0.0589750101566315,-116,-4120,44,4121.86753790075,-1.19090168289005,0,No
0.0589954590797424,-116,-4120,44,4121.86753790075,-1.19090168289005,0,No
0.059015882730484,-108,-4148,48,4149.68336141446,-0.524102855643617,0,No
0.0590367283821106,-108,-4148,48,4149.68336141446,-0.524102855643617,0,No
0.0590574548244476,-116,-4120,28,4121.7277930499,-1.1942516359344,0,No
0.0590778646469116,-116,-4120,28,4121.7277930499,-1.1942516359344,0,No
0.059098659992218,-116,-4120,28,4121.7277930499,-1.1942516359344,0,No
0.0591200964450836,-100,-4120,28,4121.30853006663,-1.20430217660639,0,No
0.0591412992477417,-100,-4120,28,4121.30853006663,-1.20430217660639,0,No
0.0591621205806732,-128,-4108,40,4110.18831685362,-1.47087509059953,0,No
0.059182578086853,-128,-4108,40,4110.18831685362,-1.47087509059953,0,No
0.0592030680179596,-128,-4108,40,4110.18831685362,-1.47087509059953,0,No
0.0592238707542419,-108,-4120,24,4121.48516920782,-1.20006779641164,0,No
0.0592440650463104,-108,-4120,24,4121.48516920782,-1.20006779641164,0,No
0.0592646005153656,-120,-4124,36,4125.90256792377,-1.09417424694228,0,No
0.0592849423885345,-120,-4124,36,4125.90256792377,-1.09417424694228,0,No
0.0593054168224335,-120,-4124,36,4125.90256792377,-1.09417424694228,0,No
0.0593259470462799,-108,-4120,28,4121.51040275286,-1.19946289976964,0,No
0.059346666097641,-108,-4120,28,4121.51040275286,-1.19946289976964,0,No
0.0593676898479462,-124,-4120,24,4121.93546771417,-1.18927327451675,0,No
0.0593887493610382,-124,-4120,24,4121.93546771417,-1.18927327451675,0,No
0.0594096179008484,-124,-4120,24,4121.93546771417,-1.18927327451675,0,No
0.0594300963878632,-104,-4120,44,4121.54728227155,-1.19857882672384,0,No
0.0594511020183563,-104,-4120,44,4121.54728227155,-1.19857882672384,0,No
0.0594725751876831,-112,-4100,32,4101.65430040124,-1.67545189054016,0,No
0.0594932909011841,-112,-4100,32,4101.65430040124,-1.67545189054016,0,No
0.0595136759281158,-112,-4100,32,4101.65430040124,-1.67545189054016,0,No
0.0595346343517303,-124,-4108,28,4109.96642322051,-1.47619430806788,0,No
0.0595554320812225,-124,-4108,28,4109.96642322051,-1.47619430806788,0,No
0.0595757131576538,-124,-4108,28,4109.96642322051,-1.47619430806788,0,No
0.0595961861610413,-108,-4116,68,4117.97814467246,-1.28413792455837,0,No
0.0596168038845062,-108,-4116,68,4117.97814467246,-1.28413792455837,0,No
0.0596377580165863,-128,-4120,24,4122.05773855729,-1.18634220707025,0,No
0.0596583831310272,-128,-4120,24,4122.05773855729,-1.18634220707025,0,No
0.0596791191101074,-128,-4120,24,4122.05773855729,-1.18634220707025,0,No
0.0596999790668488,-112,-4128,44,4129.75350353989,-1.00185990825797,0,No
0.0597204096317291,-112,-4128,44,4129.75350353989,-1.00185990825797,0,No
0.0597412767410278,-108,-4112,44,4113.65336410349,-1.3878112387804,0,No
0.0597616586685181,-108,-4112,44,4113.65336410349,-1.3878112387804,0,No
0.0597823026180267,-108,-4112,44,4113.65336410349,-1.3878112387804,0,No
0.0598026187419891,-108,-4128,48,4129.6915139027,-1.00334591917394,0,No
0.0598232953548431,-108,-4128,48,4129.6915139027,-1.00334591917394,0,No
0.0598438124656677,-96,-4124,56,4125.49730335629,-1.10388921864506,0,No
0.0598643753528595,-96,-4124,56,4125.49730335629,-1.10388921864506,0,No
0.0598846275806427,-96,-4124,56,4125.49730335629,-1.10388921864506,0,No
0.0599051501750946,-124,-4128,36,4130.01888615537,-0.995498176178284,0,No
0.0599257009029388,-124,-4128,36,4130.01888615537,-0.995498176178284,0,No
0.0599462509155273,-124,-4128,36,4130.01888615537,-0.995498176178284,0,No
0.0599669351577759,-96,-4132,44,4133.34924728119,-0.915663009985409,0,No
0.0599875771999359,-96,-4132,44,4133.34924728119,-0.915663009985409,0,No
