Time_s,Temperature_C,Humidity_percent,Microphone,AccelX,AccelY,AccelZ,DynamicAccel,Spike_Binary,Spike_YesNo
0,23.3,33.1,0,-108,-4136,44,212.226930673304,0,No
2.24683284759521e-05,23.3,33.1,0,-124,-4120,24,202.437562954628,0,No
4.30560111999512e-05,23.3,33.1,0,-124,-4120,24,202.437562954628,0,No
6.34925365447998e-05,23.3,33.1,0,-124,-4120,24,202.437562954628,0,No
8.40127468109131e-05,23.3,33.1,0,-120,-4120,60,230.709557616024,0,No
0.000104902505874634,23.3,33.1,0,-120,-4120,60,230.709557616024,0,No
0.000125567436218262,23.3,33.1,0,-112,-4116,36,205.8075061114,0,No
0.000146125793457031,23.3,33.1,0,-112,-4116,36,205.8075061114,0,No
0.000166553020477295,23.3,33.1,0,-112,-4116,36,205.8075061114,0,No
0.000187003612518311,23.3,33.1,0,-88,-4108,48,205.561084459495,0,No
0.000207343101501465,23.3,33.1,0,-88,-4108,48,205.561084459495,0,No
0.000227798461914063,23.3,33.1,0,-108,-4116,48,214.291557672638,0,No
0.000248201370239258,23.3,33.1,0,-108,-4116,48,214.291557672638,0,No
0.000268764019012451,23.3,33.1,0,-108,-4116,48,214.291557672638,0,No
0.000289336442947388,23.3,33.1,0,-104,-4144,40,207.976674194106,0,No
0.000310071468353272,23.3,33.1,0,-104,-4144,40,207.976674194106,0,No
0.000330567359924316,23.3,33.1,0,-108,-4112,44,210.710782388174,0,No
0.000350925207138062,23.3,33.1,0,-108,-4112,44,210.710782388174,0,No
0.000371461868286133,23.3,33.1,0,-108,-4112,44,210.710782388174,0,No
0.000391971588134766,23.3,33.1,0,-104,-4112,52,215.935663502368,0,No
0.000412811517715454,23.3,33.1,0,-104,-4112,52,215.935663502368,0,No
0.00043353533744812,23.3,33.1,0,-104,-4112,52,215.935663502368,0,No
0.000454200267791748,23.3,33.1,0,-100,-4124,24,189.80863897717,0,No
0.000474443674087524,23.3,33.1,0,-100,-4124,24,189.80863897717,0,No
0.00049488091468811,23.3,33.1,0,-108,-4116,52,217.825243831301,0,No
0.00051550555229187,23.3,33.1,0,-108,-4116,52,217.825243831301,0,No
0.000536330223083496,23.3,33.1,0,-108,-4116,52,217.825243831301,0,No
0.000556704998016357,23.3,33.1,0,-120,-4132,48,221.175547107651,0,No
0.000576994180679321,23.3,33.1,0,-120,-4132,48,221.175547107651,0,No
0.000597782135009766,23.3,33.1,0,-116,-4116,52,221.651401025627,0,No
0.000618596076965332,23.3,33.1,0,-116,-4116,52,221.651401025627,0,No
0.000639738082885742,23.3,33.1,0,-116,-4116,52,221.651401025627,0,No
0.000660206317901611,23.3,33.1,0,-96,-4112,36,198.047578637432,0,No
0.000680670738220215,23.3,33.1,0,-96,-4112,36,198.047578637432,0,No
0.000701130867004394,23.3,33.1,0,-112,-4116,52,219.710241484994,0,No
0.000721864223480225,23.3,33.1,0,-112,-4116,52,219.710241484994,0,No
0.000742409944534302,23.3,33.1,0,-112,-4116,52,219.710241484994,0,No
0.000762896776199341,23.3,33.1,0,-116,-4124,52,221.988938927329,0,No
0.000783612966537476,23.3,33.1,0,-116,-4124,52,221.988938927329,0,No
0.000804336547851563,23.3,33.1,0,-108,-4132,52,218.804313735088,0,No
0.00082459831237793,23.3,33.1,0,-108,-4132,52,218.804313735088,0,No
0.000845505714416504,23.3,33.1,0,-108,-4132,52,218.804313735088,0,No
0.000865889072418213,23.3,33.1,0,-116,-4132,56,226.088035057011,0,No
0.000886260271072388,23.3,33.1,0,-116,-4132,56,226.088035057011,0,No
0.000906560182571411,23.3,33.1,0,-116,-4132,56,226.088035057011,0,No
0.000927577018737793,23.3,33.1,0,-112,-4116,48,216.207365862022,0,No
0.000948291540145874,23.3,33.1,0,-112,-4116,48,216.207365862022,0,No
0.000968630313873291,23.3,33.1,0,-100,-4108,40,203.43964513597,0,No
0.000989313840866089,23.3,33.1,0,-100,-4108,40,203.43964513597,0,No
0.00101004147529602,23.3,33.1,0,-100,-4108,40,203.43964513597,0,No
0.00103072261810303,23.3,33.1,0,-120,-4136,56,228.454428002388,0,No
0.00105170726776123,23.3,33.1,0,-120,-4136,56,228.454428002388,0,No
0.00107242751121521,23.3,33.1,0,-108,-4116,48,214.291557672638,0,No
0.001092942237854,23.3,33.1,0,-108,-4116,48,214.291557672638,0,No
0.00111355876922607,23.3,33.1,0,-108,-4116,48,214.291557672638,0,No
0.00113447093963623,23.3,33.1,0,-104,-4116,56,219.576976587568,0,No
0.00115486168861389,23.3,33.1,0,-104,-4116,56,219.576976587568,0,No
0.00117509317398071,23.3,33.1,0,-104,-4116,56,219.576976587568,0,No
0.00119562792778015,23.3,33.1,0,-112,-4132,36,206.843468426515,0,No
0.00121626496315002,23.3,33.1,0,-112,-4132,36,206.843468426515,0,No
0.00123814368247986,23.3,33.1,0,-100,-4092,44,207.824838540856,0,No
0.00125904369354248,23.3,33.1,0,-100,-4092,44,207.824838540856,0,No
0.00127970957756042,23.3,33.1,0,-100,-4092,44,207.824838540856,0,No
0.00130053567886353,23.3,33.1,0,-116,-4124,40,211.646387932516,0,No
0.00132142210006714,23.3,33.1,0,-116,-4124,40,211.646387932516,0,No
0.00134209132194519,23.3,33.1,0,-112,-4108,40,209.203129285237,0,No
0.00136308455467224,23.3,33.1,0,-112,-4108,40,209.203129285237,0,No
0.00138363146781921,23.3,33.1,0,-112,-4108,40,209.203129285237,0,No
0.0014045078754425,23.3,33.1,0,-108,-4136,52,219.230929441564,0,No
0.00142541575431824,23.3,33.1,0,-108,-4136,52,219.230929441564,0,No
0.00144617056846619,23.3,33.1,0,-112,-4112,44,212.658851632997,0,No
0.00146677136421204,23.3,33.1,0,-112,-4112,44,212.658851632997,0,No
0.00148740530014038,23.3,33.1,0,-112,-4112,44,212.658851632997,0,No
0.0015083487033844,23.3,33.1,0,-104,-4112,44,208.821168590274,0,No
0.00152888464927673,23.3,33.1,0,-104,-4112,44,208.821168590274,0,No
0.00154989194869995,23.3,33.1,0,-112,-4120,56,223.361653129009,0,No
0.00157053685188293,23.3,33.1,0,-112,-4120,56,223.361653129009,0,No
0.00159097075462341,23.3,33.1,0,-112,-4120,56,223.361653129009,0,No
0.00161154198646545,23.3,33.1,0,-108,-4136,48,215.720270868112,0,No
0.00163228034973145,23.3,33.1,0,-108,-4136,48,215.720270868112,0,No
0.00165453004837036,23.3,33.1,0,-108,-4136,48,215.720270868112,0,No
0.00167590999603271,23.3,32.6,0,-120,-4116,44,216.785992672616,0,No
0.00169651937484741,23.3,32.6,0,-120,-4116,44,216.785992672616,0,No
0.00171691107749939,23.3,32.6,0,-120,-4116,44,216.785992672616,0,No
0.00173773407936096,23.3,32.6,0,-112,-4136,32,203.892442196958,0,No
0.00175893354415894,23.3,32.6,0,-112,-4136,32,203.892442196958,0,No
0.00177955412864685,23.3,32.6,0,-112,-4136,32,203.892442196958,0,No
0.00180042910575867,23.3,32.6,0,-104,-4120,60,223.302231342337,0,No
0.0018211555480957,23.3,32.6,0,-104,-4120,60,223.302231342337,0,No
0.00184210419654846,23.3,32.6,0,-120,-4104,40,213.421140739299,0,No
0.00186259460449219,23.3,32.6,0,-120,-4104,40,213.421140739299,0,No
0.00188328289985657,23.3,32.6,0,-120,-4104,40,213.421140739299,0,No
0.00190370607376099,23.3,32.6,0,-104,-4120,44,209.026376041078,0,No
0.00192498421669006,23.3,32.6,0,-104,-4120,44,209.026376041078,0,No
0.00194542956352234,23.3,32.6,0,-108,-4120,48,214.428879595298,0,No
0.00196617364883423,23.3,32.6,0,-108,-4120,48,214.428879595298,0,No
0.0019869601726532,23.3,32.6,0,-108,-4120,48,214.428879595298,0,No
0.0020083794593811,23.3,32.6,0,-108,-4108,44,210.722948678845,0,No
0.002028804063797,23.3,32.6,0,-108,-4108,44,210.722948678845,0,No
0.00204944729804993,23.3,32.6,0,-108,-4116,44,210.774539566252,0,No
0.00207017779350281,23.3,32.6,0,-108,-4116,44,210.774539566252,0,No
0.00209077954292297,23.3,32.6,0,-108,-4116,44,210.774539566252,0,No
0.00211101579666138,23.3,32.6,0,-108,-4108,56,221.325679895279,0,No
0.00213172960281372,23.3,32.6,0,-108,-4108,56,221.325679895279,0,No
0.00215204405784607,23.3,32.6,0,-124,-4128,40,216.163301617244,0,No
0.00217277646064758,23.3,32.6,0,-124,-4128,40,216.163301617244,0,No
0.00219319033622742,23.3,32.6,0,-124,-4128,40,216.163301617244,0,No
0.00221378397941589,23.3,32.6,0,-104,-4116,64,226.777377549299,0,No
0.00223404240608215,23.3,32.6,0,-104,-4116,64,226.777377549299,0,No
0.00225474905967712,23.3,32.6,0,-104,-4116,64,226.777377549299,0,No
0.00227504968643188,23.3,32.6,0,-116,-4132,48,219.157179383063,0,No
0.00229545545578003,23.3,32.6,0,-116,-4132,48,219.157179383063,0,No
0.00231603837013245,23.3,32.6,0,-124,-4116,40,215.531795384997,0,No
0.00233671021461487,23.3,32.6,0,-124,-4116,40,215.531795384997,0,No
0.00235740447044373,23.3,32.6,0,-124,-4116,40,215.531795384997,0,No
0.00237837409973145,23.3,32.6,0,-116,-4132,48,219.157179383063,0,No
0.00239867258071899,23.3,32.6,0,-116,-4132,48,219.157179383063,0,No
0.00241936707496643,23.3,32.6,0,-104,-4120,32,198.492141909108,0,No
0.00244001126289368,23.3,32.6,0,-104,-4120,32,198.492141909108,0,No
0.00246068692207336,23.3,32.6,0,-104,-4120,32,198.492141909108,0,No
0.00248120617866516,23.3,32.6,0,-140,-4116,36,221.418163469926,0,No
0.00250155711174011,23.3,32.6,0,-140,-4116,36,221.418163469926,0,No
0.00252371454238892,23.3,32.6,0,-104,-4108,44,208.833444966745,0,No
0.00254400038719177,23.3,32.6,0,-104,-4108,44,208.833444966745,0,No
0.0025643458366394,23.3,32.6,0,-104,-4108,44,208.833444966745,0,No
0.00258706641197205,23.3,32.6,0,-120,-4144,68,239.854261134875,0,No
0.00260810542106628,23.3,32.6,0,-120,-4144,68,239.854261134875,0,No
0.00262882256507874,23.3,32.6,0,-100,-4112,48,210.571822066911,0,No
0.00264945268630981,23.3,32.6,0,-100,-4112,48,210.571822066911,0,No
0.0026700587272644,23.3,32.6,0,-100,-4112,48,210.571822066911,0,No
0.00269075679779053,23.3,32.6,0,-116,-4120,44,214.863412358996,0,No
0.00271134948730469,23.3,32.6,0,-116,-4120,44,214.863412358996,0,No
0.00273215866088867,23.3,32.6,0,-116,-4120,44,214.863412358996,0,No
0.00275302577018738,23.3,32.6,0,-116,-4120,52,221.784166006846,0,No
0.002773841381073,23.3,32.6,0,-116,-4120,52,221.784166006846,0,No
0.00279454588890076,23.3,32.6,0,-124,-4112,56,229.065367851082,0,No
0.00281523442268372,23.3,32.6,0,-124,-4112,56,229.065367851082,0,No
0.0028358051776886,23.3,32.6,0,-124,-4112,56,229.065367851082,0,No
0.00285646867752075,23.3,32.6,0,-96,-4136,40,203.211822620942,0,No
0.00287705540657043,23.3,32.6,0,-96,-4136,40,203.211822620942,0,No
0.00289770674705505,23.3,32.6,0,-96,-4132,52,213.525332500377,0,No
0.00291829919815063,23.3,32.6,0,-96,-4132,52,213.525332500377,0,No
0.00294033646583557,23.3,32.6,0,-96,-4132,52,213.525332500377,0,No
0.00296075320243835,23.3,32.6,0,-116,-4128,52,222.265520764717,0,No
0.00298118162155151,23.3,32.6,0,-116,-4128,52,222.265520764717,0,No
0.0030018162727356,23.3,32.6,0,-104,-4140,52,217.918149256349,0,No
0.00302298641204834,23.3,32.6,0,-104,-4140,52,217.918149256349,0,No
0.00304357528686523,23.3,32.6,0,-104,-4140,52,217.918149256349,0,No
0.00306438803672791,23.3,32.6,0,-96,-4124,48,209.256677383394,0,No
0.00308588600158691,23.3,32.6,0,-96,-4124,48,209.256677383394,0,No
0.00310701465606689,23.3,32.6,0,-104,-4124,60,223.505613435537,0,No
0.00312770652770996,23.3,32.6,0,-104,-4124,60,223.505613435537,0,No
0.003148104429245,23.3,32.6,0,-104,-4124,60,223.505613435537,0,No
0.00316864204406738,23.3,32.6,0,-120,-4116,48,220.207020277401,0,No
0.00318990993499756,23.3,32.6,0,-120,-4116,48,220.207020277401,0,No
0.00321066737174988,23.3,32.6,0,-108,-4124,28,197.2708577495,0,No
0.00323118257522583,23.3,32.6,0,-108,-4124,28,197.2708577495,0,No
0.00325181555747986,23.3,32.6,0,-108,-4124,28,197.2708577495,0,No
0.00327225208282471,23.3,32.6,0,-128,-4132,56,232.116478703315,0,No
0.00329291200637817,23.3,32.6,0,-128,-4132,56,232.116478703315,0,No
0.00331344556808472,23.3,32.6,0,-128,-4132,56,232.116478703315,0,No
0.00333441209793091,23.3,32.6,0,-104,-4132,48,213.437600214802,0,No
0.00335520839691162,23.3,32.6,0,-104,-4132,48,213.437600214802,0,No
0.00337572884559631,23.3,32.6,0,-92,-4116,52,210.876322514527,0,No
0.00339636945724487,23.3,32.6,0,-92,-4116,52,210.876322514527,0,No
0.00341681838035583,23.3,32.6,0,-92,-4116,52,210.876322514527,0,No
0.00343750953674316,23.3,32.6,0,-104,-4132,40,206.392051360157,0,No
0.00345791721343994,23.3,32.6,0,-104,-4132,40,206.392051360157,0,No
0.00347886443138123,23.3,32.6,0,-116,-4132,44,215.719503324896,0,No
0.00349964356422424,23.3,32.6,0,-116,-4132,44,215.719503324896,0,No
0.00352034378051758,23.3,32.6,0,-116,-4132,44,215.719503324896,0,No
0.00354067993164063,23.3,32.6,0,-100,-4120,36,200.093333714137,0,No
0.00356126403808594,23.3,32.6,0,-100,-4120,36,200.093333714137,0,No
0.00358178067207336,23.3,32.6,0,-104,-4128,44,209.537040425612,0,No
0.00360325884819031,23.3,32.6,0,-104,-4128,44,209.537040425612,0,No
0.00362429785728455,23.3,32.6,0,-104,-4128,44,209.537040425612,0,No
0.00364492964744568,23.3,32.6,0,-116,-4124,44,215.074774637291,0,No
0.00366564893722534,23.3,32.6,0,-116,-4124,44,215.074774637291,0,No
0.00368657374382019,23.3,32.6,0,-116,-4124,44,215.074774637291,0,No
0.00370720553398132,23.3,32.6,0,-116,-4124,44,215.074774637291,0,No
0.00372779154777527,23.3,32.2,0,-124,-4108,48,222.238924838162,0,No
0.0037486355304718,23.3,32.2,0,-124,-4108,48,222.238924838162,0,No
0.0037692985534668,23.3,32.2,0,-96,-4124,36,198.492976068015,0,No
0.00379176902770996,23.3,32.2,0,-96,-4124,36,198.492976068015,0,No
0.00381227946281433,23.3,32.2,0,-96,-4124,36,198.492976068015,0,No
0.00383281087875366,23.3,32.2,0,-112,-4116,48,216.207365862022,0,No
0.00385340905189514,23.3,32.2,0,-112,-4116,48,216.207365862022,0,No
0.00387428903579712,23.3,32.2,0,-116,-4116,52,221.651401025627,0,No
0.00389472889900208,23.3,32.2,0,-116,-4116,52,221.651401025627,0,No
0.00391545033454895,23.3,32.2,0,-116,-4116,52,221.651401025627,0,No
0.00393627309799194,23.3,32.2,0,-96,-4104,28,191.047553383683,0,No
0.00395664405822754,23.3,32.2,0,-96,-4104,28,191.047553383683,0,No
0.00397729182243347,23.3,32.2,0,-96,-4120,40,201.840417146835,0,No
0.00399802017211914,23.3,32.2,0,-96,-4120,40,201.840417146835,0,No
0.0040194616317749,23.3,32.2,0,-96,-4120,40,201.840417146835,0,No
0.00403978514671326,23.3,32.2,0,-108,-4124,32,200.705646352123,0,No
0.00406257486343384,23.3,32.2,0,-108,-4124,32,200.705646352123,0,No
0.00408367967605591,23.3,32.2,0,-104,-4128,40,206.016519119036,0,No
0.00410435438156128,23.3,32.2,0,-104,-4128,40,206.016519119036,0,No
0.00412507319450378,23.3,32.2,0,-104,-4128,40,206.016519119036,0,No
0.00414580392837524,23.3,32.2,0,-92,-4120,32,192.906377058871,0,No
0.0041662003993988,23.3,32.2,0,-92,-4120,32,192.906377058871,0,No
0.00418664574623108,23.3,32.2,0,-92,-4120,32,192.906377058871,0,No
0.00420717287063599,23.3,32.2,0,-100,-4128,36,200.62673706736,0,No
0.00422780466079712,23.3,32.2,0,-100,-4128,36,200.62673706736,0,No
0.00424844694137573,23.3,32.2,0,-104,-4132,32,199.418526079834,0,No
0.00426903200149536,23.3,32.2,0,-104,-4132,32,199.418526079834,0,No
0.00429086804389954,23.3,32.2,0,-104,-4132,32,199.418526079834,0,No
0.00431186413764954,23.3,32.2,0,-120,-4112,40,213.322124365763,0,No
0.00433266377449036,23.3,32.2,0,-120,-4112,40,213.322124365763,0,No
0.00435308313369751,23.3,32.2,0,-116,-4120,48,218.314569213674,0,No
0.00437444996833801,23.3,32.2,0,-116,-4120,48,218.314569213674,0,No
0.00439504027366638,23.3,32.2,0,-116,-4120,48,218.314569213674,0,No
0.00441556620597839,23.3,32.2,0,-100,-4112,28,192.835853633546,0,No
0.00443586111068726,23.3,32.2,0,-100,-4112,28,192.835853633546,0,No
0.00445618939399719,23.3,32.2,0,-104,-4116,32,198.343786605319,0,No
0.00447675466537476,23.3,32.2,0,-104,-4116,32,198.343786605319,0,No
0.00449746370315552,23.3,32.2,0,-104,-4116,32,198.343786605319,0,No
0.0045186607837677,23.3,32.2,0,-108,-4136,52,219.230929441564,0,No
0.0045401406288147,23.3,32.2,0,-108,-4136,52,219.230929441564,0,No
0.00456089472770691,23.3,32.2,0,-124,-4156,52,230.146860613767,0,No
0.00458155870437622,23.3,32.2,0,-124,-4156,52,230.146860613767,0,No
0.00460201239585876,23.3,32.2,0,-124,-4156,52,230.146860613767,0,No
0.00462229108810425,23.3,32.2,0,-112,-4128,44,213.361847659749,0,No
0.00464299750328064,23.3,32.2,0,-112,-4128,44,213.361847659749,0,No
0.00466326355934143,23.3,32.2,0,-116,-4128,32,205.151495044053,0,No
0.00468360376358032,23.3,32.2,0,-116,-4128,32,205.151495044053,0,No
0.00470407199859619,23.3,32.2,0,-116,-4128,32,205.151495044053,0,No
0.00472469115257263,23.3,32.2,0,-92,-4124,56,214.889585571543,0,No
0.00474555802345276,23.3,32.2,0,-92,-4124,56,214.889585571543,0,No
0.00476629781723022,23.3,32.2,0,-92,-4124,56,214.889585571543,0,No
0.00478667688369751,23.3,32.2,0,-112,-4128,44,213.361847659749,0,No
0.00480766630172729,23.3,32.2,0,-112,-4128,44,213.361847659749,0,No
0.00482830500602722,23.3,32.2,0,-108,-4116,36,203.793955279751,0,No
0.00484885096549988,23.3,32.2,0,-108,-4116,36,203.793955279751,0,No
0.00486960506439209,23.3,32.2,0,-108,-4116,36,203.793955279751,0,No
0.00489131045341492,23.3,32.2,0,-104,-4120,28,195.018371542954,0,No
0.00491185164451599,23.3,32.2,0,-104,-4120,28,195.018371542954,0,No
0.00493246054649353,23.3,32.2,0,-108,-4124,36,204.161018899357,0,No
0.00495320606231689,23.3,32.2,0,-108,-4124,36,204.161018899357,0,No
0.00497369027137756,23.3,32.2,0,-108,-4124,36,204.161018899357,0,No
0.00499448919296265,23.3,32.2,0,-108,-4108,64,228.470976060216,0,No
0.00501510858535767,23.3,32.2,0,-108,-4108,64,228.470976060216,0,No
0.00503585433959961,23.3,32.2,0,-124,-4108,44,218.849661989279,0,No
0.00505650758743286,23.3,32.2,0,-124,-4108,44,218.849661989279,0,No
0.00507706165313721,23.3,32.2,0,-124,-4108,44,218.849661989279,0,No
0.00509774708747864,23.3,32.2,0,-100,-4120,36,200.093333714137,0,No
0.00511846971511841,23.3,32.2,0,-100,-4120,36,200.093333714137,0,No
0.00513894534111023,23.3,32.2,0,-108,-4120,44,210.91415136044,0,No
0.00515948438644409,23.3,32.2,0,-108,-4120,44,210.91415136044,0,No
0.00517985963821411,23.3,32.2,0,-108,-4120,44,210.91415136044,0,No
0.00520067834854126,23.3,32.2,0,-104,-4120,44,209.026376041078,0,No
0.00522128319740295,23.3,32.2,0,-104,-4120,44,209.026376041078,0,No
0.00524193024635315,23.3,32.2,0,-104,-4120,44,209.026376041078,0,No
0.00526233053207397,23.3,32.2,0,-124,-4128,52,226.299510488353,0,No
0.00528256297111511,23.3,32.2,0,-124,-4128,52,226.299510488353,0,No
0.00530393433570862,23.3,32.2,0,-116,-4116,40,211.292328529511,0,No
0.00532447218894959,23.3,32.2,0,-116,-4116,40,211.292328529511,0,No
0.00534543704986572,23.3,32.2,0,-116,-4116,40,211.292328529511,0,No
0.00536603617668152,23.3,32.2,0,-100,-4124,56,218.181210725321,0,No
0.00538656544685364,23.3,32.2,0,-100,-4124,56,218.181210725321,0,No
0.00540771079063415,23.3,32.2,0,-100,-4136,44,208.534801355923,0,No
0.00542833733558655,23.3,32.2,0,-100,-4136,44,208.534801355923,0,No
0.00544914937019348,23.3,32.2,0,-100,-4136,44,208.534801355923,0,No
0.00546947693824768,23.3,32.2,0,-116,-4108,44,214.675727147632,0,No
0.00549022531509399,23.3,32.2,0,-116,-4108,44,214.675727147632,0,No
0.00551100659370422,23.3,32.2,0,-112,-4128,32,203.052659562936,0,No
0.00553129935264587,23.3,32.2,0,-112,-4128,32,203.052659562936,0,No
0.00555147552490234,23.3,32.2,0,-112,-4128,32,203.052659562936,0,No
0.00557316303253174,23.3,32.2,0,-104,-4108,28,194.811568175706,0,No
0.00559358382225037,23.3,32.2,0,-104,-4108,28,194.811568175706,0,No
0.00561396288871765,23.3,32.2,0,-104,-4108,28,194.811568175706,0,No
0.00563563203811646,23.3,32.2,0,-108,-4112,24,193.401675309796,0,No
0.00565856504440308,23.3,32.2,0,-108,-4112,24,193.401675309796,0,No
0.00567893505096436,23.3,32.2,0,-120,-4120,44,216.92173550334,0,No
0.00569958472251892,23.3,32.2,0,-120,-4120,44,216.92173550334,0,No
0.0057202296257019,23.3,32.2,0,-120,-4120,44,216.92173550334,0,No
0.00574074935913086,23.3,32.2,0,-120,-4120,44,216.92173550334,0,No
0.00576108455657959,23.3,31.9,0,-116,-4120,48,218.314569213674,0,No
0.00578132915496826,23.3,31.9,0,-116,-4120,48,218.314569213674,0,No
0.00580221223831177,23.3,31.9,0,-104,-4116,36,201.839596822171,0,No
0.00582300209999084,23.3,31.9,0,-104,-4116,36,201.839596822171,0,No
0.00584362721443176,23.3,31.9,0,-104,-4116,36,201.839596822171,0,No
0.00586431384086609,23.3,31.9,0,-104,-4116,48,212.433797514748,0,No
0.00588478517532349,23.3,31.9,0,-104,-4116,48,212.433797514748,0,No
0.00590577864646912,23.3,31.9,0,-116,-4132,64,233.087386867545,0,No
0.00592626357078552,23.3,31.9,0,-116,-4132,64,233.087386867545,0,No
0.0059470112323761,23.3,31.9,0,-116,-4132,64,233.087386867545,0,No
0.00596737170219421,23.3,31.9,0,-100,-4120,40,203.637686485673,0,No
0.00598842644691467,23.3,31.9,0,-100,-4120,40,203.637686485673,0,No
0.00600884890556335,23.3,31.9,0,-100,-4120,40,203.637686485673,0,No
0.00602956175804138,23.3,31.9,0,-108,-4120,44,210.91415136044,0,No
0.00605024147033691,23.3,31.9,0,-108,-4120,44,210.91415136044,0,No
0.00607103943824768,23.3,31.9,0,-100,-4104,56,217.873075757242,0,No
0.00609208846092224,23.3,31.9,0,-100,-4104,56,217.873075757242,0,No
0.0061126708984375,23.3,31.9,0,-100,-4104,56,217.873075757242,0,No
0.0061334023475647,23.3,31.9,0,-112,-4116,48,216.207365862022,0,No
0.00615392732620239,23.3,31.9,0,-112,-4116,48,216.207365862022,0,No
0.0061747841835022,23.3,31.9,0,-120,-4128,56,227.705248609775,0,No
0.00619561862945557,23.3,31.9,0,-120,-4128,56,227.705248609775,0,No
0.00621604990959167,23.3,31.9,0,-120,-4128,56,227.705248609775,0,No
0.00623673391342163,23.3,31.9,0,-104,-4116,40,205.353811763348,0,No
0.00625758528709412,23.3,31.9,0,-104,-4116,40,205.353811763348,0,No
0.00627821063995361,23.3,31.9,0,-108,-4128,36,204.461718550815,0,No
0.00629857921600342,23.3,31.9,0,-108,-4128,36,204.461718550815,0,No
0.00631940007209778,23.3,31.9,0,-108,-4128,36,204.461718550815,0,No
0.00633979845046997,23.3,31.9,0,-112,-4112,56,223.169627546101,0,No
0.00636023831367493,23.3,31.9,0,-112,-4112,56,223.169627546101,0,No
0.00638092160224915,23.3,31.9,0,-104,-4112,60,223.110154616521,0,No
0.00640115070343018,23.3,31.9,0,-104,-4112,60,223.110154616521,0,No
0.00642167472839355,23.3,31.9,0,-104,-4112,60,223.110154616521,0,No
0.00644221353530884,23.3,31.9,0,-112,-3964,12,236.469396433625,0,No
0.00646298336982727,23.3,31.9,0,-112,-3964,12,236.469396433625,0,No
0.00648360061645508,23.3,31.9,0,-112,-3964,12,236.469396433625,0,No
0.0065041983127594,23.3,31.9,0,-104,-3988,60,254.592000927764,0,No
0.00652480101585388,23.3,31.9,0,-104,-3988,60,254.592000927764,0,No
0.00654549527168274,23.3,31.9,0,-76,-4228,52,236.106429299912,0,No
0.0065661153793335,23.3,31.9,0,-76,-4228,52,236.106429299912,0,No
0.0065865957736969,23.3,31.9,0,-76,-4228,52,236.106429299912,0,No
0.0066071994304657,23.3,31.9,0,-144,-4288,60,300.998462078099,0,No
0.00662805390357971,23.3,31.9,0,-144,-4288,60,300.998462078099,0,No
0.00664881706237793,23.3,31.9,1,-96,-4036,116,281.942485326879,0,No
0.00666911935806274,23.3,31.9,1,-96,-4036,116,281.942485326879,0,No
0.00668928170204163,23.3,31.9,1,-96,-4036,116,281.942485326879,0,No
0.0067099175453186,23.3,31.9,0,-120,-3984,64,266.083056271887,0,No
0.00673093414306641,23.3,31.9,0,-120,-3984,64,266.083056271887,0,No
0.0067517728805542,23.3,31.9,0,-156,-4352,4,318.544793479869,0,No
0.00677202939987183,23.3,31.9,0,-156,-4352,4,318.544793479869,0,No
0.00679328942298889,23.3,31.9,0,-156,-4352,4,318.544793479869,0,No
0.00681407594680786,23.3,31.9,0,-64,-3988,28,216.374286875577,0,No
0.00683514499664307,23.3,31.9,0,-64,-3988,28,216.374286875577,1,Yes
0.00685574746131897,23.3,31.9,0,-64,-3988,28,216.374286875577,1,Yes
0.00687660932540894,23.3,31.9,1,-400,-3808,-16,511.573284686475,1,Yes
0.00689755582809448,23.3,31.9,1,-400,-3808,-16,511.573284686475,1,Yes
0.00691958904266357,23.3,31.9,1,-72,-4148,24,181.149888700325,1,Yes
0.00694046497344971,23.3,31.9,1,-72,-4148,24,181.149888700325,1,Yes
0.00696127653121948,23.3,31.9,1,-72,-4148,24,181.149888700325,1,Yes
0.00698225712776184,23.3,31.9,0,0,-3780,20,367.764145509776,1,Yes
0.00700304055213928,23.3,31.9,0,0,-3780,20,367.764145509776,0,No
0.00702351117134094,23.3,31.9,0,-48,-3676,24,466.673099351913,0,No
0.00704434871673584,23.3,31.9,0,-48,-3676,24,466.673099351913,0,No
0.00706513404846191,23.3,31.9,0,-48,-3676,24,466.673099351913,1,Yes
0.00708557319641113,23.3,31.9,1,-156,-4756,-136,662.375383771754,1,Yes
0.007106201171875,23.3,31.9,1,-156,-4756,-136,662.375383771754,1,Yes
0.00712699460983276,23.3,31.9,0,-172,-4624,124,600.791226899693,0,No
0.00714811086654663,23.3,31.9,0,-172,-4624,124,600.791226899693,1,Yes
0.0071688289642334,23.3,31.9,0,-172,-4624,124,600.791226899693,1,Yes
0.00718929839134216,23.3,31.9,0,-120,-4208,20,219.427546345993,1,Yes
0.00721008396148682,23.3,31.9,0,-120,-4208,20,219.427546345993,1,Yes
0.00723109650611877,23.3,31.9,1,-72,-4916,-156,808.127100885834,1,Yes
0.00725250911712646,23.3,31.9,1,-72,-4916,-156,808.127100885834,1,Yes
0.00727373814582825,23.3,31.9,1,-72,-4916,-156,808.127100885834,1,Yes
0.0072946445941925,23.3,31.9,0,-204,-4496,-24,448.337470460955,1,Yes
0.00731536054611206,23.3,31.9,0,-204,-4496,-24,448.337470460955,1,Yes
0.00733598494529724,23.3,31.9,1,-128,-4484,60,440.919293910118,0,No
0.00735651612281799,23.3,31.9,1,-128,-4484,60,440.919293910118,0,No
0.00737684559822083,23.3,31.9,1,-128,-4484,60,440.919293910118,1,Yes
0.00739772582054138,23.3,31.9,0,-184,-4160,-132,184.058015949119,1,Yes
0.0074183177947998,23.3,31.9,0,-184,-4160,-132,184.058015949119,1,Yes
0.0074404456615448,23.3,31.9,1,-252,-4316,332,570.832860731466,1,Yes
0.007460857629776,23.3,31.9,1,-252,-4316,332,570.832860731466,1,Yes
0.00748162293434143,23.3,31.9,1,-252,-4316,332,570.832860731466,0,No
0.00750224161148071,23.3,31.9,1,-76,-3608,48,541.381575243678,0,No
0.00752263045310974,23.3,31.9,1,-76,-3608,48,541.381575243678,0,No
0.00754296612739563,23.3,31.9,1,-76,-3608,48,541.381575243678,1,Yes
0.00756365036964416,23.3,31.9,0,-92,-3732,-52,398.130567292745,0,No
0.00758427906036377,23.3,31.9,0,-92,-3732,-52,398.130567292745,0,No
0.00760486245155334,23.3,31.9,1,-116,-3916,-104,226.154961441391,1,Yes
0.00762793207168579,23.3,31.9,1,-116,-3916,-104,226.154961441391,1,Yes
0.00764878439903259,23.3,31.9,1,-116,-3916,-104,226.154961441391,1,Yes
0.0076700279712677,23.3,31.9,0,-204,-4448,-8,412.688593838232,1,Yes
0.00769060850143433,23.3,31.9,0,-204,-4448,-8,412.688593838232,1,Yes
0.00771121740341186,23.3,31.9,0,-100,-4224,36,229.782577189387,1,Yes
0.00773171782493591,23.3,31.9,0,-100,-4224,36,229.782577189387,0,No
0.00775218510627747,23.3,31.9,0,-100,-4224,36,229.782577189387,1,Yes
0.00777269005775452,23.3,31.9,0,-100,-4224,36,229.782577189387,1,Yes
0.00779350328445435,23.2,31.6,0,-124,-3644,24,508.573607103468,1,Yes
0.00781392908096313,23.2,31.6,0,-124,-3644,24,508.573607103468,1,Yes
0.00783432602882385,23.2,31.6,0,-192,-4132,60,273.980069818382,1,Yes
0.00785490798950195,23.2,31.6,0,-192,-4132,60,273.980069818382,0,No
0.00787534928321838,23.2,31.6,0,-192,-4132,60,273.980069818382,0,No
0.00789610362052917,23.2,31.6,0,-80,-4032,28,200.111082491327,0,No
0.00791686964035034,23.2,31.6,0,-80,-4032,28,200.111082491327,1,Yes
0.00793746447563171,23.2,31.6,0,-80,-4032,28,200.111082491327,1,Yes
0.00795800948143005,23.2,31.6,1,-104,-3900,236,442.52497587138,1,Yes
0.00797865462303162,23.2,31.6,1,-104,-3900,236,442.52497587138,1,Yes
0.00799899125099182,23.2,31.6,0,-96,-4276,-52,207.796513876544,1,Yes
0.00801952242851257,23.2,31.6,0,-96,-4276,-52,207.796513876544,1,Yes
0.00804056525230408,23.2,31.6,0,-96,-4276,-52,207.796513876544,1,Yes
0.00806118083000183,23.2,31.6,0,-132,-4556,28,492.453616787765,1,Yes
0.00808222699165344,23.2,31.6,0,-132,-4556,28,492.453616787765,0,No
0.00810293030738831,23.2,31.6,1,-188,-4708,16,643.61586326866,1,Yes
0.00812359213829041,23.2,31.6,1,-188,-4708,16,643.61586326866,1,Yes
0.00814391851425171,23.2,31.6,1,-188,-4708,16,643.61586326866,1,Yes
0.00816457772254944,23.2,31.6,1,-148,-4264,-76,218.253925038313,1,Yes
0.00818504357337952,23.2,31.6,1,-148,-4264,-76,218.253925038313,1,Yes
0.00820569515228271,23.2,31.6,1,-352,-4892,-88,855.80799134536,1,Yes
0.00822634625434875,23.2,31.6,1,-352,-4892,-88,855.80799134536,1,Yes
0.00824723482131958,23.2,31.6,1,-352,-4892,-88,855.80799134536,1,Yes
0.00826783776283264,23.2,31.6,1,-132,-4320,44,306.034205865828,1,Yes
0.00828851890563965,23.2,31.6,1,-132,-4320,44,306.034205865828,1,Yes
0.00830886244773865,23.2,31.6,1,-132,-4320,44,306.034205865828,0,No
0.00832927203178406,23.2,31.6,0,-8,-4380,-108,271.359531849484,0,No
0.00834998059272766,23.2,31.6,0,-8,-4380,-108,271.359531849484,1,Yes
0.00837070417404175,23.2,31.6,0,-96,-3816,156,427.648474013637,1,Yes
0.00839169049263,23.2,31.6,0,-96,-3816,156,427.648474013637,0,No
0.0084122896194458,23.2,31.6,0,-96,-3816,156,427.648474013637,0,No
0.00843300127983093,23.2,31.6,1,-92,-4456,-40,369.714491817715,0,No
0.00845347690582275,23.2,31.6,1,-92,-4456,-40,369.714491817715,0,No
0.00847380471229553,23.2,31.6,0,-144,-4220,128,321.00723628882,0,No
0.00849451875686645,23.2,31.6,0,-144,-4220,128,321.00723628882,1,Yes
0.00851493263244629,23.2,31.6,0,-144,-4220,128,321.00723628882,1,Yes
0.00853534007072449,23.2,31.6,1,-136,-4808,-88,711.175301474198,1,Yes
0.00855566263198853,23.2,31.6,1,-136,-4808,-88,711.175301474198,1,Yes
0.0085762791633606,23.2,31.6,0,-252,-4796,72,758.354893985901,0,No
0.00859693789482117,23.2,31.6,0,-252,-4796,72,758.354893985901,1,Yes
0.00861775875091553,23.2,31.6,0,-252,-4796,72,758.354893985901,1,Yes
0.00863819885253906,23.2,31.6,0,-84,-4124,64,219.303346033417,1,Yes
0.00865873670578003,23.2,31.6,0,-84,-4124,64,219.303346033417,1,Yes
0.00867912340164185,23.2,31.6,0,-84,-4124,64,219.303346033417,1,Yes
0.00869982624053955,23.2,31.6,0,528,-2788,184,1463.23072722654,1,Yes
0.00872034859657288,23.2,31.6,0,528,-2788,184,1463.23072722654,1,Yes
0.00874117350578308,23.2,31.6,0,-52,-4084,-4,146.549635965185,1,Yes
0.00876191544532776,23.2,31.6,0,-52,-4084,-4,146.549635965185,1,Yes
0.00878259301185608,23.2,31.6,0,-52,-4084,-4,146.549635965185,1,Yes
0.00880300617218018,23.2,31.6,0,64,-3508,76,644.388532296232,1,Yes
0.00882427883148193,23.2,31.6,0,64,-3508,76,644.388532296232,1,Yes
0.00884481978416443,23.2,31.6,0,-52,-3540,104,622.596310565007,0,No
0.008865797996521,23.2,31.6,0,-52,-3540,104,622.596310565007,1,Yes
0.00888636684417725,23.2,31.6,0,-52,-3540,104,622.596310565007,1,Yes
0.00890708661079407,23.2,31.6,0,-432,-5628,-448,1605.43206034678,1,Yes
0.00892755079269409,23.2,31.6,0,-432,-5628,-448,1605.43206034678,1,Yes
0.00894791269302368,23.2,31.6,1,-220,-4584,92,568.952274138955,1,Yes
0.00896843838691712,23.2,31.6,1,-220,-4584,92,568.952274138955,1,Yes
0.00898872375488281,23.2,31.6,1,-220,-4584,92,568.952274138955,1,Yes
0.0090094313621521,23.2,31.6,0,-64,-4120,-80,83.9795944034903,1,Yes
0.0090300612449646,23.2,31.6,0,-64,-4120,-80,83.9795944034903,1,Yes
0.00905046463012695,23.2,31.6,0,-64,-4120,-80,83.9795944034903,0,No
0.009070720911026,23.2,31.6,0,-120,-4120,28,203.458051431199,1,Yes
0.00909140968322754,23.2,31.6,0,-120,-4120,28,203.458051431199,1,Yes
0.00911203694343567,23.2,31.6,0,-36,-4840,188,800.60418006131,1,Yes
0.00913234949111938,23.2,31.6,0,-36,-4840,188,800.60418006131,1,Yes
0.00915285778045654,23.2,31.6,0,-36,-4840,188,800.60418006131,1,Yes
0.0091739010810852,23.2,31.6,0,-80,-3944,56,268.085810394002,1,Yes
0.00919478988647461,23.2,31.6,0,-80,-3944,56,268.085810394002,1,Yes
0.00921549320220947,23.2,31.6,0,-228,-4208,184,404.848564872105,1,Yes
0.00923590087890625,23.2,31.6,0,-228,-4208,184,404.848564872105,0,No
0.00925726938247681,23.2,31.6,0,-228,-4208,184,404.848564872105,0,No
0.00927772116661072,23.2,31.6,0,-168,-4520,24,469.796259418321,0,No
0.00929831409454346,23.2,31.6,0,-168,-4520,24,469.796259418321,0,No
0.00931921195983887,23.2,31.6,1,-68,-3668,168,543.198443314974,0,No
0.00933979225158691,23.2,31.6,1,-68,-3668,168,543.198443314974,0,No
0.00936022782325745,23.2,31.6,1,-68,-3668,168,543.198443314974,1,Yes
0.009380784034729,23.2,31.6,0,-48,-3792,64,381.041653877721,0,No
0.00940130305290222,23.2,31.6,0,-48,-3792,64,381.041653877721,0,No
0.00942204332351684,23.2,31.6,1,-144,-4268,-8,247.409181060308,1,Yes
0.00944271302223205,23.2,31.6,1,-144,-4268,-8,247.409181060308,0,No
0.00946308755874634,23.2,31.6,1,-144,-4268,-8,247.409181060308,0,No
0.0094834258556366,23.2,31.6,0,-96,-4048,-8,171.802977867326,0,No
0.00950412011146545,23.2,31.6,0,-96,-4048,-8,171.802977867326,1,Yes
0.0095244562625885,23.2,31.6,0,-96,-4048,-8,171.802977867326,1,Yes
0.00954515171051025,23.2,31.6,1,-64,-3788,200,472.810425204076,1,Yes
0.00956580829620361,23.2,31.6,1,-64,-3788,200,472.810425204076,1,Yes
0.00958720588684082,23.2,31.6,1,-64,-3748,-36,381.793172504118,0,No
0.00960786914825439,23.2,31.6,1,-64,-3748,-36,381.793172504118,0,No
0.00962838530540466,23.2,31.6,1,-64,-3748,-36,381.793172504118,1,Yes
0.00964936423301697,23.2,31.6,0,-52,-3976,48,236.291725604265,1,Yes
0.00967004895210266,23.2,31.6,0,-52,-3976,48,236.291725604265,1,Yes
0.00969132375717163,23.2,31.6,0,-4,-4564,24,482.416041745184,1,Yes
0.00971212863922119,23.2,31.6,0,-4,-4564,24,482.416041745184,1,Yes
0.00973282909393311,23.2,31.6,0,-4,-4564,24,482.416041745184,1,Yes
0.00975424909591675,23.2,31.6,0,-124,-4144,164,328.283389463112,1,Yes
0.00977503132820129,23.2,31.6,0,-124,-4144,164,328.283389463112,0,No
0.00979527854919434,23.2,31.6,0,-124,-4144,164,328.283389463112,0,No
0.0098159019947052,23.2,31.6,0,-124,-4144,164,328.283389463112,0,No
0.00983640718460083,23.2,31.3,0,-120,-4124,128,291.993459544752,0,No
0.00985735249519348,23.2,31.3,0,-120,-4124,128,291.993459544752,1,Yes
0.00987788391113281,23.2,31.3,0,-160,-3808,156,450.734429246749,1,Yes
0.00989818644523621,23.2,31.3,0,-160,-3808,156,450.734429246749,1,Yes
0.00991865992546082,23.2,31.3,0,-160,-3808,156,450.734429246749,1,Yes
0.00993916392326355,23.2,31.3,0,-56,-3980,48,234.839105915091,1,Yes
0.00995977401733398,23.2,31.3,0,-56,-3980,48,234.839105915091,1,Yes
0.00998039102554321,23.2,31.3,1,-112,-4076,152,313.078252320575,0,No
0.0100011048316956,23.2,31.3,1,-112,-4076,152,313.078252320575,0,No
0.0100214750766754,23.2,31.3,1,-112,-4076,152,313.078252320575,0,No
0.0100422670841217,23.2,31.3,0,-88,-3984,36,232.158156880945,1,Yes
0.0100627553462982,23.2,31.3,0,-88,-3984,36,232.158156880945,1,Yes
0.0100831859111786,23.2,31.3,0,0,-4840,132,778.762326141283,1,Yes
0.0101039206981659,23.2,31.3,0,0,-4840,132,778.762326141283,1,Yes
0.0101253082752228,23.2,31.3,0,0,-4840,132,778.762326141283,1,Yes
0.0101460907459259,23.2,31.3,0,-136,-4184,108,289.798997218357,1,Yes
0.0101668083667755,23.2,31.3,0,-136,-4184,108,289.798997218357,1,Yes
0.010187995672226,23.2,31.3,1,-92,-4052,64,229.459703309282,0,No
0.0102090804576874,23.2,31.3,1,-92,-4052,64,229.459703309282,0,No
0.010229327917099,23.2,31.3,1,-92,-4052,64,229.459703309282,0,No
0.01025,23.2,31.3,0,-176,-4208,68,285.829629509304,0,No
0.0102703242301941,23.2,31.3,0,-176,-4208,68,285.829629509304,1,Yes
0.0102909457683563,23.2,31.3,0,-176,-4208,68,285.829629509304,1,Yes
0.0103115878105164,23.2,31.3,1,-220,-5036,-88,951.048828817051,1,Yes
0.0103320088386536,23.2,31.3,1,-220,-5036,-88,951.048828817051,1,Yes
0.0103524343967438,23.2,31.3,1,-208,-4544,132,550.179384032983,1,Yes
0.0103727359771729,23.2,31.3,1,-208,-4544,132,550.179384032983,0,No
0.0103933079242706,23.2,31.3,1,-208,-4544,132,550.179384032983,1,Yes
0.0104137539863586,23.2,31.3,0,-148,-4324,-28,279.587997668657,1,Yes
0.0104350085258484,23.2,31.3,0,-148,-4324,-28,279.587997668657,1,Yes
0.0104555373191833,23.2,31.3,1,-144,-4180,248,418.121840394039,1,Yes
0.0104760801792145,23.2,31.3,1,-144,-4180,248,418.121840394039,1,Yes
0.0104965434074402,23.2,31.3,1,-144,-4180,248,418.121840394039,1,Yes
0.0105172665119171,23.2,31.3,1,-96,-4140,24,189.689369565229,1,Yes
0.0105379433631897,23.2,31.3,1,-96,-4140,24,189.689369565229,1,Yes
0.0105581300258636,23.2,31.3,0,-256,-4688,-272,642.328834401426,1,Yes
0.0105786809921265,23.2,31.3,0,-256,-4688,-272,642.328834401426,1,Yes
0.0105994288921356,23.2,31.3,0,-256,-4688,-272,642.328834401426,1,Yes
0.0106221323013306,23.2,31.3,0,-112,-4120,48,216.343471747413,1,Yes
0.0106425368785858,23.2,31.3,0,-112,-4120,48,216.343471747413,1,Yes
0.0106632521152496,23.2,31.3,0,0,-4272,-296,223.940980980745,0,No
0.010683445930481,23.2,31.3,0,0,-4272,-296,223.940980980745,0,No
0.010703843832016,23.2,31.3,0,0,-4272,-296,223.940980980745,0,No
0.0107246079444885,23.2,31.3,0,-68,-3884,96,333.476089889494,0,No
0.010745228767395,23.2,31.3,0,-68,-3884,96,333.476089889494,0,No
0.0107655985355377,23.2,31.3,0,-68,-3884,96,333.476089889494,1,Yes
0.0107859334945679,23.2,31.3,1,-280,-4716,-40,671.725345650422,1,Yes
0.0108062794208527,23.2,31.3,1,-280,-4716,-40,671.725345650422,1,Yes
0.0108269793987274,23.2,31.3,0,-164,-4624,48,569.111811110592,0,No
0.0108477137088776,23.2,31.3,0,-164,-4624,48,569.111811110592,1,Yes
0.0108690855503082,23.2,31.3,0,-164,-4624,48,569.111811110592,1,Yes
0.0108898406028748,23.2,31.3,1,-108,-4196,-76,147.358087704563,1,Yes
0.0109106917381287,23.2,31.3,1,-108,-4196,-76,147.358087704563,1,Yes
0.0109315729141235,23.2,31.3,0,-40,-3908,44,276.289193036134,1,Yes
0.0109526126384735,23.2,31.3,0,-40,-3908,44,276.289193036134,0,No
0.0109735858440399,23.2,31.3,0,-40,-3908,44,276.289193036134,0,No
0.010994295835495,23.2,31.3,0,-192,-4220,116,334.965357354056,1,Yes
0.0110151581764221,23.2,31.3,0,-192,-4220,116,334.965357354056,1,Yes
0.0110357511043549,23.2,31.3,0,-64,-4180,28,191.279173795572,1,Yes
0.0110564224720001,23.2,31.3,0,-64,-4180,28,191.279173795572,1,Yes
0.0110768709182739,23.2,31.3,0,-64,-4180,28,191.279173795572,1,Yes
0.0110977334976196,23.2,31.3,0,-80,-3760,152,462.671612168575,1,Yes
0.0111190590858459,23.2,31.3,0,-80,-3760,152,462.671612168575,1,Yes
0.0111393394470215,23.2,31.3,1,-68,-3960,80,274.242636120353,1,Yes
0.0111601450443268,23.2,31.3,1,-68,-3960,80,274.242636120353,0,No
0.0111805577278137,23.2,31.3,1,-68,-3960,80,274.242636120353,0,No
0.0112014863491058,23.2,31.3,0,-68,-4120,80,229.355470951554,0,No
0.011222261428833,23.2,31.3,0,-68,-4120,80,229.355470951554,0,No
0.0112430036067963,23.2,31.3,0,-68,-4120,80,229.355470951554,0,No
0.0112636690139771,23.2,31.3,0,-96,-4020,40,221.060480696524,0,No
0.0112844822406769,23.2,31.3,0,-96,-4020,40,221.060480696524,0,No
0.011305545091629,23.2,31.3,1,-60,-4200,80,244.106287554286,0,No
0.0113262724876404,23.2,31.3,1,-60,-4200,80,244.106287554286,0,No
0.0113467345237732,23.2,31.3,1,-60,-4200,80,244.106287554286,1,Yes
0.0113670406341553,23.2,31.3,0,-280,-4492,-8,487.513886209966,1,Yes
0.0113879015445709,23.2,31.3,0,-280,-4492,-8,487.513886209966,1,Yes
0.011408185005188,23.2,31.3,0,-136,-4384,64,365.18827714047,0,No
0.0114287574291229,23.2,31.3,0,-136,-4384,64,365.18827714047,1,Yes
0.0114491291046143,23.2,31.3,0,-136,-4384,64,365.18827714047,1,Yes
0.0114699122905731,23.2,31.3,1,40,-3588,196,623.566764541579,1,Yes
0.0114902930259705,23.2,31.3,1,40,-3588,196,623.566764541579,1,Yes
0.0115106501579285,23.2,31.3,0,-84,-3860,76,340.289955612158,1,Yes
0.0115311634540558,23.2,31.3,0,-84,-3860,76,340.289955612158,1,Yes
0.0115515673160553,23.2,31.3,0,-84,-3860,76,340.289955612158,1,Yes
0.0115722289085388,23.2,31.3,0,-80,-3724,152,490.517243605263,1,Yes
0.0115925347805023,23.2,31.3,0,-80,-3724,152,490.517243605263,0,No
0.0116132695674896,23.2,31.3,0,-80,-3724,152,490.517243605263,0,No
0.0116341695785522,23.2,31.3,0,-60,-3712,16,431.673448176013,1,Yes
0.0116548817157745,23.2,31.3,0,-60,-3712,16,431.673448176013,1,Yes
0.0116754093170166,23.2,31.3,1,-56,-4708,88,641.583892684127,1,Yes
0.0116960039138794,23.2,31.3,1,-56,-4708,88,641.583892684127,1,Yes
0.0117167119979858,23.2,31.3,1,-56,-4708,88,641.583892684127,1,Yes
0.0117373328208923,23.2,31.3,0,-164,-4336,120,378.838740062677,1,Yes
0.0117579100131989,23.2,31.3,0,-164,-4336,120,378.838740062677,0,No
0.0117786853313446,23.2,31.3,0,-60,-4140,56,206.007276425365,1,Yes
0.0117992918491364,23.2,31.3,0,-60,-4140,56,206.007276425365,0,No
0.0118197968006134,23.2,31.3,0,-60,-4140,56,206.007276425365,1,Yes
0.0118405330181122,23.2,31.3,0,-60,-4140,56,206.007276425365,1,Yes
0.0118613393306732,23.2,31,0,60,-3484,396,827.880009700534,1,Yes
0.0118817496299744,23.2,31,0,60,-3484,396,827.880009700534,1,Yes
0.0119022498130798,23.2,31,0,60,-3484,396,827.880009700534,1,Yes
0.0119234733581543,23.2,31,0,-164,-4056,28,237.026374591581,1,Yes
0.011943902015686,23.2,31,0,-164,-4056,28,237.026374591581,1,Yes
0.0119644310474396,23.2,31,0,-212,-4216,-20,260.334149268089,0,No
0.0119852254390717,23.2,31,0,-212,-4216,-20,260.334149268089,0,No
0.012005669593811,23.2,31,0,-212,-4216,-20,260.334149268089,0,No
0.012026397228241,23.2,31,0,-176,-4268,72,314.115636329624,1,Yes
0.012047128200531,23.2,31,0,-176,-4268,72,314.115636329624,1,Yes
0.0120676474571228,23.2,31,1,-48,-3424,16,705.530205101085,1,Yes
0.0120884623527527,23.2,31,1,-48,-3424,16,705.530205101085,1,Yes
0.0121090948581696,23.2,31,1,-48,-3424,16,705.530205101085,1,Yes
0.0121295254230499,23.2,31,0,-64,-3624,76,535.828327830246,0,No
0.0121503355503082,23.2,31,0,-64,-3624,76,535.828327830246,0,No
0.0121708950996399,23.2,31,1,-68,-3728,0,412.299772985559,0,No
0.0121913576126099,23.2,31,1,-68,-3728,0,412.299772985559,0,No
0.0122121269702911,23.2,31,1,-68,-3728,0,412.299772985559,0,No
0.0122323660850525,23.2,31,0,-56,-3716,48,440.254252103113,0,No
0.0122530398368835,23.2,31,0,-56,-3716,48,440.254252103113,0,No
0.0122750334739685,23.2,31,1,-168,-4600,-132,515.269190232082,0,No
0.012295642375946,23.2,31,1,-168,-4600,-132,515.269190232082,1,Yes
0.0123164119720459,23.2,31,1,-168,-4600,-132,515.269190232082,1,Yes
0.0123374569416046,23.2,31,1,-240,-5016,88,962.49142598487,1,Yes
0.012357923746109,23.2,31,1,-240,-5016,88,962.49142598487,1,Yes
0.01237832903862,23.2,31,1,-240,-5016,88,962.49142598487,1,Yes
0.0123990161418915,23.2,31,0,-156,-4336,48,329.678496961232,1,Yes
0.0124195413589478,23.2,31,0,-156,-4336,48,329.678496961232,1,Yes
0.0124402267932892,23.2,31,0,-104,-3756,-40,381.277248825713,0,No
0.0124607865810394,23.2,31,0,-104,-3756,-40,381.277248825713,1,Yes
0.0124813416004181,23.2,31,0,-104,-3756,-40,381.277248825713,1,Yes
0.012501739025116,23.2,31,0,-244,-4820,-24,757.009056051961,1,Yes
0.0125225372314453,23.2,31,0,-244,-4820,-24,757.009056051961,1,Yes
0.0125430390834808,23.2,31,1,212,-2940,88,1212.72489712427,1,Yes
0.0125636155605316,23.2,31,1,212,-2940,88,1212.72489712427,1,Yes
0.012584034204483,23.2,31,1,212,-2940,88,1212.72489712427,1,Yes
0.0126045916080475,23.2,31,0,-80,-3656,84,512.452848949936,1,Yes
0.0126255090236664,23.2,31,0,-80,-3656,84,512.452848949936,1,Yes
0.0126462950706482,23.2,31,1,276,-2848,252,1352.27405559341,1,Yes
0.0126671094894409,23.2,31,1,276,-2848,252,1352.27405559341,1,Yes
0.0126874940395355,23.2,31,1,276,-2848,252,1352.27405559341,1,Yes
0.0127082636356354,23.2,31,0,-12,-3612,-28,511.281224835015,1,Yes
0.0127289116382599,23.2,31,0,-12,-3612,-28,511.281224835015,1,Yes
0.0127493093013763,23.2,31,0,-12,-3612,-28,511.281224835015,0,No
0.0127706682682037,23.2,31,0,-200,-3840,96,408.21509483667,0,No
0.0127912895679474,23.2,31,0,-200,-3840,96,408.21509483667,1,Yes
0.0128116767406464,23.2,31,0,-40,-4064,32,182.084756588237,1,Yes
0.0128320200443268,23.2,31,0,-40,-4064,32,182.084756588237,0,No
0.0128525989055634,23.2,31,0,-40,-4064,32,182.084756588237,0,No
0.012872832775116,23.2,31,0,-124,-4124,28,205.929125599411,0,No
0.0128932418823242,23.2,31,0,-124,-4124,28,205.929125599411,1,Yes
0.0129140627384186,23.2,31,0,-96,-3800,116,412.817241480142,1,Yes
0.0129352033138275,23.2,31,0,-96,-3800,116,412.817241480142,1,Yes
0.0129559075832367,23.2,31,0,-96,-3800,116,412.817241480142,0,No
0.0129766535758972,23.2,31,0,-216,-4316,36,342.309732190309,0,No
0.0129972095489502,23.2,31,0,-216,-4316,36,342.309732190309,0,No
0.013017600774765,23.2,31,0,-96,-4296,64,290.2890704186,0,No
0.0130380454063416,23.2,31,0,-96,-4296,64,290.2890704186,1,Yes
0.0130590870380402,23.2,31,0,-96,-4296,64,290.2890704186,1,Yes
0.0130798282623291,23.2,31,1,-332,-5472,-952,1617.68835695376,1,Yes
0.0131003355979919,23.2,31,1,-332,-5472,-952,1617.68835695376,1,Yes
0.0131211752891541,23.2,31,1,-192,-4588,144,585.903436160959,1,Yes
0.0131416983604431,23.2,31,1,-192,-4588,144,585.903436160959,1,Yes
0.0131623136997223,23.2,31,1,-192,-4588,144,585.903436160959,1,Yes
0.0131827056407928,23.2,31,0,-120,-3832,-36,318.47904274108,1,Yes
0.0132030799388885,23.2,31,0,-120,-3832,-36,318.47904274108,0,No
0.0132234816551209,23.2,31,0,-120,-3832,-36,318.47904274108,0,No
0.0132439267635345,23.2,31,1,-124,-4016,36,232.273915438754,1,Yes
0.0132644379138947,23.2,31,1,-124,-4016,36,232.273915438754,1,Yes
0.0132857217788696,23.2,31,0,-120,-3780,80,413.397562916618,1,Yes
0.0133064513206482,23.2,31,0,-120,-3780,80,413.397562916618,1,Yes
0.0133268365859985,23.2,31,0,-120,-3780,80,413.397562916618,0,No
0.0133477771282196,23.2,31,0,-192,-4356,-28,327.415206051458,1,Yes
0.0133691215515137,23.2,31,0,-192,-4356,-28,327.415206051458,1,Yes
0.0133897593021393,23.2,31,1,-64,-3420,20,711.423907532327,1,Yes
0.0134101054668427,23.2,31,1,-64,-3420,20,711.423907532327,1,Yes
0.013430472612381,23.2,31,1,-64,-3420,20,711.423907532327,1,Yes
0.0134507393836975,23.2,31,0,-76,-3848,56,335.428536677902,1,Yes
0.0134709966182709,23.2,31,0,-76,-3848,56,335.428536677902,1,Yes
0.0134915053844452,23.2,31,0,-156,-4388,-56,326.129058011845,0,No
0.0135123946666718,23.2,31,0,-156,-4388,-56,326.129058011845,0,No
0.0135329310894012,23.2,31,0,-156,-4388,-56,326.129058011845,1,Yes
0.0135535774230957,23.2,31,0,12,-4020,-4,165.247627983586,1,Yes
0.0135743551254272,23.2,31,0,12,-4020,-4,165.247627983586,1,Yes
0.013594672203064,23.2,31,0,12,-4020,-4,165.247627983586,0,No
0.0136150233745575,23.2,31,0,-132,-4084,84,258.698853099323,1,Yes
0.0136496608257294,23.2,31,0,-132,-4084,84,258.698853099323,1,Yes
0.0136703264713287,23.2,31,1,20,-3000,68,1130.43093661621,1,Yes
0.0136909191608429,23.2,31,1,20,-3000,68,1130.43093661621,1,Yes
0.0137115707397461,23.2,31,0,-80,-3968,8,218.750213938598,1,Yes
0.0137319822311401,23.2,31,0,-80,-3968,8,218.750213938598,1,Yes
0.0137525250911713,23.2,31,0,-80,-3968,8,218.750213938598,0,No
0.0137729589939117,23.2,31,0,-156,-4108,-40,180.030367133572,0,No
0.0137934339046478,23.2,31,0,-156,-4108,-40,180.030367133572,0,No
0.0138142161369324,23.2,31,0,-64,-4000,72,246.607110460148,0,No
0.0138349275588989,23.2,31,0,-64,-4000,72,246.607110460148,0,No
0.0138557481765747,23.2,31,0,-64,-4000,72,246.607110460148,0,No
0.0138762373924255,23.2,31,0,-64,-4000,72,246.607110460148,0,No
0.0138968138694763,23.2,30.8,1,-180,-4204,-64,211.155410683035,0,No
0.0139176831245422,23.2,30.8,1,-180,-4204,-64,211.155410683035,0,No
0.0139383437633514,23.2,30.8,1,-96,-4196,-28,167.223586395763,0,No
0.0139588379859924,23.2,30.8,1,-96,-4196,-28,167.223586395763,0,No
0.01397926902771,23.2,30.8,1,-96,-4196,-28,167.223586395763,0,No
0.0139998159408569,23.2,30.8,0,-136,-4116,48,228.836503277704,0,No
0.014019989490509,23.2,30.8,0,-136,-4116,48,228.836503277704,1,Yes
0.0140405781269073,23.2,30.8,0,-136,-4116,48,228.836503277704,1,Yes
0.0140614264011383,23.2,30.8,0,-592,-5436,-324,1460.29047267448,1,Yes
0.0140821561813354,23.2,30.8,0,-592,-5436,-324,1460.29047267448,1,Yes
0.0141025111675262,23.2,30.8,1,-140,-4432,104,425.379072481011,1,Yes
0.0141245226860046,23.2,30.8,1,-140,-4432,104,425.379072481011,1,Yes
0.0141450338363647,23.2,30.8,1,-140,-4432,104,425.379072481011,1,Yes
0.0141654369831085,23.2,30.8,1,-28,-4160,-8,143.303496264436,1,Yes
0.0141857678890228,23.2,30.8,1,-28,-4160,-8,143.303496264436,1,Yes
0.0142068510055542,23.2,30.8,0,-68,-3824,72,362.228409770198,1,Yes
0.0142272942066193,23.2,30.8,0,-68,-3824,72,362.228409770198,0,No
0.0142479341030121,23.2,30.8,0,-68,-3824,72,362.228409770198,1,Yes
0.0142681977748871,23.2,30.8,0,-100,-3624,244,627.38450244744,1,Yes
0.0142893805503845,23.2,30.8,0,-100,-3624,244,627.38450244744,1,Yes
0.0143101267814636,23.2,30.8,0,-36,-3976,0,197.025846556549,1,Yes
0.0143304967880249,23.2,30.8,0,-36,-3976,0,197.025846556549,1,Yes
0.0143507270812988,23.2,30.8,0,-36,-3976,0,197.025846556549,1,Yes
0.0143711838722229,23.2,30.8,1,-164,-4508,-72,432.800173297593,1,Yes
0.0143916077613831,23.2,30.8,1,-164,-4508,-72,432.800173297593,0,No
0.0144120440483093,23.2,30.8,1,-164,-4508,-72,432.800173297593,1,Yes
0.014432311296463,23.2,30.8,1,-228,-4900,16,834.612966224676,1,Yes
0.0144525065422058,23.2,30.8,1,-228,-4900,16,834.612966224676,1,Yes
0.0144732534885406,23.2,30.8,1,-216,-4304,-156,285.196435652353,1,Yes
0.0144937658309937,23.2,30.8,1,-216,-4304,-156,285.196435652353,1,Yes
0.0145142056941986,23.2,30.8,1,-216,-4304,-156,285.196435652353,1,Yes
0.0145348598957062,23.2,30.8,0,-284,-4832,72,801.532299143808,1,Yes
0.0145558559894562,23.2,30.8,0,-284,-4832,72,801.532299143808,1,Yes
0.0145764801502228,23.2,30.8,1,-180,-4460,24,423.315124620175,1,Yes
0.0145969486236572,23.2,30.8,1,-180,-4460,24,423.315124620175,1,Yes
0.014617840051651,23.2,30.8,1,-180,-4460,24,423.315124620175,1,Yes
0.0146386332511902,23.2,30.8,1,500,-2612,244,1628.19025688045,1,Yes
0.0146593444347382,23.2,30.8,1,500,-2612,244,1628.19025688045,1,Yes
0.0146798112392426,23.2,30.8,0,-76,-3976,8,212.284356852812,1,Yes
0.0147001831531525,23.2,30.8,0,-76,-3976,8,212.284356852812,1,Yes
0.0147204146385193,23.2,30.8,0,-76,-3976,8,212.284356852812,1,Yes
0.0147410478591919,23.2,30.8,0,-76,-3780,232,503.120198486493,1,Yes
0.0147615661621094,23.2,30.8,0,-76,-3780,232,503.120198486493,1,Yes
0.0147821478843689,23.2,30.8,0,-76,-3780,232,503.120198486493,0,No
0.014802638053894,23.2,30.8,0,-52,-3756,24,393.682599712679,1,Yes
0.0148234441280365,23.2,30.8,0,-52,-3756,24,393.682599712679,1,Yes
0.0148440566062927,23.2,30.8,1,-104,-4780,36,699.108069965142,1,Yes
0.0148646078109741,23.2,30.8,1,-104,-4780,36,699.108069965142,1,Yes
0.0148849685192108,23.2,30.8,1,-104,-4780,36,699.108069965142,1,Yes
0.0149055800437927,23.2,30.8,0,-116,-4164,140,306.001715162149,1,Yes
0.0149259121417999,23.2,30.8,0,-116,-4164,140,306.001715162149,1,Yes
0.014946542263031,23.2,30.8,0,-128,-4520,64,473.508862995362,1,Yes
0.0149670226573944,23.2,30.8,0,-128,-4520,64,473.508862995362,1,Yes
0.0149874436855316,23.2,30.8,0,-128,-4520,64,473.508862995362,0,No
0.0150080370903015,23.2,30.8,0,-140,-4388,56,365.239884894821,1,Yes
0.0150286457538605,23.2,30.8,0,-140,-4388,56,365.239884894821,0,No
0.015049026966095,23.2,30.8,0,-56,-3696,-72,423.179026074333,0,No
0.0150693061351776,23.2,30.8,0,-56,-3696,-72,423.179026074333,0,No
0.0150908191204071,23.2,30.8,0,-56,-3696,-72,423.179026074333,0,No
0.0151110639572144,23.2,30.8,0,-72,-3792,40,372.133673841592,0,No
0.0151317348480225,23.2,30.8,0,-72,-3792,40,372.133673841592,0,No
0.0151520507335663,23.2,30.8,0,-72,-3792,40,372.133673841592,0,No
0.0151727213859558,23.2,30.8,0,-104,-3928,84,305.535247030298,1,Yes
0.0151930310726166,23.2,30.8,0,-104,-3928,84,305.535247030298,1,Yes
0.0152135570049286,23.2,30.8,0,16,-3348,232,849.222205067715,1,Yes
0.0152342305183411,23.2,30.8,0,16,-3348,232,849.222205067715,1,Yes
0.0152551336288452,23.2,30.8,0,16,-3348,232,849.222205067715,1,Yes
0.015275678396225,23.2,30.8,0,-44,-3816,-8,325.336521201991,1,Yes
0.0152962803840637,23.2,30.8,0,-44,-3816,-8,325.336521201991,1,Yes
0.0153166017532349,23.2,30.8,0,-208,-4368,116,415.517863063943,0,No
0.015336879491806,23.2,30.8,0,-208,-4368,116,415.517863063943,1,Yes
0.0153571083545685,23.2,30.8,0,-208,-4368,116,415.517863063943,1,Yes
0.0153778891563416,23.2,30.8,0,-128,-4164,72,250.648961787318,1,Yes
0.0153986506462097,23.2,30.8,0,-128,-4164,72,250.648961787318,1,Yes
0.0154190533161163,23.2,30.8,0,-544,-5384,240,1433.51873603035,1,Yes
0.0154404714107513,23.2,30.8,0,-544,-5384,240,1433.51873603035,1,Yes
0.0154610188007355,23.2,30.8,0,-544,-5384,240,1433.51873603035,1,Yes
0.0154813795089722,23.2,30.8,0,-128,-4392,72,373.01561198511,1,Yes
0.0155040302276611,23.2,30.8,0,-128,-4392,72,373.01561198511,1,Yes
0.0155252780914307,23.2,30.8,0,-128,-4392,72,373.01561198511,1,Yes
0.0155459909439087,23.2,30.8,1,-60,-4068,4,160.077300045538,1,Yes
0.0155668098926544,23.2,30.8,1,-60,-4068,4,160.077300045538,1,Yes
0.0155882019996643,23.2,30.8,0,-92,-3832,52,349.400716443851,1,Yes
0.0156083791255951,23.2,30.8,0,-92,-3832,52,349.400716443851,1,Yes
0.0156290755271912,23.2,30.8,0,-92,-3832,52,349.400716443851,1,Yes
0.0156495535373688,23.2,30.8,0,-224,-3828,672,887.566588366933,1,Yes
0.01566996717453,23.2,30.8,0,-224,-3828,672,887.566588366933,1,Yes
0.0156905035972595,23.2,30.8,0,-196,-4352,-20,329.576285741281,1,Yes
0.0157107927799225,23.2,30.8,0,-196,-4352,-20,329.576285741281,1,Yes
0.0157313561439514,23.2,30.8,0,-196,-4352,-20,329.576285741281,1,Yes
0.0157518627643585,23.2,30.8,0,-108,-3660,136,538.474340836625,1,Yes
0.0157721269130707,23.2,30.8,0,-108,-3660,136,538.474340836625,1,Yes
0.0157926843166351,23.2,30.8,1,-100,-4092,36,200.741707658704,1,Yes
0.0158130717277527,23.2,30.8,1,-100,-4092,36,200.741707658704,1,Yes
0.0158345036506653,23.2,30.8,1,-100,-4092,36,200.741707658704,1,Yes
0.0158548686504364,23.2,30.8,0,-64,-4092,316,460.801491048677,1,Yes
0.0158753161430359,23.2,30.8,0,-64,-4092,316,460.801491048677,1,Yes
0.0158956754207611,23.2,30.8,0,-64,-4092,316,460.801491048677,0,No
0.0159160544872284,23.2,30.8,0,-64,-4092,316,460.801491048677,0,No
0.0159377541542053,23.2,30.6,0,-40,-3736,16,407.503908364572,0,No
0.0159585041999817,23.2,30.6,0,-40,-3736,16,407.503908364572,0,No
0.0159790394306183,23.2,30.6,0,-72,-3792,8,357.675481300633,0,No
0.0160006990432739,23.2,30.6,0,-72,-3792,8,357.675481300633,1,Yes
0.0160214450359344,23.2,30.6,0,-72,-3792,8,357.675481300633,1,Yes
0.0160422878265381,23.2,30.6,0,36,-3828,784,968.045714140946,1,Yes
0.0160625586509705,23.2,30.6,0,36,-3828,784,968.045714140946,1,Yes
0.0160832974910736,23.2,30.6,0,-236,-4456,-36,427.498411338176,1,Yes
0.0161043002605438,23.2,30.6,0,-236,-4456,-36,427.498411338176,1,Yes
0.0161250836849213,23.2,30.6,0,-236,-4456,-36,427.498411338176,1,Yes
0.0161458535194397,23.2,30.6,0,-36,-3428,-60,688.029901157951,1,Yes
0.0161665852069855,23.2,30.6,0,-36,-3428,-60,688.029901157951,1,Yes
0.0161870322227478,23.2,30.6,1,-136,-3928,72,308.766770560717,1,Yes
0.016207679271698,23.2,30.6,1,-136,-3928,72,308.766770560717,1,Yes
0.0162282938957214,23.2,30.6,1,-136,-3928,72,308.766770560717,1,Yes
0.0162488989830017,23.2,30.6,0,116,-3004,1176,1724.50231773897,1,Yes
0.0162691307067871,23.2,30.6,0,116,-3004,1176,1724.50231773897,1,Yes
0.0162892873287201,23.2,30.6,0,116,-3004,1176,1724.50231773897,1,Yes
0.0163097250461578,23.2,30.6,0,-120,-4136,-12,173.323448924535,1,Yes
0.0163301873207092,23.2,30.6,0,-120,-4136,-12,173.323448924535,1,Yes
0.0163506460189819,23.2,30.6,0,-196,-3372,460,970.769041668706,1,Yes
0.0163713719844818,23.2,30.6,0,-196,-3372,460,970.769041668706,1,Yes
0.01639200258255,23.2,30.6,0,-196,-3372,460,970.769041668706,1,Yes
0.0164125673770905,23.2,30.6,1,-184,-4512,28,470.073141699569,1,Yes
0.0164333455562592,23.2,30.6,1,-184,-4512,28,470.073141699569,1,Yes
0.0164538226127625,23.2,30.6,1,-116,-3064,380,1174.1656453651,1,Yes
0.0164748816490173,23.2,30.6,1,-116,-3064,380,1174.1656453651,1,Yes
0.0164953942298889,23.2,30.6,1,-116,-3064,380,1174.1656453651,1,Yes
0.0165156614780426,23.2,30.6,1,28,-3360,-36,758.734502897927,1,Yes
0.0165372400283813,23.2,30.6,1,28,-3360,-36,758.734502897927,1,Yes
0.0165580549240112,23.2,30.6,0,-84,-4092,36,193.840707130411,1,Yes
0.0165787205696106,23.2,30.6,0,-84,-4092,36,193.840707130411,1,Yes
0.0165989637374878,23.2,30.6,0,-84,-4092,36,193.840707130411,0,No
0.0166194956302643,23.2,30.6,0,-60,-3960,-64,177.259050447017,0,No
0.0166401073932648,23.2,30.6,0,-60,-3960,-64,177.259050447017,1,Yes
0.0166606755256653,23.2,30.6,0,-60,-3960,-64,177.259050447017,1,Yes
0.0166812489032745,23.2,30.6,1,-124,-3828,356,583.504384759007,1,Yes
0.0167017080783844,23.2,30.6,1,-124,-3828,356,583.504384759007,1,Yes
0.0167224450111389,23.2,30.6,1,-128,-4264,-8,236.299421720173,1,Yes
0.0167426953315735,23.2,30.6,1,-128,-4264,-8,236.299421720173,1,Yes
0.0167629640102386,23.2,30.6,1,-128,-4264,-8,236.299421720173,1,Yes
0.0167833917140961,23.2,30.6,0,-108,-4808,-32,713.00950072907,1,Yes
0.0168037545681,23.2,30.6,0,-108,-4808,-32,713.00950072907,1,Yes
0.0168242814540863,23.2,30.6,1,-176,-4176,72,279.604292792497,1,Yes
0.016844918012619,23.2,30.6,1,-176,-4176,72,279.604292792497,1,Yes
0.0168653767108917,23.2,30.6,1,-176,-4176,72,279.604292792497,1,Yes
0.016885977268219,23.2,30.6,0,-68,-3704,304,605.804604394831,1,Yes
0.0169063713550568,23.2,30.6,0,-68,-3704,304,605.804604394831,1,Yes
0.0169267916679382,23.2,30.6,1,-96,-4072,-64,123.854702158837,1,Yes
0.0169470658302307,23.2,30.6,1,-96,-4072,-64,123.854702158837,1,Yes
0.0169677484035492,23.2,30.6,1,-96,-4072,-64,123.854702158837,1,Yes
0.016988267660141,23.2,30.6,0,-132,-3900,52,311.79677745955,1,Yes
0.0170089561939239,23.2,30.6,0,-132,-3900,52,311.79677745955,1,Yes
0.0170293357372284,23.2,30.6,0,-132,-3900,52,311.79677745955,1,Yes
0.0170495948791504,23.2,30.6,1,-56,-4012,-12,169.552086329927,1,Yes
0.0170699110031128,23.2,30.6,1,-56,-4012,-12,169.552086329927,1,Yes
0.0170905015468597,23.2,30.6,1,-88,-5312,-248,1208.84929776546,1,Yes
0.0171110663414001,23.2,30.6,1,-88,-5312,-248,1208.84929776546,1,Yes
0.0171317319869995,23.2,30.6,1,-88,-5312,-248,1208.84929776546,1,Yes
0.0171521625518799,23.2,30.6,0,-88,-4288,184,378.91086954663,1,Yes
0.0171728339195251,23.2,30.6,0,-88,-4288,184,378.91086954663,1,Yes
0.0171933567523956,23.2,30.6,0,-188,-4420,96,429.657825715489,0,No
0.0172140023708344,23.2,30.6,0,-188,-4420,96,429.657825715489,0,No
0.0172346119880676,23.2,30.6,0,-188,-4420,96,429.657825715489,0,No
0.0172555320262909,23.2,30.6,0,-148,-4496,20,440.781756766914,0,No
0.0172761399745941,23.2,30.6,0,-148,-4496,20,440.781756766914,1,Yes
0.0172966356277466,23.2,30.6,0,-164,-4192,52,261.719249416665,1,Yes
0.0173169002532959,23.2,30.6,0,-164,-4192,52,261.719249416665,1,Yes
0.017337394952774,23.2,30.6,0,-164,-4192,52,261.719249416665,0,No
0.0173594207763672,23.2,30.6,0,-80,-3816,24,345.453837118757,0,No
0.0173806102275848,23.2,30.6,0,-80,-3816,24,345.453837118757,0,No
0.0174010853767395,23.2,30.6,0,-80,-3816,24,345.453837118757,1,Yes
0.0174215838909149,23.2,30.6,0,-84,-4080,44,202.63151758162,1,Yes
0.0174421050548553,23.2,30.6,0,-84,-4080,44,202.63151758162,0,No
0.0174630017280579,23.2,30.6,0,-116,-4076,32,207.330148862461,0,No
0.0174838488101959,23.2,30.6,0,-116,-4076,32,207.330148862461,0,No
0.017505054473877,23.2,30.6,0,-116,-4076,32,207.330148862461,0,No
0.0175262386798859,23.2,30.6,0,-68,-3972,36,232.888438626795,0,No
0.0175471820831299,23.2,30.6,0,-68,-3972,36,232.888438626795,0,No
0.0175679759979248,23.2,30.6,0,-128,-4124,28,208.229580351512,0,No
0.0175899169445038,23.2,30.6,0,-128,-4124,28,208.229580351512,0,No
0.0176107051372528,23.2,30.6,0,-128,-4124,28,208.229580351512,0,No
0.0176314518451691,23.2,30.6,0,-100,-4180,60,232.004792795701,0,No
0.0176523370742798,23.2,30.6,0,-100,-4180,60,232.004792795701,0,No
0.0176729774475098,23.2,30.6,0,-124,-4124,12,193.025760271881,0,No
0.0176935050487518,23.2,30.6,0,-124,-4124,12,193.025760271881,0,No
0.0177140605449677,23.2,30.6,0,-124,-4124,12,193.025760271881,0,No
0.0177346761226654,23.2,30.6,0,-100,-4180,80,249.521641711048,0,No
0.0177551319599152,23.2,30.6,0,-100,-4180,80,249.521641711048,0,No
0.0177765636444092,23.2,30.6,0,-120,-4156,36,214.781199003878,0,No
0.0177970972061157,23.2,30.6,0,-120,-4156,36,214.781199003878,0,No
0.0178178794384003,23.2,30.6,0,-120,-4156,36,214.781199003878,0,No
0.0178384494781494,23.2,30.6,0,-116,-4080,24,200.056824480594,0,No
0.0178591339588165,23.2,30.6,0,-116,-4080,24,200.056824480594,0,No
0.0178799459934235,23.2,30.6,0,-240,-4124,-144,233.497645398331,0,No
0.0179006791114807,23.2,30.6,0,-240,-4124,-144,233.497645398331,0,No
0.0179214968681335,23.2,30.6,0,-240,-4124,-144,233.497645398331,1,Yes
0.0179421951770782,23.2,30.6,0,-240,-4124,-144,233.497645398331,1,Yes
0.0179629521369934,23.2,30.4,0,-76,-4088,440,585.403554396491,1,Yes
0.0179836704730988,23.2,30.4,0,-76,-4088,440,585.403554396491,1,Yes
0.0180055303573608,23.2,30.4,0,-76,-4088,440,585.403554396491,1,Yes
0.0180262670516968,23.2,30.4,0,-284,-4720,1228,1523.78033912831,1,Yes
0.0180470449924469,23.2,30.4,0,-284,-4720,1228,1523.78033912831,1,Yes
0.0180711014270782,23.2,30.4,0,-132,-4564,-212,475.649451269316,1,Yes
0.0180914649963379,23.2,30.4,0,-132,-4564,-212,475.649451269316,1,Yes
0.0181122238636017,23.2,30.4,0,-132,-4564,-212,475.649451269316,1,Yes
0.0181331777572632,23.2,30.4,0,-264,-3964,452,662.643622844428,1,Yes
0.0181537208557129,23.2,30.4,0,-264,-3964,452,662.643622844428,1,Yes
0.0181742331981659,23.2,30.4,0,-224,-4316,-24,320.875337277043,1,Yes
0.0181948258876801,23.2,30.4,0,-224,-4316,-24,320.875337277043,1,Yes
0.0182152910232544,23.2,30.4,0,-224,-4316,-24,320.875337277043,0,No
0.0182360074520111,23.2,30.4,0,-36,-3812,176,436.394168115287,1,Yes
0.0182566723823547,23.2,30.4,0,-36,-3812,176,436.394168115287,1,Yes
0.0182772438526154,23.2,30.4,0,188,-3928,-344,335.570438953367,0,No
0.0182976076602936,23.2,30.4,0,188,-3928,-344,335.570438953367,1,Yes
0.0183181939125061,23.2,30.4,0,188,-3928,-344,335.570438953367,1,Yes
0.0183515622615814,23.2,30.4,0,528,-4200,-756,820.056959427385,1,Yes
0.0183732645511627,23.2,30.4,0,528,-4200,-756,820.056959427385,1,Yes
0.01839377617836,23.2,30.4,0,364,-4716,-1184,1261.80411024648,1,Yes
0.0184141473770142,23.2,30.4,0,364,-4716,-1184,1261.80411024648,1,Yes
0.0184347031116486,23.2,30.4,1,580,-3572,-736,994.369867088112,1,Yes
0.0184551465511322,23.2,30.4,1,580,-3572,-736,994.369867088112,1,Yes
0.0184761757850647,23.2,30.4,1,580,-3572,-736,994.369867088112,1,Yes
0.018496796131134,23.2,30.4,0,704,-4100,-1860,1860.35106003801,1,Yes
0.0185187728404999,23.2,30.4,0,704,-4100,-1860,1860.35106003801,1,Yes
0.0185392179489136,23.2,30.4,0,460,-4168,-1328,1276.93665630881,1,Yes
0.0185596837997437,23.2,30.4,0,460,-4168,-1328,1276.93665630881,0,No
0.0185800890922546,23.2,30.4,0,460,-4168,-1328,1276.93665630881,1,Yes
0.0186008117198944,23.2,30.4,0,240,-4100,-984,878.602769655728,1,Yes
0.0186214666366577,23.2,30.4,0,240,-4100,-984,878.602769655728,0,No
0.0186421608924866,23.2,30.4,0,240,-4100,-984,878.602769655728,1,Yes
0.0186629214286804,23.2,30.4,0,228,-3688,-684,727.183322381161,1,Yes
0.018683845281601,23.2,30.4,0,228,-3688,-684,727.183322381161,0,No
0.0187047524452209,23.2,30.4,0,504,-3740,-392,679.31244967777,0,No
0.0187254612445831,23.2,30.4,0,504,-3740,-392,679.31244967777,1,Yes
0.0187460384368896,23.2,30.4,0,504,-3740,-392,679.31244967777,1,Yes
0.0187666971683502,23.2,30.4,0,140,-3996,-360,287.648284136888,1,Yes
0.0187871291637421,23.2,30.4,0,140,-3996,-360,287.648284136888,1,Yes
0.018807544708252,23.2,30.4,0,36,-3904,-400,334.199639090273,0,No
0.0188281092643738,23.2,30.4,0,36,-3904,-400,334.199639090273,1,Yes
0.0188488709926605,23.2,30.4,0,36,-3904,-400,334.199639090273,1,Yes
0.0188693032264709,23.2,30.4,0,240,-4944,480,1068.14335103535,1,Yes
0.0188904736042023,23.2,30.4,0,240,-4944,480,1068.14335103535,1,Yes
0.0189110152721405,23.2,30.4,0,180,-3740,-224,423.34260764249,1,Yes
0.0189317548274994,23.2,30.4,0,180,-3740,-224,423.34260764249,1,Yes
0.0189520404338837,23.2,30.4,0,180,-3740,-224,423.34260764249,1,Yes
0.0189727275371552,23.2,30.4,0,-20,-4196,560,706.170866380465,1,Yes
0.0189932851791382,23.2,30.4,0,-20,-4196,560,706.170866380465,0,No
0.0190141928195953,23.2,30.4,0,64,-4076,632,776.889093334473,0,No
0.0190347332954407,23.2,30.4,0,64,-4076,632,776.889093334473,0,No
0.0190554790496826,23.2,30.4,0,64,-4076,632,776.889093334473,0,No
0.0190762164592743,23.2,30.4,0,100,-4212,616,771.074376913274,0,No
0.0190966458320618,23.2,30.4,0,100,-4212,616,771.074376913274,1,Yes
0.0191170270442963,23.2,30.4,0,100,-4212,616,771.074376913274,1,Yes
0.0191377079486847,23.2,30.4,0,-36,-4332,980,1142.88989851178,1,Yes
0.0191583812236786,23.2,30.4,0,-36,-4332,980,1142.88989851178,1,Yes
0.019179217338562,23.2,30.4,0,-60,-3860,920,1091.36904049711,0,No
0.0192001614570618,23.2,30.4,0,-60,-3860,920,1091.36904049711,0,No
0.0192209093570709,23.2,30.4,0,-60,-3860,920,1091.36904049711,1,Yes
0.0192414989471436,23.2,30.4,0,-92,-4244,808,961.967341225372,0,No
0.019262237071991,23.2,30.4,0,-92,-4244,808,961.967341225372,1,Yes
0.0192831125259399,23.2,30.4,0,0,-4160,352,495.384177114109,1,Yes
0.0193033938407898,23.2,30.4,0,0,-4160,352,495.384177114109,1,Yes
0.0193238143920898,23.2,30.4,0,0,-4160,352,495.384177114109,1,Yes
0.0193446936607361,23.2,30.4,0,292,-4184,16,345.448476960156,1,Yes
0.0193654427528381,23.2,30.4,0,292,-4184,16,345.448476960156,0,No
0.0193882482051849,23.2,30.4,0,204,-4348,-160,318.09831573181,0,No
0.0194096193313599,23.2,30.4,0,204,-4348,-160,318.09831573181,1,Yes
0.0194304656982422,23.2,30.4,0,204,-4348,-160,318.09831573181,1,Yes
0.0194541001319885,23.2,30.4,0,184,-3628,-452,605.135323648429,1,Yes
0.0194749021530151,23.2,30.4,0,184,-3628,-452,605.135323648429,1,Yes
0.0194957430362701,23.2,30.4,0,444,-4088,-552,610.619377764152,0,No
0.0195165121555328,23.2,30.4,0,444,-4088,-552,610.619377764152,0,No
0.0195371205806732,23.2,30.4,0,444,-4088,-552,610.619377764152,0,No
0.01955806016922,23.2,30.4,0,372,-4172,-492,520.217636623858,0,No
0.0195785028934479,23.2,30.4,0,372,-4172,-492,520.217636623858,1,Yes
0.0195990254878998,23.2,30.4,0,272,-3976,-208,316.895861288701,1,Yes
0.0196194634437561,23.2,30.4,0,272,-3976,-208,316.895861288701,1,Yes
0.0196398572921753,23.2,30.4,0,272,-3976,-208,316.895861288701,1,Yes
0.0196601998806,23.2,30.4,0,416,-3988,-292,465.542925627121,1,Yes
0.0196805715560913,23.2,30.4,0,416,-3988,-292,465.542925627121,1,Yes
0.0197009773254395,23.2,30.4,0,416,-3988,-292,465.542925627121,1,Yes
0.0197211849689484,23.2,30.4,0,832,-4432,-688,1051.84846165263,1,Yes
0.0197414705753326,23.2,30.4,0,832,-4432,-688,1051.84846165263,1,Yes
0.0197620747089386,23.2,30.4,0,984,-4696,-1116,1508.4485027629,1,Yes
0.0197827007770538,23.2,30.4,0,984,-4696,-1116,1508.4485027629,1,Yes
0.0198033487796783,23.2,30.4,0,984,-4696,-1116,1508.4485027629,1,Yes
0.0198241283893585,23.2,30.4,0,804,-4288,-1044,1226.64874467703,1,Yes
0.0198446776866913,23.2,30.4,0,804,-4288,-1044,1226.64874467703,0,No
0.019865446805954,23.2,30.4,0,540,-4024,-1020,1038.98077777267,1,Yes
0.0198860745429993,23.2,30.4,0,540,-4024,-1020,1038.98077777267,1,Yes
0.0199066455364227,23.2,30.4,0,540,-4024,-1020,1038.98077777267,1,Yes
0.0199274201393127,23.2,30.4,0,372,-4068,-432,479.733442942593,1,Yes
0.0199485101699829,23.2,30.4,0,372,-4068,-432,479.733442942593,1,Yes
0.0199689848423004,23.2,30.4,0,372,-4068,-432,479.733442942593,1,Yes
0.0199897656440735,23.2,30.4,0,372,-4068,-432,479.733442942593,1,Yes
0.0200104908943176,23.2,30.2,0,-28,-3984,-128,129.029212899721,1,Yes
0.0200311138629913,23.2,30.2,0,-28,-3984,-128,129.029212899721,1,Yes
0.0200516102313995,23.2,30.2,1,-124,-3460,112,707.805200951145,1,Yes
0.0200727381706238,23.2,30.2,1,-124,-3460,112,707.805200951145,1,Yes
0.0200932631492615,23.2,30.2,1,-124,-3460,112,707.805200951145,1,Yes
0.0201139550209045,23.2,30.2,0,112,-3888,140,377.618710688209,1,Yes
0.0201344785690308,23.2,30.2,0,112,-3888,140,377.618710688209,1,Yes
0.0201550447940826,23.2,30.2,0,60,-4000,604,756.009311452334,1,Yes
0.020175553560257,23.2,30.2,0,60,-4000,604,756.009311452334,1,Yes
0.020196033000946,23.2,30.2,0,60,-4000,604,756.009311452334,1,Yes
0.0202168190479279,23.2,30.2,0,96,-4124,184,341.041069444964,1,Yes
0.0202372803688049,23.2,30.2,0,96,-4124,184,341.041069444964,1,Yes
0.0202578592300415,23.2,30.2,0,-40,-4324,608,779.374472341003,1,Yes
0.0202782564163208,23.2,30.2,0,-40,-4324,608,779.374472341003,0,No
0.0202990925312042,23.2,30.2,0,-40,-4324,608,779.374472341003,1,Yes
0.0203195219039917,23.2,30.2,0,144,-4304,876,1046.03356332455,1,Yes
0.0203397824764252,23.2,30.2,0,144,-4304,876,1046.03356332455,1,Yes
0.0203604176044464,23.2,30.2,0,144,-4304,876,1046.03356332455,1,Yes
0.0203806574344635,23.2,30.2,0,140,-4448,1524,1705.04743121116,1,Yes
0.0204016301631927,23.2,30.2,0,140,-4448,1524,1705.04743121116,1,Yes
0.0204227731227875,23.2,30.2,0,336,-4276,1420,1606.62540966393,0,No
0.0204434459209442,23.2,30.2,0,336,-4276,1420,1606.62540966393,1,Yes
0.0204641160964966,23.2,30.2,0,336,-4276,1420,1606.62540966393,1,Yes
0.0204848520755768,23.2,30.2,0,152,-4392,1068,1251.31220576571,1,Yes
0.0205064101219177,23.2,30.2,0,152,-4392,1068,1251.31220576571,0,No
0.0205269448757172,23.2,30.2,0,56,-3816,860,1045.23320735323,1,Yes
0.0205478708744049,23.2,30.2,0,56,-3816,860,1045.23320735323,1,Yes
0.0205684623718262,23.2,30.2,0,56,-3816,860,1045.23320735323,1,Yes
0.0205906445980072,23.2,30.2,0,188,-3856,324,564.743297809768,1,Yes
0.0206116349697113,23.2,30.2,0,188,-3856,324,564.743297809768,0,No
0.0206323657035828,23.2,30.2,0,164,-4368,-80,314.87733942815,1,Yes
0.0206530883312225,23.2,30.2,0,164,-4368,-80,314.87733942815,1,Yes
0.0206740391254425,23.2,30.2,0,164,-4368,-80,314.87733942815,1,Yes
0.0206950535774231,23.2,30.2,0,540,-3828,-224,621.2103995258,1,Yes
0.0207155146598816,23.2,30.2,0,540,-3828,-224,621.2103995258,1,Yes
0.0207361416816711,23.2,30.2,0,108,-4304,-656,562.093710547685,0,No
0.0207563626766205,23.2,30.2,0,108,-4304,-656,562.093710547685,0,No
0.0207769107818603,23.2,30.2,0,108,-4304,-656,562.093710547685,0,No
0.0207984268665314,23.2,30.2,0,40,-3592,128,586.071646497917,0,No
0.0208193461894989,23.2,30.2,0,40,-3592,128,586.071646497917,0,No
0.0208398649692535,23.2,30.2,0,40,-3592,128,586.071646497917,1,Yes
0.0208601658344269,23.2,30.2,0,236,-4268,-428,407.686633977852,1,Yes
0.0208806500434875,23.2,30.2,0,236,-4268,-428,407.686633977852,0,No
0.0209013543128967,23.2,30.2,0,296,-4148,-132,305.329873257588,0,No
0.0209228389263153,23.2,30.2,0,296,-4148,-132,305.329873257588,0,No
0.0209435534477234,23.2,30.2,0,296,-4148,-132,305.329873257588,0,No
0.020964329957962,23.2,30.2,0,380,-4204,-288,424.333698433551,1,Yes
0.0209858779907227,23.2,30.2,0,380,-4204,-288,424.333698433551,1,Yes
0.0210066699981689,23.2,30.2,0,908,-4492,-912,1255.83753492169,1,Yes
0.021027378320694,23.2,30.2,0,908,-4492,-912,1255.83753492169,1,Yes
0.0210478920936584,23.2,30.2,0,908,-4492,-912,1255.83753492169,1,Yes
0.0210686841011047,23.2,30.2,0,1000,-4984,-1384,1822.63162535615,1,Yes
0.0210890052318573,23.2,30.2,0,1000,-4984,-1384,1822.63162535615,1,Yes
0.021109637260437,23.2,30.2,0,536,-4320,-1040,1070.98625809685,1,Yes
0.0211299910545349,23.2,30.2,0,536,-4320,-1040,1070.98625809685,0,No
0.0211503717899323,23.2,30.2,0,536,-4320,-1040,1070.98625809685,1,Yes
0.0211708219051361,23.2,30.2,0,228,-4152,-500,431.120884017811,1,Yes
0.0211911268234253,23.2,30.2,0,228,-4152,-500,431.120884017811,1,Yes
0.0212118051052094,23.2,30.2,0,184,-3836,-504,493.695851722299,0,No
0.0212322835922241,23.2,30.2,0,184,-3836,-504,493.695851722299,0,No
0.021252539396286,23.2,30.2,0,184,-3836,-504,493.695851722299,0,No
0.0212731101512909,23.2,30.2,0,8,-3712,20,430.135006533625,0,No
0.0212938668727875,23.2,30.2,0,8,-3712,20,430.135006533625,0,No
0.0213142342567444,23.2,30.2,0,8,-3712,20,430.135006533625,1,Yes
0.0213346066474915,23.2,30.2,0,-100,-3972,424,589.038769785716,1,Yes
0.021355700969696,23.2,30.2,0,-100,-3972,424,589.038769785716,0,No
0.0213764119148254,23.2,30.2,0,-28,-3564,212,650.983057666607,0,No
0.0213968749046326,23.2,30.2,0,-28,-3564,212,650.983057666607,1,Yes
0.0214173212051392,23.2,30.2,0,-28,-3564,212,650.983057666607,1,Yes
0.0214379451274872,23.2,30.2,0,0,-3748,-116,363.558344081245,1,Yes
0.0214584875106812,23.2,30.2,0,0,-3748,-116,363.558344081245,0,No
0.0214791736602783,23.2,30.2,0,44,-4108,192,336.751012221228,0,No
0.0214997253417969,23.2,30.2,0,44,-4108,192,336.751012221228,0,No
0.021520250082016,23.2,30.2,0,44,-4108,192,336.751012221228,1,Yes
0.0215406982898712,23.2,30.2,0,72,-4284,292,472.923354411166,0,No
0.0215612289905548,23.2,30.2,0,72,-4284,292,472.923354411166,1,Yes
0.0215820188522339,23.2,30.2,0,208,-4284,700,885.043123897671,1,Yes
0.0216023781299591,23.2,30.2,0,208,-4284,700,885.043123897671,0,No
0.0216231398582458,23.2,30.2,0,208,-4284,700,885.043123897671,1,Yes
0.0216438453197479,23.2,30.2,0,36,-4284,1364,1515.43061286349,1,Yes
0.0216644973754883,23.2,30.2,0,36,-4284,1364,1515.43061286349,0,No
0.0216849632263184,23.2,30.2,0,36,-4284,1364,1515.43061286349,1,Yes
0.0217061669826508,23.2,30.2,0,108,-4572,2008,2200.84088660462,1,Yes
0.0217270531654358,23.2,30.2,0,108,-4572,2008,2200.84088660462,1,Yes
0.0217476375102997,23.2,30.2,0,224,-4420,1424,1611.78183512498,1,Yes
0.0217680113315582,23.2,30.2,0,224,-4420,1424,1611.78183512498,0,No
0.0217884840965271,23.2,30.2,0,224,-4420,1424,1611.78183512498,1,Yes
0.0218092486858368,23.2,30.2,0,292,-4296,888,1087.32584408435,1,Yes
0.0218299157619476,23.2,30.2,0,292,-4296,888,1087.32584408435,1,Yes
0.0218502521514893,23.2,30.2,0,360,-4224,776,994.043233809537,0,No
0.0218705248832703,23.2,30.2,0,360,-4224,776,994.043233809537,1,Yes
0.0218910188674927,23.2,30.2,0,360,-4224,776,994.043233809537,1,Yes
0.021911874294281,23.2,30.2,0,156,-4172,-36,203.226719095885,1,Yes
0.0219322633743286,23.2,30.2,0,156,-4172,-36,203.226719095885,1,Yes
0.0219526205062866,23.2,30.2,0,128,-3640,692,966.113844756879,1,Yes
0.0219729497432709,23.2,30.2,0,128,-3640,692,966.113844756879,1,Yes
0.021993537902832,23.2,30.2,0,128,-3640,692,966.113844756879,1,Yes
0.0220144045352936,23.2,30.2,0,128,-3640,692,966.113844756879,1,Yes
0.0220353465080261,23.2,30,0,392,-3928,-568,612.309602237531,1,Yes
0.0220563035011292,23.2,30,0,392,-3928,-568,612.309602237531,0,No
0.0220770728588104,23.2,30,0,392,-3928,-568,612.309602237531,1,Yes
0.0220977516174316,23.2,30,0,284,-3956,-236,342.91341052192,1,Yes
0.0221199314594269,23.2,30,0,284,-3956,-236,342.91341052192,1,Yes
0.0221416866779327,23.2,30,0,212,-3580,-692,795.765734487059,1,Yes
0.0221623632907867,23.2,30,0,212,-3580,-692,795.765734487059,1,Yes
0.0221832835674286,23.2,30,0,212,-3580,-692,795.765734487059,1,Yes
0.0222042355537415,23.2,30,0,608,-4140,-852,940.572216722444,0,No
0.0222245700359344,23.2,30,0,608,-4140,-852,940.572216722444,1,Yes
0.0222450251579285,23.2,30,0,708,-4652,-1240,1418.53633993493,1,Yes
0.0222655057907104,23.2,30,0,708,-4652,-1240,1418.53633993493,1,Yes
0.0222859263420105,23.2,30,0,708,-4652,-1240,1418.53633993493,0,No
0.0223069579601288,23.2,30,0,828,-4724,-1204,1484.42619962322,0,No
0.0223279364109039,23.2,30,0,828,-4724,-1204,1484.42619962322,0,No
0.0223484663963318,23.2,30,0,832,-4680,-1356,1582.55240444271,0,No
0.0223688559532166,23.2,30,0,832,-4680,-1356,1582.55240444271,1,Yes
0.0223898062705994,23.2,30,0,832,-4680,-1356,1582.55240444271,1,Yes
0.0224103465080261,23.2,30,0,432,-4388,-1032,1031.34762274775,1,Yes
0.0224312016963959,23.2,30,0,432,-4388,-1032,1031.34762274775,0,No
0.0224517779350281,23.2,30,0,432,-4388,-1032,1031.34762274775,1,Yes
0.0224724810123444,23.2,30,0,236,-3892,-540,515.859798635677,1,Yes
0.0224930741786957,23.2,30,0,236,-3892,-540,515.859798635677,0,No
0.0225134789943695,23.2,30,0,136,-3832,-232,326.140142513967,1,Yes
0.022534471988678,23.2,30,0,136,-3832,-232,326.140142513967,1,Yes
0.0225546314716339,23.2,30,0,136,-3832,-232,326.140142513967,1,Yes
0.0225751121044159,23.2,30,0,-92,-3632,-140,486.146991367641,1,Yes
0.0225956270694733,23.2,30,0,-92,-3632,-140,486.146991367641,0,No
0.0226166968345642,23.2,30,0,-228,-3720,172,547.148054735497,0,No
0.0226372027397156,23.2,30,0,-228,-3720,172,547.148054735497,0,No
0.0226579117774963,23.2,30,0,-228,-3720,172,547.148054735497,0,No
0.0226785786151886,23.2,30,0,44,-3564,-88,551.546003340463,0,No
0.0227000586986542,23.2,30,0,44,-3564,-88,551.546003340463,1,Yes
0.0227206976413727,23.2,30,0,92,-4208,540,694.871204394253,1,Yes
0.0227418537139893,23.2,30,0,92,-4208,540,694.871204394253,1,Yes
0.0227628693580627,23.2,30,0,92,-4208,540,694.871204394253,1,Yes
0.0227834870815277,23.2,30,0,-356,-3352,1000,1413.85593320957,1,Yes
0.022804251909256,23.2,30,0,-356,-3352,1000,1413.85593320957,1,Yes
0.0228247063159943,23.2,30,0,100,-3764,716,930.492385617704,1,Yes
0.0228454523086548,23.2,30,0,100,-3764,716,930.492385617704,1,Yes
0.0228663923740387,23.2,30,0,100,-3764,716,930.492385617704,1,Yes
0.022886646270752,23.2,30,0,216,-4500,1520,1720.40076985262,1,Yes
0.0229073705673218,23.2,30,0,216,-4500,1520,1720.40076985262,1,Yes
0.0229278211593628,23.2,30,0,216,-4500,1520,1720.40076985262,1,Yes
0.0229481191635132,23.2,30,0,400,-4684,1184,1499.86506913286,1,Yes
0.022968493938446,23.2,30,0,400,-4684,1184,1499.86506913286,1,Yes
0.0229889295101166,23.2,30,0,412,-4680,1316,1619.29736092346,0,No
0.0230099849700928,23.2,30,0,412,-4680,1316,1619.29736092346,1,Yes
0.0230310342311859,23.2,30,0,412,-4680,1316,1619.29736092346,1,Yes
0.0230516979694366,23.2,30,0,212,-4752,1028,1351.11799209819,1,Yes
0.0230726387500763,23.2,30,0,212,-4752,1028,1351.11799209819,0,No
0.0230931322574615,23.2,30,0,108,-4120,956,1102.91257776896,1,Yes
0.0231134874820709,23.2,30,0,108,-4120,956,1102.91257776896,0,No
0.0231340613365173,23.2,30,0,108,-4120,956,1102.91257776896,1,Yes
0.0231546862125397,23.2,30,0,64,-3840,456,659.18791411511,1,Yes
0.0231750133037567,23.2,30,0,64,-3840,456,659.18791411511,0,No
0.0231953890323639,23.2,30,0,4,-3760,140,449.39548795873,1,Yes
0.0232159023284912,23.2,30,0,4,-3760,140,449.39548795873,0,No
0.02323672914505,23.2,30,0,4,-3760,140,449.39548795873,0,No
0.0232574563026428,23.2,30,0,52,-3828,16,328.579032223471,0,No
0.0232779750823975,23.2,30,0,52,-3828,16,328.579032223471,1,Yes
0.0232988135814667,23.2,30,0,52,-3828,16,328.579032223471,1,Yes
0.0233190758228302,23.2,30,0,28,-3960,-796,673.131170442375,1,Yes
0.0233394374847412,23.2,30,0,28,-3960,-796,673.131170442375,1,Yes
0.0233601460456848,23.2,30,0,132,-3856,-392,383.670139305406,1,Yes
0.0233804757595062,23.2,30,0,132,-3856,-392,383.670139305406,1,Yes
0.0234010035991669,23.2,30,0,132,-3856,-392,383.670139305406,1,Yes
0.023421656370163,23.2,30,0,140,-4016,-684,570.550366705807,1,Yes
0.0234421534538269,23.2,30,0,140,-4016,-684,570.550366705807,1,Yes
0.0234625654220581,23.2,30,0,192,-3892,-528,487.069311623261,0,No
0.023482940196991,23.2,30,0,192,-3892,-528,487.069311623261,1,Yes
0.0235035753250122,23.2,30,0,192,-3892,-528,487.069311623261,1,Yes
0.0235242295265198,23.2,30,0,564,-4492,-1120,1195.85221286539,1,Yes
0.0235444436073303,23.2,30,0,564,-4492,-1120,1195.85221286539,1,Yes
0.023564647436142,23.2,30,0,956,-4840,-1444,1776.87884606905,1,Yes
0.0235851550102234,23.2,30,0,956,-4840,-1444,1776.87884606905,1,Yes
0.0236054944992065,23.2,30,0,956,-4840,-1444,1776.87884606905,1,Yes
0.0236262540817261,23.2,30,1,696,-4540,-1432,1531.48321704616,1,Yes
0.0236469497680664,23.2,30,1,696,-4540,-1432,1531.48321704616,1,Yes
0.0236680717468262,23.2,30,1,696,-4540,-1432,1531.48321704616,1,Yes
0.0236890323162079,23.2,30,0,416,-4224,-780,774.716694154493,1,Yes
0.0237098140716553,23.2,30,0,416,-4224,-780,774.716694154493,0,No
0.023730628490448,23.2,30,0,196,-3932,44,327.506497716367,1,Yes
0.0237511775493622,23.2,30,0,196,-3932,44,327.506497716367,1,Yes
0.0237714748382568,23.2,30,0,196,-3932,44,327.506497716367,1,Yes
0.0237925856113434,23.2,30,0,332,-3808,92,510.565783680086,1,Yes
0.0238131268024445,23.2,30,0,332,-3808,92,510.565783680086,0,No
0.0238337235450745,23.2,30,0,372,-4248,144,493.546787587549,0,No
0.0238546526432037,23.2,30,0,372,-4248,144,493.546787587549,0,No
0.0238750371932983,23.2,30,0,372,-4248,144,493.546787587549,0,No
0.0238953433036804,23.2,30,0,216,-3684,108,541.891200780644,0,No
0.023915872335434,23.2,30,0,216,-3684,108,541.891200780644,0,No
0.0239364430904388,23.2,30,0,112,-3704,388,677.642668173345,1,Yes
0.0239572052955627,23.2,30,0,112,-3704,388,677.642668173345,0,No
0.0239779193401337,23.2,30,0,112,-3704,388,677.642668173345,0,No
0.0239984669685364,23.2,30,0,-4,-4016,448,596.434390706642,0,No
0.0240190789699554,23.2,30,0,-4,-4016,448,596.434390706642,0,No
0.0240411286354065,23.2,30,0,-4,-4016,448,596.434390706642,1,Yes
0.0240614042282104,23.2,30,0,-4,-4016,448,596.434390706642,1,Yes
0.0240822713375092,23.2,28.9,0,-916,-4400,1240,1678.38750936933,1,Yes
0.0241027011871338,23.2,28.9,0,-916,-4400,1240,1678.38750936933,1,Yes
0.0241232869625092,23.2,28.9,0,-1204,-4424,848,1584.01184475641,0,No
0.0241439828872681,23.2,28.9,0,-1204,-4424,848,1584.01184475641,1,Yes
0.0241647732257843,23.2,28.9,0,-1204,-4424,848,1584.01184475641,1,Yes
0.0241851053237915,23.2,28.9,0,-856,-4492,508,1134.64918774223,1,Yes
0.0242056427001953,23.2,28.9,0,-856,-4492,508,1134.64918774223,0,No
0.0242267446517944,23.2,28.9,0,-824,-4136,-36,824.186762155851,1,Yes
0.0242476289272308,23.2,28.9,0,-824,-4136,-36,824.186762155851,0,No
0.0242681477069855,23.2,28.9,0,-824,-4136,-36,824.186762155851,1,Yes
0.0242890191078186,23.2,28.9,0,-468,-3840,236,654.129818616182,1,Yes
0.0243097925186157,23.2,28.9,0,-468,-3840,236,654.129818616182,0,No
0.0243304347991943,23.2,28.9,0,-468,-3840,236,654.129818616182,1,Yes
0.0243520028591156,23.2,28.9,0,-272,-4088,-104,268.60188845917,1,Yes
0.0243725981712341,23.2,28.9,0,-272,-4088,-104,268.60188845917,1,Yes
0.0243929793834686,23.2,28.9,0,-28,-3976,-628,505.834110457219,1,Yes
0.0244138185977936,23.2,28.9,0,-28,-3976,-628,505.834110457219,1,Yes
0.0244354076385498,23.2,28.9,0,-28,-3976,-628,505.834110457219,1,Yes
0.024456396818161,23.2,28.9,0,-8,-3980,208,372.530497710268,1,Yes
0.0244769933223724,23.2,28.9,0,-8,-3980,208,372.530497710268,1,Yes
0.0244975483417511,23.2,28.9,0,204,-3972,-536,468.860083830192,0,No
0.0245180308818817,23.2,28.9,0,204,-3972,-536,468.860083830192,0,No
0.0245385091304779,23.2,28.9,0,204,-3972,-536,468.860083830192,0,No
0.0245592687129974,23.2,28.9,0,312,-3992,4,369.816302547285,1,Yes
0.0245798995494843,23.2,28.9,0,312,-3992,4,369.816302547285,1,Yes
0.0246004877090454,23.2,28.9,0,704,-4248,-620,868.227825373951,1,Yes
0.0246210293769836,23.2,28.9,0,704,-4248,-620,868.227825373951,1,Yes
0.024641604423523,23.2,28.9,0,704,-4248,-620,868.227825373951,0,No
0.0246621413230896,23.2,28.9,0,824,-4064,-492,903.25616306338,1,Yes
0.0246824133396149,23.2,28.9,0,824,-4064,-492,903.25616306338,1,Yes
0.024703141450882,23.2,28.9,0,1236,-4112,-184,1243.65465046651,1,Yes
0.0247236216068268,23.2,28.9,0,1236,-4112,-184,1243.65465046651,1,Yes
0.0247440693378448,23.2,28.9,0,1236,-4112,-184,1243.65465046651,1,Yes
0.024764422416687,23.2,28.9,0,1616,-4832,-756,1879.51227472297,1,Yes
0.0247855935096741,23.2,28.9,0,1616,-4832,-756,1879.51227472297,1,Yes
0.0248063676357269,23.2,28.9,0,1616,-4832,-756,1879.51227472297,1,Yes
0.024827121257782,23.2,28.9,0,1436,-4248,-324,1460.95212555112,1,Yes
0.0248474402427673,23.2,28.9,0,1436,-4248,-324,1460.95212555112,1,Yes
0.024869163274765,23.2,28.9,0,972,-4236,-220,990.06715899129,1,Yes
0.0248908553123474,23.2,28.9,0,972,-4236,-220,990.06715899129,1,Yes
0.0249112176895142,23.2,28.9,0,972,-4236,-220,990.06715899129,0,No
0.0249314770698547,23.2,28.9,0,856,-3648,308,1077.09235395779,1,Yes
0.0249518058300018,23.2,28.9,0,856,-3648,308,1077.09235395779,1,Yes
0.0249723868370056,23.2,28.9,0,408,-4192,96,484.637855865511,1,Yes
0.0249930257797241,23.2,28.9,0,408,-4192,96,484.637855865511,1,Yes
0.0250135149955749,23.2,28.9,0,408,-4192,96,484.637855865511,0,No
0.0250339894294739,23.2,28.9,0,212,-3696,-144,468.888728682718,0,No
0.0250546214580536,23.2,28.9,0,212,-3696,-144,468.888728682718,1,Yes
0.0250752358436584,23.2,28.9,0,-20,-3892,-56,234.900684340201,1,Yes
0.0250960073471069,23.2,28.9,0,-20,-3892,-56,234.900684340201,1,Yes
0.0251168186664581,23.2,28.9,0,-20,-3892,-56,234.900684340201,1,Yes
0.0251374316215515,23.2,28.9,0,-392,-4112,-60,393.496414765713,0,No
0.0251583080291748,23.2,28.9,0,-392,-4112,-60,393.496414765713,1,Yes
0.0251785967350006,23.2,28.9,0,-492,-3596,276,820.946256333343,1,Yes
0.0251992671489716,23.2,28.9,0,-492,-3596,276,820.946256333343,1,Yes
0.0252199394702911,23.2,28.9,0,-492,-3596,276,820.946256333343,1,Yes
0.0252406573295593,23.2,28.9,0,-504,-4112,296,661.785782470042,1,Yes
0.025261173248291,23.2,28.9,0,-504,-4112,296,661.785782470042,0,No
0.0252816154956818,23.2,28.9,0,-504,-4112,296,661.785782470042,1,Yes
0.0253024046421051,23.2,28.9,0,-388,-4016,64,442.90139973717,1,Yes
0.0253228890895844,23.2,28.9,0,-388,-4016,64,442.90139973717,1,Yes
0.0253433547019958,23.2,28.9,0,-472,-4296,-216,506.275615964252,0,No
0.0253639321327209,23.2,28.9,0,-472,-4296,-216,506.275615964252,0,No
0.0253848764896393,23.2,28.9,0,-472,-4296,-216,506.275615964252,1,Yes
0.025405104637146,23.2,28.9,0,-604,-4448,-160,686.074730413416,0,No
0.025425409078598,23.2,28.9,0,-604,-4448,-160,686.074730413416,1,Yes
0.0254457828998566,23.2,28.9,0,-960,-4176,-80,957.269838470644,1,Yes
0.0254660160541534,23.2,28.9,0,-960,-4176,-80,957.269838470644,1,Yes
0.0254864447116852,23.2,28.9,0,-960,-4176,-80,957.269838470644,1,Yes
0.0255071427822113,23.2,28.9,0,-820,-4044,-220,819.649068646173,1,Yes
0.025527515411377,23.2,28.9,0,-820,-4044,-220,819.649068646173,0,No
0.0255483422279358,23.2,28.9,0,-820,-4044,-220,819.649068646173,0,No
0.0255685732364655,23.2,28.9,0,-760,-4460,-352,856.608549643734,1,Yes
0.0255891268253326,23.2,28.9,0,-760,-4460,-352,856.608549643734,1,Yes
0.0256094906330109,23.2,28.9,0,-568,-4000,-84,574.719365813189,1,Yes
0.0256302108764648,23.2,28.9,0,-568,-4000,-84,574.719365813189,1,Yes
0.025650327205658,23.2,28.9,0,-568,-4000,-84,574.719365813189,0,No
0.0256709675788879,23.2,28.9,0,-504,-4328,-184,544.249693823384,0,No
0.0256915812492371,23.2,28.9,0,-504,-4328,-184,544.249693823384,1,Yes
0.0257120487689972,23.2,28.9,0,-328,-3904,-56,391.158482735952,1,Yes
0.0257326898574829,23.2,28.9,0,-328,-3904,-56,391.158482735952,0,No
0.0257530329227448,23.2,28.9,0,-328,-3904,-56,391.158482735952,1,Yes
0.0257731914520264,23.2,28.9,0,16,-4328,-48,237.475488126082,1,Yes
0.0257936427593231,23.2,28.9,0,16,-4328,-48,237.475488126082,1,Yes
0.0258147752285004,23.2,28.9,0,60,-4060,-460,329.976418941011,0,No
0.0258349368572235,23.2,28.9,0,60,-4060,-460,329.976418941011,0,No
0.0258564920425415,23.2,28.9,0,60,-4060,-460,329.976418941011,0,No
0.0258771557807922,23.2,28.9,0,224,-3820,-288,399.295239363319,0,No
0.0258977181911469,23.2,28.9,0,224,-3820,-288,399.295239363319,0,No
0.0259221465587616,23.2,28.9,0,224,-3820,-288,399.295239363319,0,No
0.0259423940181732,23.2,28.9,0,312,-4300,-396,450.165281451025,0,No
0.0259632186889648,23.2,28.9,0,312,-4300,-396,450.165281451025,0,No
0.0259836537837982,23.2,28.9,0,368,-3684,-228,574.602795161306,0,No
0.0260042054653168,23.2,28.9,0,368,-3684,-228,574.602795161306,1,Yes
0.0260250074863434,23.2,28.9,0,536,-3896,-692,802.845580560678,1,Yes
0.0260455827713013,23.2,28.9,0,536,-3896,-692,802.845580560678,0,No
0.0260660891532898,23.2,28.9,0,536,-3896,-692,802.845580560678,1,Yes
0.0260864946842194,23.2,28.9,0,536,-3896,-692,802.845580560678,1,Yes
0.0261072745323181,23.2,28.5,0,1092,-4468,-324,1169.97260724348,1,Yes
0.0261277384757996,23.2,28.5,0,1092,-4468,-324,1169.97260724348,0,No
0.0261483538150787,23.2,28.5,0,1092,-4468,-324,1169.97260724348,1,Yes
0.0261691634654999,23.2,28.5,0,1332,-4808,-356,1524.88004753658,1,Yes
0.0261896939277649,23.2,28.5,0,1332,-4808,-356,1524.88004753658,1,Yes
0.0262100594043732,23.2,28.5,0,1072,-4236,-180,1086.86880387486,1,Yes
0.0262306666374207,23.2,28.5,0,1072,-4236,-180,1086.86880387486,1,Yes
0.0262511613368988,23.2,28.5,0,1072,-4236,-180,1086.86880387486,0,No
0.0262719764709473,23.2,28.5,0,916,-3756,72,1011.3551588537,0,No
0.0262926774024963,23.2,28.5,0,916,-3756,72,1011.3551588537,1,Yes
0.026312933921814,23.2,28.5,0,916,-3756,72,1011.3551588537,1,Yes
0.0263333644866943,23.2,28.5,0,588,-4204,-68,606.579752844101,1,Yes
0.0263537578582764,23.2,28.5,0,588,-4204,-68,606.579752844101,1,Yes
0.0263744902610779,23.2,28.5,0,456,-3776,-36,580.744520726742,0,No
0.0263953132629395,23.2,28.5,0,456,-3776,-36,580.744520726742,0,No
0.0264158244132996,23.2,28.5,0,456,-3776,-36,580.744520726742,0,No
0.0264360811710358,23.2,28.5,0,368,-3696,176,642.563982457613,1,Yes
0.0264564020633698,23.2,28.5,0,368,-3696,176,642.563982457613,1,Yes
0.0264769604206085,23.2,28.5,0,-132,-4368,-368,365.335457101366,1,Yes
0.026497300863266,23.2,28.5,0,-132,-4368,-368,365.335457101366,0,No
0.0265179152488709,23.2,28.5,0,-132,-4368,-368,365.335457101366,0,No
0.026538498878479,23.2,28.5,0,-252,-4236,-92,279.596841172912,0,No
0.0265594153404236,23.2,28.5,0,-252,-4236,-92,279.596841172912,0,No
0.0265797312259674,23.2,28.5,0,-184,-3940,-340,316.438249243375,0,No
0.0266000826358795,23.2,28.5,0,-184,-3940,-340,316.438249243375,0,No
0.0266206004619598,23.2,28.5,0,-184,-3940,-340,316.438249243375,1,Yes
0.026641236782074,23.2,28.5,0,-184,-3796,-464,484.534650857455,1,Yes
0.0266620905399323,23.2,28.5,0,-184,-3796,-464,484.534650857455,0,No
0.0266826841831207,23.2,28.5,0,-184,-3796,-464,484.534650857455,0,No
0.0267029504776001,23.2,28.5,0,-456,-4204,224,586.116098629198,0,No
0.0267232513427734,23.2,28.5,0,-456,-4204,224,586.116098629198,1,Yes
0.026743688583374,23.2,28.5,0,-756,-4484,100,870.95221072864,1,Yes
0.0267640316486359,23.2,28.5,0,-756,-4484,100,870.95221072864,0,No
0.0267848358154297,23.2,28.5,0,-756,-4484,100,870.95221072864,1,Yes
0.0268055369853973,23.2,28.5,0,-972,-4428,56,1034.8340930878,0,No
0.0268259363174438,23.2,28.5,0,-972,-4428,56,1034.8340930878,0,No
0.0268465497493744,23.2,28.5,0,-1220,-4364,-172,1239.66016760988,1,Yes
0.0268671567440033,23.2,28.5,0,-1220,-4364,-172,1239.66016760988,1,Yes
0.0268879895210266,23.2,28.5,0,-1220,-4364,-172,1239.66016760988,1,Yes
0.0269084823131561,23.2,28.5,0,-1008,-3816,-144,1043.55766353006,1,Yes
0.0269290478229523,23.2,28.5,0,-1008,-3816,-144,1043.55766353006,0,No
0.0269497148990631,23.2,28.5,0,-1008,-3816,-144,1043.55766353006,1,Yes
0.0269700307846069,23.2,28.5,0,-820,-4256,-412,869.346031171697,0,No
0.0269907531738281,23.2,28.5,0,-820,-4256,-412,869.346031171697,1,Yes
0.0270110423564911,23.2,28.5,0,-548,-3868,96,638.564965572425,1,Yes
0.0270314931869507,23.2,28.5,0,-548,-3868,96,638.564965572425,0,No
0.0270519850254059,23.2,28.5,0,-548,-3868,96,638.564965572425,1,Yes
0.027072761297226,23.2,28.5,0,-404,-4092,56,443.609416718259,0,No
0.0270931077003479,23.2,28.5,0,-404,-4092,56,443.609416718259,1,Yes
0.027113566160202,23.2,28.5,0,88,-4300,-204,221.018769935711,1,Yes
0.0271342475414276,23.2,28.5,0,88,-4300,-204,221.018769935711,1,Yes
0.0271546897888184,23.2,28.5,0,88,-4300,-204,221.018769935711,1,Yes
0.0271749827861786,23.2,28.5,0,28,-4148,-484,346.917674275332,0,No
0.0271952645778656,23.2,28.5,0,28,-4148,-484,346.917674275332,0,No
0.0272159862518311,23.2,28.5,0,-44,-3780,-320,377.871294337159,0,No
0.0272366271018982,23.2,28.5,0,-44,-3780,-320,377.871294337159,0,No
0.0272572121620178,23.2,28.5,0,-44,-3780,-320,377.871294337159,0,No
0.0272778050899506,23.2,28.5,0,356,-3788,-224,492.654329160144,0,No
0.0272983059883118,23.2,28.5,0,356,-3788,-224,492.654329160144,0,No
0.0273187234401703,23.2,28.5,0,356,-3788,-224,492.654329160144,0,No
0.0273392915725708,23.2,28.5,0,476,-4004,116,557.272691213879,1,Yes
0.0273601605892181,23.2,28.5,0,476,-4004,116,557.272691213879,1,Yes
0.027380669593811,23.2,28.5,0,1200,-4052,-228,1211.46686393426,1,Yes
0.0274014148712158,23.2,28.5,0,1200,-4052,-228,1211.46686393426,1,Yes
0.0274221539497376,23.2,28.5,0,1200,-4052,-228,1211.46686393426,0,No
0.0274429898262024,23.2,28.5,0,1248,-4256,-540,1324.84797165257,0,No
0.0274634871482849,23.2,28.5,0,1248,-4256,-540,1324.84797165257,0,No
0.0274839890003204,23.2,28.5,0,1324,-4132,-336,1345.3036843458,0,No
0.027504444360733,23.2,28.5,0,1324,-4132,-336,1345.3036843458,1,Yes
0.0275252141952515,23.2,28.5,0,1324,-4132,-336,1345.3036843458,1,Yes
0.0275460393428802,23.2,28.5,0,884,-4368,-440,974.384559128567,1,Yes
0.0275669417381287,23.2,28.5,0,884,-4368,-440,974.384559128567,0,No
0.0275873143672943,23.2,28.5,0,808,-4020,-180,820.864417680584,1,Yes
0.0276079666614532,23.2,28.5,0,808,-4020,-180,820.864417680584,0,No
0.0276286735534668,23.2,28.5,0,808,-4020,-180,820.864417680584,1,Yes
0.0276496391296387,23.2,28.5,0,456,-4104,-60,469.963796477481,1,Yes
0.0276700162887573,23.2,28.5,0,456,-4104,-60,469.963796477481,1,Yes
0.0276902770996094,23.2,28.5,0,456,-4104,-60,469.963796477481,0,No
0.0277106385231018,23.2,28.5,0,452,-3888,-364,556.731752801085,0,No
0.0277314178943634,23.2,28.5,0,452,-3888,-364,556.731752801085,0,No
0.0277529807090759,23.2,28.5,0,144,-3592,-320,569.076699066143,0,No
0.0277739951610565,23.2,28.5,0,144,-3592,-320,569.076699066143,1,Yes
0.0277947103977203,23.2,28.5,0,144,-3592,-320,569.076699066143,1,Yes
0.0278155539035797,23.2,28.5,0,-356,-3188,-168,986.848008424377,1,Yes
0.0278361041545868,23.2,28.5,0,-356,-3188,-168,986.848008424377,1,Yes
0.0278570704460144,23.2,28.5,0,-696,-3784,-108,763.299115357966,1,Yes
0.0278775730133057,23.2,28.5,0,-696,-3784,-108,763.299115357966,1,Yes
0.0278979661464691,23.2,28.5,0,-696,-3784,-108,763.299115357966,1,Yes
0.0279182112216949,23.2,28.5,0,-736,-5428,-72,1507.2347014768,1,Yes
0.0279390490055084,23.2,28.5,0,-736,-5428,-72,1507.2347014768,0,No
0.0279598138332367,23.2,28.5,0,-624,-5864,-228,1860.82369820876,1,Yes
0.0279807999134064,23.2,28.5,0,-624,-5864,-228,1860.82369820876,1,Yes
0.0280033111572266,23.2,28.5,0,-624,-5864,-228,1860.82369820876,0,No
0.0280255930423737,23.2,28.5,0,-484,-5708,-632,1737.9248979825,0,No
0.0280464909076691,23.2,28.5,0,-484,-5708,-632,1737.9248979825,1,Yes
0.0280676050186157,23.2,28.5,0,-620,-5480,-212,1502.02801654286,1,Yes
0.028088791847229,23.2,28.5,0,-620,-5480,-212,1502.02801654286,0,No
0.02810928606987,23.2,28.5,0,-620,-5480,-212,1502.02801654286,1,Yes
0.028130021572113,23.2,28.5,0,-620,-5480,-212,1502.02801654286,1,Yes
0.0281514303684235,23.2,28.1,0,-304,-3844,-128,399.409532721465,1,Yes
0.0281721737384796,23.2,28.1,0,-304,-3844,-128,399.409532721465,1,Yes
0.028192524433136,23.2,28.1,0,-280,-4336,-68,361.493120220984,0,No
0.0282135057449341,23.2,28.1,0,-280,-4336,-68,361.493120220984,0,No
0.0282341482639313,23.2,28.1,0,-280,-4336,-68,361.493120220984,0,No
0.0282550299167633,23.2,28.1,0,-28,-3724,-208,392.991740518958,0,No
0.0282754294872284,23.2,28.1,0,-28,-3724,-208,392.991740518958,1,Yes
0.0282959728240967,23.2,28.1,0,-28,-3724,-208,392.991740518958,1,Yes
0.0283168122768402,23.2,28.1,0,-280,-3072,-488,1128.65147688321,1,Yes
0.0283371739387512,23.2,28.1,0,-280,-3072,-488,1128.65147688321,1,Yes
0.0283578157424927,23.2,28.1,0,-296,-3128,428,1171.65370714278,0,No
0.0283825645446777,23.2,28.1,0,-296,-3128,428,1171.65370714278,0,No
0.0284030311107635,23.2,28.1,0,-296,-3128,428,1171.65370714278,0,No
0.0284235043525696,23.2,28.1,0,-336,-3172,332,1101.34298885775,1,Yes
0.0284441499710083,23.2,28.1,0,-336,-3172,332,1101.34298885775,1,Yes
0.0284646692276001,23.2,28.1,0,-476,-2248,-32,1923.88495501167,1,Yes
0.0284852607250214,23.2,28.1,0,-476,-2248,-32,1923.88495501167,1,Yes
0.0285057508945465,23.2,28.1,0,-476,-2248,-32,1923.88495501167,1,Yes
0.0285263538360596,23.2,28.1,0,-432,-2484,484,1793.63570130207,1,Yes
0.0285469584465027,23.2,28.1,0,-432,-2484,484,1793.63570130207,1,Yes
0.0285673787593842,23.2,28.1,0,-448,-3088,128,1145.70935366994,1,Yes
0.0285877904891968,23.2,28.1,0,-448,-3088,128,1145.70935366994,1,Yes
0.0286083333492279,23.2,28.1,0,-448,-3088,128,1145.70935366994,1,Yes
0.0286292173862457,23.2,28.1,0,-388,-3508,144,767.828182816011,1,Yes
0.0286497576236725,23.2,28.1,0,-388,-3508,144,767.828182816011,0,No
0.0286704232692719,23.2,28.1,0,-140,-3940,420,601.172403778419,1,Yes
0.0286908869743347,23.2,28.1,0,-140,-3940,420,601.172403778419,0,No
0.0287112610340118,23.2,28.1,0,-140,-3940,420,601.172403778419,1,Yes
0.0287319293022156,23.2,28.1,1,-180,-3936,-112,247.577369016358,1,Yes
0.0287529118061066,23.2,28.1,1,-180,-3936,-112,247.577369016358,1,Yes
0.0287737774848938,23.2,28.1,1,-180,-3936,-112,247.577369016358,1,Yes
0.028793963432312,23.2,28.1,0,-20,-4444,76,397.910312041961,1,Yes
0.0288145203590393,23.2,28.1,0,-20,-4444,76,397.910312041961,0,No
0.0288353955745697,23.2,28.1,0,-28,-4496,-116,386.736526265701,0,No
0.0288559873104095,23.2,28.1,0,-28,-4496,-116,386.736526265701,0,No
0.0288764045238495,23.2,28.1,0,-28,-4496,-116,386.736526265701,1,Yes
0.0288968460559845,23.2,28.1,0,-100,-4300,-192,217.111953187391,1,Yes
0.0289174075126648,23.2,28.1,0,-100,-4300,-192,217.111953187391,0,No
0.0289381890296936,23.2,28.1,0,116,-4136,-44,158.533429387626,0,No
0.0289583833217621,23.2,28.1,0,116,-4136,-44,158.533429387626,1,Yes
0.0289791405200958,23.2,28.1,0,116,-4136,-44,158.533429387626,1,Yes
0.0289994947910309,23.2,28.1,0,120,-4776,176,747.806668229734,1,Yes
0.0290200788974762,23.2,28.1,0,120,-4776,176,747.806668229734,0,No
0.0290404193401337,23.2,28.1,0,384,-5000,-428,1013.02034721923,1,Yes
0.0290611336231232,23.2,28.1,0,384,-5000,-428,1013.02034721923,0,No
0.0290817999839783,23.2,28.1,0,384,-5000,-428,1013.02034721923,1,Yes
0.0291027841567993,23.2,28.1,0,372,-5212,-756,1317.17333509971,1,Yes
0.0291230897903442,23.2,28.1,0,372,-5212,-756,1317.17333509971,0,No
0.0291435961723328,23.2,28.1,0,372,-5212,-756,1317.17333509971,1,Yes
0.0291643490791321,23.2,28.1,0,284,-5596,-76,1514.96733514976,1,Yes
0.0291853470802307,23.2,28.1,0,284,-5596,-76,1514.96733514976,0,No
0.0292058458328247,23.2,28.1,0,200,-5608,32,1521.43962242133,0,No
0.0292264139652252,23.2,28.1,0,200,-5608,32,1521.43962242133,1,Yes
0.0292468633651733,23.2,28.1,0,200,-5608,32,1521.43962242133,1,Yes
0.0292673823833466,23.2,28.1,0,88,-4744,384,828.033843860055,1,Yes
0.0292880296707153,23.2,28.1,0,88,-4744,384,828.033843860055,1,Yes
0.0293086998462677,23.2,28.1,0,100,-4952,244,931.364261199605,0,No
0.0293295209407806,23.2,28.1,0,100,-4952,244,931.364261199605,1,Yes
0.0293500978946686,23.2,28.1,0,100,-4952,244,931.364261199605,1,Yes
0.0293706018924713,23.2,28.1,0,-116,-4064,-76,135.222458017664,1,Yes
0.0293912456035614,23.2,28.1,0,-116,-4064,-76,135.222458017664,1,Yes
0.0294116246700287,23.2,28.1,0,-104,-3900,-608,521.54262090987,1,Yes
0.029432140827179,23.2,28.1,0,-104,-3900,-608,521.54262090987,1,Yes
0.0294528665542603,23.2,28.1,0,-104,-3900,-608,521.54262090987,0,No
0.0294740676879883,23.2,28.1,0,-144,-3756,-356,436.858817506046,0,No
0.0294944794178009,23.2,28.1,0,-144,-3756,-356,436.858817506046,0,No
0.0295149478912354,23.2,28.1,0,-144,-3756,-356,436.858817506046,0,No
0.0295351159572601,23.2,28.1,0,-280,-3768,-300,466.160241947279,1,Yes
0.0295561103820801,23.2,28.1,0,-280,-3768,-300,466.160241947279,1,Yes
0.0295767607688904,23.2,28.1,0,-568,-3244,256,1106.07388767248,1,Yes
0.0295973072052002,23.2,28.1,0,-568,-3244,256,1106.07388767248,1,Yes
0.0296186861991882,23.2,28.1,0,-568,-3244,256,1106.07388767248,0,No
0.0296394362449646,23.2,28.1,0,-504,-3068,-48,1158.80440089808,0,No
0.0296601865291595,23.2,28.1,0,-504,-3068,-48,1158.80440089808,1,Yes
0.0296808986663818,23.2,28.1,0,-612,-2828,336,1496.23269342124,1,Yes
0.0297012131214142,23.2,28.1,0,-612,-2828,336,1496.23269342124,0,No
0.0297218136787415,23.2,28.1,0,-612,-2828,336,1496.23269342124,1,Yes
0.0297423794269562,23.2,28.1,0,-368,-2516,288,1690.32501727684,1,Yes
0.0297626383304596,23.2,28.1,0,-368,-2516,288,1690.32501727684,1,Yes
0.0297831809520721,23.2,28.1,0,-384,-2800,-108,1364.20676195034,1,Yes
0.0298038370609283,23.2,28.1,0,-384,-2800,-108,1364.20676195034,0,No
0.0298244910240173,23.2,28.1,0,-384,-2800,-108,1364.20676195034,1,Yes
0.0298451132774353,23.2,28.1,0,-120,-3120,372,1121.24752120319,1,Yes
0.0298658921718597,23.2,28.1,0,-120,-3120,372,1121.24752120319,0,No
0.0298868503570557,23.2,28.1,0,-120,-3120,372,1121.24752120319,1,Yes
0.0299074409008026,23.2,28.1,0,-312,-3636,268,696.808188290674,1,Yes
0.0299281463623047,23.2,28.1,0,-312,-3636,268,696.808188290674,0,No
0.0299486141204834,23.2,28.1,0,-340,-3664,80,599.352710243167,0,No
0.0299689087867737,23.2,28.1,0,-340,-3664,80,599.352710243167,0,No
0.0299897739887238,23.2,28.1,0,-340,-3664,80,599.352710243167,1,Yes
0.030010546207428,23.2,28.1,0,-64,-3996,140,308.691758784676,1,Yes
0.0300310714244843,23.2,28.1,0,-64,-3996,140,308.691758784676,1,Yes
0.0300515072345734,23.2,28.1,0,-100,-4156,-432,308.998823399999,0,No
0.0300725953578949,23.2,28.1,0,-100,-4156,-432,308.998823399999,0,No
0.0300931868553162,23.2,28.1,0,-100,-4156,-432,308.998823399999,0,No
0.0301140513420105,23.2,28.1,1,-44,-4220,24,201.290132641084,0,No
0.0301346559524536,23.2,28.1,1,-44,-4220,24,201.290132641084,0,No
0.0301549980640411,23.2,28.1,1,-44,-4220,24,201.290132641084,1,Yes
0.0301754274368286,23.2,28.1,1,-44,-4220,24,201.290132641084,1,Yes
0.0301959588527679,23.2,27.7,1,212,-4680,216,706.71507140084,1,Yes
0.0302164785861969,23.2,27.7,1,212,-4680,216,706.71507140084,0,No
0.0302368626594543,23.2,27.7,0,48,-5104,80,1019.09801900758,1,Yes
0.0302580327987671,23.2,27.7,0,48,-5104,80,1019.09801900758,1,Yes
0.030278656244278,23.2,27.7,0,48,-5104,80,1019.09801900758,1,Yes
0.0302990791797638,23.2,27.7,0,56,-4848,-60,744.44316859115,1,Yes
0.0303193960189819,23.2,27.7,0,56,-4848,-60,744.44316859115,1,Yes
0.0303402624130249,23.2,27.7,0,204,-4956,-292,884.2812566243,1,Yes
0.0303611862659454,23.2,27.7,0,204,-4956,-292,884.2812566243,1,Yes
0.0303822519779205,23.2,27.7,0,204,-4956,-292,884.2812566243,1,Yes
0.0304034345149994,23.2,27.7,0,120,-5496,-88,1392.16385569864,1,Yes
0.0304244124889374,23.2,27.7,0,120,-5496,-88,1392.16385569864,1,Yes
0.0304450685977936,23.2,27.7,0,196,-5552,268,1511.90674464207,0,No
0.030465886592865,23.2,27.7,0,196,-5552,268,1511.90674464207,1,Yes
0.0304865107536316,23.2,27.7,0,196,-5552,268,1511.90674464207,1,Yes
0.0305069351196289,23.2,27.7,0,216,-5152,256,1136.4955216471,1,Yes
0.0305275001525879,23.2,27.7,0,216,-5152,256,1136.4955216471,0,No
0.0305482885837555,23.2,27.7,0,96,-4772,596,995.471648192711,1,Yes
0.0305688235759735,23.2,27.7,0,96,-4772,596,995.471648192711,0,No
0.0305900540351868,23.2,27.7,0,96,-4772,596,995.471648192711,1,Yes
0.0306108660697937,23.2,27.7,0,0,-4728,-180,618.636437734921,1,Yes
0.0306310811042786,23.2,27.7,0,0,-4728,-180,618.636437734921,0,No
0.030651839017868,23.2,27.7,0,0,-4728,-180,618.636437734921,1,Yes
0.03067236328125,23.2,27.7,0,-104,-4200,-268,183.232632640148,1,Yes
0.0306931190490723,23.2,27.7,0,-104,-4200,-268,183.232632640148,1,Yes
0.0307135992050171,23.2,27.7,0,-156,-4108,-468,359.513088673325,1,Yes
0.0307343845367432,23.2,27.7,0,-156,-4108,-468,359.513088673325,1,Yes
0.0307546103000641,23.2,27.7,0,-156,-4108,-468,359.513088673325,1,Yes
0.0307749545574188,23.2,27.7,0,-140,-3360,-492,839.325716785656,1,Yes
0.030795914888382,23.2,27.7,0,-140,-3360,-492,839.325716785656,1,Yes
0.0308166270256042,23.2,27.7,0,-528,-3768,404,828.146090930187,0,No
0.0308372352123261,23.2,27.7,0,-528,-3768,404,828.146090930187,1,Yes
0.0308576970100403,23.2,27.7,0,-528,-3768,404,828.146090930187,1,Yes
0.0308781900405884,23.2,27.7,1,-472,-2820,60,1386.51201352621,1,Yes
0.0308987114429474,23.2,27.7,1,-472,-2820,60,1386.51201352621,0,No
0.030919397354126,23.2,27.7,0,-624,-2464,-364,1772.57389488898,1,Yes
0.0309403204917908,23.2,27.7,0,-624,-2464,-364,1772.57389488898,1,Yes
0.030960883140564,23.2,27.7,0,-624,-2464,-364,1772.57389488898,0,No
0.0309816746711731,23.2,27.7,0,-520,-2496,672,1879.11936386686,1,Yes
0.0310021314620972,23.2,27.7,0,-520,-2496,672,1879.11936386686,1,Yes
0.031023179769516,23.2,27.7,0,-256,-2772,296,1429.98718662966,1,Yes
0.0310437870025635,23.2,27.7,0,-256,-2772,296,1429.98718662966,0,No
0.0310644924640656,23.2,27.7,0,-256,-2772,296,1429.98718662966,1,Yes
0.0310869102478027,23.2,27.7,0,-180,-2976,116,1176.16075272764,1,Yes
0.0311077873706818,23.2,27.7,0,-180,-2976,116,1176.16075272764,0,No
0.0311282918453217,23.2,27.7,0,-180,-2976,116,1176.16075272764,1,Yes
0.0311488816738129,23.2,27.7,0,-120,-3280,-196,840.115384704171,1,Yes
0.0311700801849365,23.2,27.7,0,-120,-3280,-196,840.115384704171,1,Yes
0.0311907694339752,23.2,27.7,0,4,-3644,-220,473.428063632169,1,Yes
0.0312110443115234,23.2,27.7,0,4,-3644,-220,473.428063632169,1,Yes
0.0312314207553864,23.2,27.7,0,4,-3644,-220,473.428063632169,1,Yes
0.0312515478134155,23.2,27.7,0,-740,-4380,212,857.029214104417,1,Yes
0.0312720201015472,23.2,27.7,0,-740,-4380,212,857.029214104417,1,Yes
0.031292692899704,23.2,27.7,0,-172,-4288,-496,429.917655395033,1,Yes
0.031313159942627,23.2,27.7,0,-172,-4288,-496,429.917655395033,1,Yes
0.0313338358402252,23.2,27.7,0,-172,-4288,-496,429.917655395033,0,No
0.0313543472290039,23.2,27.7,0,52,-4488,56,429.683406651031,0,No
0.0313750281333923,23.2,27.7,0,52,-4488,56,429.683406651031,0,No
0.0313954977989197,23.2,27.7,1,16,-4572,124,532.478492482475,0,No
0.0314159886837006,23.2,27.7,1,16,-4572,124,532.478492482475,0,No
0.0314365017414093,23.2,27.7,1,16,-4572,124,532.478492482475,0,No
0.0314572725296021,23.2,27.7,0,228,-4580,-380,576.768196006272,0,No
0.0314780180454254,23.2,27.7,0,228,-4580,-380,576.768196006272,0,No
0.0314987502098084,23.2,27.7,0,228,-4580,-380,576.768196006272,1,Yes
0.0315195980072022,23.2,27.7,0,248,-4772,-32,717.095282629861,0,No
0.0315402865409851,23.2,27.7,0,248,-4772,-32,717.095282629861,1,Yes
0.0315610523223877,23.2,27.7,1,340,-5036,-284,998.558516604139,1,Yes
0.0315813128948212,23.2,27.7,1,340,-5036,-284,998.558516604139,0,No
0.0316021385192871,23.2,27.7,1,340,-5036,-284,998.558516604139,1,Yes
0.0316232335567474,23.2,27.7,0,340,-5528,-112,1459.48071480632,1,Yes
0.0316435153484344,23.2,27.7,0,340,-5528,-112,1459.48071480632,1,Yes
0.0316639022827148,23.2,27.7,0,168,-5540,-316,1450.6308098459,0,No
0.0316844193935394,23.2,27.7,0,168,-5540,-316,1450.6308098459,1,Yes
0.0317051713466644,23.2,27.7,0,168,-5540,-316,1450.6308098459,1,Yes
0.0317254016399384,23.2,27.7,0,256,-5160,-228,1085.29512028419,1,Yes
0.0317459814548492,23.2,27.7,0,256,-5160,-228,1085.29512028419,0,No
0.0317665922641754,23.2,27.7,0,96,-5084,-152,978.846969198743,0,No
0.0317870597839355,23.2,27.7,0,96,-5084,-152,978.846969198743,0,No
0.0318078083992004,23.2,27.7,0,96,-5084,-152,978.846969198743,1,Yes
0.0318285667896271,23.2,27.7,0,44,-4740,180,708.267066633793,1,Yes
0.03184916472435,23.2,27.7,0,44,-4740,180,708.267066633793,0,No
0.031869836807251,23.2,27.7,0,-200,-4476,-336,456.99900215563,1,Yes
0.0318904240131378,23.2,27.7,0,-200,-4476,-336,456.99900215563,0,No
0.031911276102066,23.2,27.7,0,-200,-4476,-336,456.99900215563,0,No
0.0319320623874664,23.2,27.7,1,-288,-4144,-492,451.019495569918,0,No
0.0319531352519989,23.2,27.7,1,-288,-4144,-492,451.019495569918,0,No
0.0319735929965973,23.2,27.7,1,-288,-4144,-492,451.019495569918,0,No
0.0319939289093018,23.2,27.7,1,-352,-3968,-228,383.442225549203,1,Yes
0.0320144934654236,23.2,27.7,1,-352,-3968,-228,383.442225549203,1,Yes
0.0320348417758942,23.2,27.7,0,-344,-3732,32,535.617100982272,1,Yes
0.0320552849769592,23.2,27.7,0,-344,-3732,32,535.617100982272,0,No
0.0320759582519531,23.2,27.7,0,-344,-3732,32,535.617100982272,1,Yes
0.0320967411994934,23.2,27.7,0,-508,-3520,120,817.316062735332,0,No
0.0321173520088196,23.2,27.7,0,-508,-3520,120,817.316062735332,1,Yes
0.0321378121376038,23.2,27.7,0,-576,-3044,336,1299.61402700529,1,Yes
0.0321588401794434,23.2,27.7,0,-576,-3044,336,1299.61402700529,1,Yes
0.0321794712543488,23.2,27.7,0,-576,-3044,336,1299.61402700529,0,No
0.0322000679969788,23.2,27.7,0,-576,-3044,336,1299.61402700529,0,No
0.0322209134101868,23.1,27.4,0,-340,-2992,504,1333.47941949013,0,No
0.032241571187973,23.1,27.4,0,-340,-2992,504,1333.47941949013,0,No
0.0322626917362213,23.1,27.4,0,-340,-2992,504,1333.47941949013,0,No
0.032283433675766,23.1,27.4,0,-236,-2808,128,1349.68474274722,0,No
0.0323040547370911,23.1,27.4,0,-236,-2808,128,1349.68474274722,0,No
0.0323247077465057,23.1,27.4,0,-96,-2856,44,1271.3137855384,0,No
0.0323455131053925,23.1,27.4,0,-96,-2856,44,1271.3137855384,0,No
0.0323660726547241,23.1,27.4,0,-96,-2856,44,1271.3137855384,0,No
0.0323867292404175,23.1,27.4,0,-256,-3044,536,1287.60421253995,1,Yes
0.0324071588516235,23.1,27.4,0,-256,-3044,536,1287.60421253995,1,Yes
0.0324276599884033,23.1,27.4,1,-264,-3336,-24,824.514827396261,1,Yes
0.0324482908248901,23.1,27.4,1,-264,-3336,-24,824.514827396261,0,No
0.0324690499305725,23.1,27.4,1,-264,-3336,-24,824.514827396261,1,Yes
0.0324894003868103,23.1,27.4,0,-84,-3516,-192,601.793598069141,1,Yes
0.0325101344585419,23.1,27.4,0,-84,-3516,-192,601.793598069141,0,No
0.0325305333137512,23.1,27.4,0,-236,-4560,-260,518.265890539997,0,No
0.0325515384674072,23.1,27.4,0,-236,-4560,-260,518.265890539997,0,No
0.0325721728801727,23.1,27.4,0,-236,-4560,-260,518.265890539997,1,Yes
0.032592832326889,23.1,27.4,0,64,-4392,-288,325.326944647436,1,Yes
0.0326136724948883,23.1,27.4,0,64,-4392,-288,325.326944647436,1,Yes
0.0326347875595093,23.1,27.4,0,64,-4392,-288,325.326944647436,1,Yes
0.0326553118228912,23.1,27.4,0,388,-5100,-576,1150.70394865507,1,Yes
0.032675687789917,23.1,27.4,0,388,-5100,-576,1150.70394865507,1,Yes
0.032696277141571,23.1,27.4,1,-344,-5952,-796,1983.28773689965,1,Yes
0.0327170617580414,23.1,27.4,1,-344,-5952,-796,1983.28773689965,1,Yes
0.0327374544143677,23.1,27.4,1,-344,-5952,-796,1983.28773689965,1,Yes
0.0327579698562622,23.1,27.4,1,-688,-5640,-460,1704.30984222322,1,Yes
0.0327784850597382,23.1,27.4,1,-688,-5640,-460,1704.30984222322,1,Yes
0.0327988502979279,23.1,27.4,0,-316,-5392,1036,1767.04409599622,0,No
0.0328193802833557,23.1,27.4,0,-316,-5392,1036,1767.04409599622,0,No
0.0328398661613464,23.1,27.4,0,-316,-5392,1036,1767.04409599622,0,No
0.0328601365089417,23.1,27.4,0,-292,-5164,1172,1707.18288057542,1,Yes
0.0328805344104767,23.1,27.4,0,-292,-5164,1172,1707.18288057542,1,Yes
0.0329009313583374,23.1,27.4,1,-4,-3688,672,916.183643595658,1,Yes
0.032921320438385,23.1,27.4,1,-4,-3688,672,916.183643595658,1,Yes
0.0329420230388641,23.1,27.4,1,-4,-3688,672,916.183643595658,0,No
0.0329628233909607,23.1,27.4,0,144,-4012,640,801.412230355027,0,No
0.032983163356781,23.1,27.4,0,144,-4012,640,801.412230355027,1,Yes
0.0330038275718689,23.1,27.4,0,144,-4012,640,801.412230355027,1,Yes
0.0330246112346649,23.1,27.4,0,608,-3248,648,1320.82376365494,1,Yes
0.0330452358722687,23.1,27.4,0,608,-3248,648,1320.82376365494,1,Yes
0.0330660727024078,23.1,27.4,1,976,-3516,408,1273.16953603258,0,No
0.0330867974758148,23.1,27.4,1,976,-3516,408,1273.16953603258,1,Yes
0.0331075985431671,23.1,27.4,1,976,-3516,408,1273.16953603258,1,Yes
0.0331280083656311,23.1,27.4,0,1256,-3352,64,1487.4270223971,1,Yes
0.0331485826969147,23.1,27.4,0,1256,-3352,64,1487.4270223971,1,Yes
0.033169543504715,23.1,27.4,0,1404,-3776,-224,1452.42909938149,0,No
0.0331901051998138,23.1,27.4,0,1404,-3776,-224,1452.42909938149,0,No
0.0332105515003204,23.1,27.4,0,1404,-3776,-224,1452.42909938149,1,Yes
0.0332310743331909,23.1,27.4,0,1244,-4132,-12,1257.70793444718,0,No
0.0332520022392273,23.1,27.4,0,1244,-4132,-12,1257.70793444718,0,No
0.0332741677761078,23.1,27.4,0,964,-3756,-540,1108.03093252852,1,Yes
0.0332946128845215,23.1,27.4,0,964,-3756,-540,1108.03093252852,1,Yes
0.033315455198288,23.1,27.4,0,964,-3756,-540,1108.03093252852,1,Yes
0.0333359262943268,23.1,27.4,0,780,-3692,-1176,1366.00650738174,1,Yes
0.0333567826747894,23.1,27.4,0,780,-3692,-1176,1366.00650738174,0,No
0.0333772604465485,23.1,27.4,0,780,-3692,-1176,1366.00650738174,1,Yes
0.0333981237411499,23.1,27.4,0,712,-3916,-1476,1528.81688582347,1,Yes
0.033418662071228,23.1,27.4,0,712,-3916,-1476,1528.81688582347,1,Yes
0.0334390165805817,23.1,27.4,0,420,-3840,-1204,1177.17420767787,1,Yes
0.0334593436717987,23.1,27.4,0,420,-3840,-1204,1177.17420767787,0,No
0.0334800803661346,23.1,27.4,0,420,-3840,-1204,1177.17420767787,1,Yes
0.0335008254051209,23.1,27.4,0,76,-3976,-1000,873.558698623559,1,Yes
0.0335218436717987,23.1,27.4,0,76,-3976,-1000,873.558698623559,1,Yes
0.0335425035953522,23.1,27.4,0,228,-3832,-572,564.529916453291,1,Yes
0.0335629136562347,23.1,27.4,0,228,-3832,-572,564.529916453291,0,No
0.0335837345123291,23.1,27.4,0,228,-3832,-572,564.529916453291,0,No
0.0336043365001679,23.1,27.4,0,40,-4400,-504,466.681655800674,0,No
0.033625129699707,23.1,27.4,0,40,-4400,-504,466.681655800674,1,Yes
0.0336456828117371,23.1,27.4,0,-88,-4320,-292,270.642891447014,1,Yes
0.0336662445068359,23.1,27.4,0,-88,-4320,-292,270.642891447014,1,Yes
0.0336866612434387,23.1,27.4,0,-88,-4320,-292,270.642891447014,1,Yes
0.0337075307369232,23.1,27.4,0,-272,-4628,-412,641.440935411411,1,Yes
0.0337279305458069,23.1,27.4,0,-272,-4628,-412,641.440935411411,1,Yes
0.0337485198974609,23.1,27.4,0,-424,-4404,-12,525.960783176212,0,No
0.0337692580223084,23.1,27.4,0,-424,-4404,-12,525.960783176212,1,Yes
0.0337897455692291,23.1,27.4,0,-424,-4404,-12,525.960783176212,1,Yes
0.0338102850914001,23.1,27.4,0,-200,-4700,316,770.298825872986,1,Yes
0.0338309371471405,23.1,27.4,0,-200,-4700,316,770.298825872986,1,Yes
0.0338518795967102,23.1,27.4,0,-200,-4700,316,770.298825872986,0,No
0.0338732340335846,23.1,27.4,0,-108,-4336,464,653.356906813946,1,Yes
0.0338937640190125,23.1,27.4,0,-108,-4336,464,653.356906813946,1,Yes
0.0339145596027374,23.1,27.4,0,276,-5008,40,958.124852972526,1,Yes
0.0339351079463959,23.1,27.4,0,276,-5008,40,958.124852972526,1,Yes
0.0339556522369385,23.1,27.4,0,276,-5008,40,958.124852972526,0,No
0.0339762744903564,23.1,27.4,0,-76,-4100,804,947.453307155896,0,No
0.0339966077804565,23.1,27.4,0,-76,-4100,804,947.453307155896,1,Yes
0.034017284154892,23.1,27.4,0,336,-3536,776,1135.09839394145,1,Yes
0.0340376343727112,23.1,27.4,0,336,-3536,776,1135.09839394145,1,Yes
0.0340582718849182,23.1,27.4,0,336,-3536,776,1135.09839394145,1,Yes
0.0340787796974182,23.1,27.4,0,576,-4224,324,754.144685019364,1,Yes
0.0340992600917816,23.1,27.4,0,576,-4224,324,754.144685019364,0,No
0.0341196162700653,23.1,27.4,0,468,-3940,96,557.459926686707,1,Yes
0.0341404368877411,23.1,27.4,0,468,-3940,96,557.459926686707,0,No
0.0341607711315155,23.1,27.4,0,468,-3940,96,557.459926686707,0,No
0.0341811985969543,23.1,27.4,0,468,-4088,84,525.941978573045,0,No
0.0342014994621277,23.1,27.4,0,468,-4088,84,525.941978573045,0,No
0.0342227411270142,23.1,27.4,0,468,-4088,84,525.941978573045,1,Yes
0.0342436101436615,23.1,27.4,0,468,-4088,84,525.941978573045,1,Yes
0.0342639765739441,23.1,27,0,816,-3944,264,932.128444320946,1,Yes
0.0342847878932953,23.1,27,0,816,-3944,264,932.128444320946,1,Yes
0.0343054528236389,23.1,27,0,1220,-4392,16,1268.49093458761,1,Yes
0.0343262317180634,23.1,27,0,1220,-4392,16,1268.49093458761,1,Yes
0.0343468451499939,23.1,27,0,1220,-4392,16,1268.49093458761,0,No
0.0343672428131103,23.1,27,0,1208,-4164,-216,1218.39557910305,0,No
0.0343874683380127,23.1,27,0,1208,-4164,-216,1218.39557910305,0,No
0.0344077789783478,23.1,27,0,1208,-4164,-216,1218.39557910305,0,No
0.0344283163547516,23.1,27,1,1256,-4264,-320,1284.73245094726,1,Yes
0.0344489741325378,23.1,27,1,1256,-4264,-320,1284.73245094726,1,Yes
0.0344696102142334,23.1,27,0,1044,-4224,-540,1129.8484800179,1,Yes
0.034490311384201,23.1,27,0,1044,-4224,-540,1129.8484800179,0,No
0.0345108926296234,23.1,27,0,1044,-4224,-540,1129.8484800179,0,No
0.0345312657356262,23.1,27,1,884,-3972,-664,1042.40050907872,0,No
0.0345534543991089,23.1,27,1,884,-3972,-664,1042.40050907872,1,Yes
0.0345740814208984,23.1,27,0,736,-3896,-232,778.642634017939,1,Yes
0.0345944154262543,23.1,27,0,736,-3896,-232,778.642634017939,1,Yes
0.0346151061058044,23.1,27,0,736,-3896,-232,778.642634017939,1,Yes
0.0346358785629272,23.1,27,0,668,-3932,-812,968.413684775171,0,No
0.0346563475131989,23.1,27,0,668,-3932,-812,968.413684775171,1,Yes
0.0346771106719971,23.1,27,1,648,-3668,-1248,1360.35584683576,1,Yes
0.0346979420185089,23.1,27,1,648,-3668,-1248,1360.35584683576,1,Yes
0.0347183477878571,23.1,27,1,648,-3668,-1248,1360.35584683576,0,No
0.03473890209198,23.1,27,0,524,-3624,-1228,1304.04394489614,0,No
0.0347596452236176,23.1,27,0,524,-3624,-1228,1304.04394489614,0,No
0.0347802894115448,23.1,27,0,404,-3580,-1192,1247.11519022853,0,No
0.0348008677959442,23.1,27,0,404,-3580,-1192,1247.11519022853,0,No
0.0348218395709991,23.1,27,0,404,-3580,-1192,1247.11519022853,0,No
0.0348422658443451,23.1,27,0,116,-4304,-1384,1264.06652258415,0,No
0.034862911939621,23.1,27,0,116,-4304,-1384,1264.06652258415,1,Yes
0.0348837246894836,23.1,27,0,116,-4304,-1384,1264.06652258415,1,Yes
0.0349040675163269,23.1,27,0,88,-3960,-1156,1030.62476573032,1,Yes
0.0349245362281799,23.1,27,0,88,-3960,-1156,1030.62476573032,0,No
0.0349452879428864,23.1,27,0,-220,-4200,-992,881.938405539438,1,Yes
0.0349658482074738,23.1,27,0,-220,-4200,-992,881.938405539438,1,Yes
0.0349871602058411,23.1,27,0,-220,-4200,-992,881.938405539438,1,Yes
0.0350077095031738,23.1,27,0,-220,-3644,-1288,1256.60997208699,1,Yes
0.0350283191204071,23.1,27,0,-220,-3644,-1288,1256.60997208699,1,Yes
0.0350488667488098,23.1,27,1,-324,-4240,-948,876.778354272667,1,Yes
0.0350695607662201,23.1,27,1,-324,-4240,-948,876.778354272667,0,No
0.0350902373790741,23.1,27,1,-324,-4240,-948,876.778354272667,1,Yes
0.0351107187271118,23.1,27,1,-408,-4120,-292,428.723929834381,1,Yes
0.0351312763690948,23.1,27,1,-408,-4120,-292,428.723929834381,1,Yes
0.0351520266532898,23.1,27,0,-552,-4960,-104,1009.89997609704,1,Yes
0.0351724061965942,23.1,27,0,-552,-4960,-104,1009.89997609704,1,Yes
0.0351929326057434,23.1,27,0,-552,-4960,-104,1009.89997609704,1,Yes
0.0352134988307953,23.1,27,1,-476,-4656,348,869.747310789324,0,No
0.0352340505123138,23.1,27,1,-476,-4656,348,869.747310789324,1,Yes
0.0352549564838409,23.1,27,0,-392,-4384,176,568.708816090155,1,Yes
0.0352755150794983,23.1,27,0,-392,-4384,176,568.708816090155,0,No
0.0352962274551392,23.1,27,0,-392,-4384,176,568.708816090155,1,Yes
0.0353169038295746,23.1,27,1,-108,-4392,104,386.45129221117,1,Yes
0.035337456703186,23.1,27,1,-108,-4392,104,386.45129221117,0,No
0.0353580977916718,23.1,27,1,-108,-4392,104,386.45129221117,0,No
0.0353789031505585,23.1,27,0,-316,-4344,64,438.141132466268,0,No
0.0353994369506836,23.1,27,0,-316,-4344,64,438.141132466268,1,Yes
0.035420184135437,23.1,27,1,-104,-3948,612,776.333402556099,1,Yes
0.0354409050941467,23.1,27,1,-104,-3948,612,776.333402556099,1,Yes
0.0354617595672607,23.1,27,1,-104,-3948,612,776.333402556099,1,Yes
0.0354822435379028,23.1,27,0,252,-3996,120,385.004234320233,1,Yes
0.0355027928352356,23.1,27,0,252,-3996,120,385.004234320233,1,Yes
0.0355231151580811,23.1,27,0,308,-3796,212,568.051297254085,1,Yes
0.0355438618659973,23.1,27,0,308,-3796,212,568.051297254085,0,No
0.0355645349025726,23.1,27,0,308,-3796,212,568.051297254085,1,Yes
0.0355852627754211,23.1,27,0,604,-4248,176,701.76951896896,0,No
0.0356059849262238,23.1,27,0,604,-4248,176,701.76951896896,0,No
0.035626457452774,23.1,27,1,756,-4148,216,843.076309527795,1,Yes
0.0356471164226532,23.1,27,1,756,-4148,216,843.076309527795,0,No
0.0356677656173706,23.1,27,1,756,-4148,216,843.076309527795,1,Yes
0.0356886298656464,23.1,27,0,928,-4496,-196,1012.71406810037,1,Yes
0.0357088792324066,23.1,27,0,928,-4496,-196,1012.71406810037,0,No
0.0357295157909393,23.1,27,0,928,-4496,-196,1012.71406810037,0,No
0.0357498948574066,23.1,27,1,908,-3988,-284,934.11962951494,0,No
0.0357707271575928,23.1,27,1,908,-3988,-284,934.11962951494,0,No
0.0357916431427002,23.1,27,0,808,-4076,-576,924.450679777283,0,No
0.035812105178833,23.1,27,0,808,-4076,-576,924.450679777283,0,No
0.035832503080368,23.1,27,0,808,-4076,-576,924.450679777283,1,Yes
0.0358528904914856,23.1,27,0,1012,-3972,-648,1146.54724034636,1,Yes
0.0358732750415802,23.1,27,0,1012,-3972,-648,1146.54724034636,1,Yes
0.0358939180374145,23.1,27,0,876,-4088,-752,1074.0178784603,0,No
0.0359145970344543,23.1,27,0,876,-4088,-752,1074.0178784603,0,No
0.0359352357387543,23.1,27,0,876,-4088,-752,1074.0178784603,0,No
0.03595614361763,23.1,27,1,744,-3568,-708,1086.25707274499,0,No
0.0359764206409454,23.1,27,1,744,-3568,-708,1086.25707274499,0,No
0.0359966311454773,23.1,27,1,788,-3736,-712,1048.05526092436,0,No
0.0360169515609741,23.1,27,1,788,-3736,-712,1048.05526092436,1,Yes
0.0360375726222992,23.1,27,1,788,-3736,-712,1048.05526092436,1,Yes
0.0360580158233643,23.1,27,1,592,-3660,-1424,1485.99675794342,1,Yes
0.0360790145397186,23.1,27,1,592,-3660,-1424,1485.99675794342,0,No
0.0360995066165924,23.1,27,1,592,-3660,-1424,1485.99675794342,1,Yes
0.0361203708648682,23.1,27,1,500,-3276,-1524,1693.11127287861,1,Yes
0.0361406815052032,23.1,27,1,500,-3276,-1524,1693.11127287861,1,Yes
0.0361611158847809,23.1,27,0,236,-4188,-1224,1112.72497514434,1,Yes
0.0361812982559204,23.1,27,0,236,-4188,-1224,1112.72497514434,1,Yes
0.0362019021511078,23.1,27,0,236,-4188,-1224,1112.72497514434,0,No
0.0362226903438568,23.1,27,0,-208,-4720,-920,1009.35618929977,0,No
0.036243344783783,23.1,27,0,-208,-4720,-920,1009.35618929977,0,No
0.036264044046402,23.1,27,0,-208,-4720,-920,1009.35618929977,1,Yes
0.0362847173213959,23.1,27,0,-208,-4720,-920,1009.35618929977,1,Yes
0.036306015253067,23.1,26.5,1,-376,-3984,-784,752.252480272944,1,Yes
0.0363262276649475,23.1,26.5,1,-376,-3984,-784,752.252480272944,0,No
0.0363467657566071,23.1,26.5,1,-348,-4260,-732,698.632439080603,0,No
0.0363673417568207,23.1,26.5,1,-348,-4260,-732,698.632439080603,0,No
0.0363880045413971,23.1,26.5,1,-348,-4260,-732,698.632439080603,0,No
0.0364084451198578,23.1,26.5,0,-696,-3960,-484,784.398631995701,0,No
0.0364288651943207,23.1,26.5,0,-696,-3960,-484,784.398631995701,0,No
0.0364491875171661,23.1,26.5,0,-616,-3792,-404,736.046734794421,0,No
0.0364700682163239,23.1,26.5,0,-616,-3792,-404,736.046734794421,0,No
0.0364909319877625,23.1,26.5,0,-616,-3792,-404,736.046734794421,1,Yes
0.0365115711688995,23.1,26.5,1,-900,-4348,-4,934.178841538461,1,Yes
0.0365320775508881,23.1,26.5,1,-900,-4348,-4,934.178841538461,1,Yes
0.0365524351596832,23.1,26.5,1,-460,-4596,172,733.99987288405,1,Yes
0.0365730495452881,23.1,26.5,1,-460,-4596,172,733.99987288405,0,No
0.0365937073230743,23.1,26.5,1,-460,-4596,172,733.99987288405,0,No
0.0366144726276398,23.1,26.5,0,-492,-4308,300,684.568396854494,0,No
0.0366347010135651,23.1,26.5,0,-492,-4308,300,684.568396854494,1,Yes
0.0366554439067841,23.1,26.5,0,-492,-4308,300,684.568396854494,1,Yes
0.0366757385730743,23.1,26.5,0,-256,-4432,672,908.888472594552,1,Yes
0.0366962082386017,23.1,26.5,0,-256,-4432,672,908.888472594552,1,Yes
0.036716917514801,23.1,26.5,1,-292,-4172,160,419.006884067194,1,Yes
0.0367377035617828,23.1,26.5,1,-292,-4172,160,419.006884067194,1,Yes
0.036757997751236,23.1,26.5,1,-292,-4172,160,419.006884067194,0,No
0.0367785251140594,23.1,26.5,0,-80,-4032,240,395.714036694502,1,Yes
0.036799325466156,23.1,26.5,0,-80,-4032,240,395.714036694502,1,Yes
0.0368196063041687,23.1,26.5,0,76,-4556,296,629.344147145477,1,Yes
0.0368400590419769,23.1,26.5,0,76,-4556,296,629.344147145477,0,No
0.036860844373703,23.1,26.5,0,76,-4556,296,629.344147145477,0,No
0.036881147146225,23.1,26.5,1,384,-4236,332,626.20197687561,1,Yes
0.0369017169475555,23.1,26.5,1,384,-4236,332,626.20197687561,1,Yes
0.03692209649086,23.1,26.5,1,276,-4260,-104,322.029952729334,1,Yes
0.0369422788619995,23.1,26.5,1,276,-4260,-104,322.029952729334,1,Yes
0.0369626138210297,23.1,26.5,1,276,-4260,-104,322.029952729334,1,Yes
0.0369830975532532,23.1,26.5,1,592,-3984,-48,619.153510600623,1,Yes
0.0370040347576141,23.1,26.5,1,592,-3984,-48,619.153510600623,1,Yes
0.037024555683136,23.1,26.5,1,592,-3984,-48,619.153510600623,0,No
0.0370451130867004,23.1,26.5,0,496,-4176,-144,507.144828292632,1,Yes
0.0370655024051666,23.1,26.5,0,496,-4176,-144,507.144828292632,1,Yes
0.0370860576629639,23.1,26.5,1,532,-3904,-228,583.704962823613,0,No
0.0371070551872253,23.1,26.5,1,532,-3904,-228,583.704962823613,0,No
0.0371276626586914,23.1,26.5,1,532,-3904,-228,583.704962823613,0,No
0.0371479244232178,23.1,26.5,1,488,-4044,-132,499.451178280277,1,Yes
0.037168389081955,23.1,26.5,1,488,-4044,-132,499.451178280277,1,Yes
0.037188924074173,23.1,26.5,1,456,-3920,-468,598.029580172394,0,No
0.0372093029022217,23.1,26.5,1,456,-3920,-468,598.029580172394,0,No
0.0372301018238068,23.1,26.5,1,456,-3920,-468,598.029580172394,0,No
0.0372509558200836,23.1,26.5,0,568,-4020,-476,671.598222256578,0,No
0.0372713656425476,23.1,26.5,0,568,-4020,-476,671.598222256578,0,No
0.0372918598651886,23.1,26.5,1,356,-4112,-796,748.930544173542,0,No
0.0373122437000275,23.1,26.5,1,356,-4112,-796,748.930544173542,0,No
0.0373326163291931,23.1,26.5,1,356,-4112,-796,748.930544173542,0,No
0.037352867603302,23.1,26.5,1,96,-3764,-688,655.820144365287,0,No
0.0373733823299408,23.1,26.5,1,96,-3764,-688,655.820144365287,1,Yes
0.0373941390514374,23.1,26.5,1,96,-3764,-688,655.820144365287,1,Yes
0.0374144506454468,23.1,26.5,0,348,-3720,-968,981.173500855922,1,Yes
0.0374347324371338,23.1,26.5,0,348,-3720,-968,981.173500855922,0,No
0.0374554443359375,23.1,26.5,0,248,-4084,-1380,1265.35697665984,1,Yes
0.037476053237915,23.1,26.5,0,248,-4084,-1380,1265.35697665984,1,Yes
0.0374969897270203,23.1,26.5,0,248,-4084,-1380,1265.35697665984,0,No
0.0375174007415771,23.1,26.5,1,324,-3764,-1316,1269.08927576765,1,Yes
0.037537748336792,23.1,26.5,1,324,-3764,-1316,1269.08927576765,1,Yes
0.0375582435131073,23.1,26.5,0,-72,-3840,-816,730.262555152571,1,Yes
0.0375789535045624,23.1,26.5,0,-72,-3840,-816,730.262555152571,0,No
0.0375991938114166,23.1,26.5,0,-72,-3840,-816,730.262555152571,1,Yes
0.0376195402145386,23.1,26.5,0,-296,-3884,-344,419.765501903154,1,Yes
0.0376399595737457,23.1,26.5,0,-296,-3884,-344,419.765501903154,1,Yes
0.0376604034900665,23.1,26.5,0,-296,-3884,-344,419.765501903154,1,Yes
0.0376811454296112,23.1,26.5,1,-316,-3724,-568,653.811812246134,1,Yes
0.0377019217014313,23.1,26.5,1,-316,-3724,-568,653.811812246134,1,Yes
0.0377237105369568,23.1,26.5,0,-24,-4160,-576,438.253449389235,1,Yes
0.0377445194721222,23.1,26.5,0,-24,-4160,-576,438.253449389235,1,Yes
0.0377653012275696,23.1,26.5,0,-24,-4160,-576,438.253449389235,1,Yes
0.0377873170375824,23.1,26.5,1,268,-4720,-488,753.253280096915,1,Yes
0.0378080861568451,23.1,26.5,1,268,-4720,-488,753.253280096915,0,No
0.0378286120891571,23.1,26.5,1,324,-4720,-640,854.369522394352,0,No
0.0378494200706482,23.1,26.5,1,324,-4720,-640,854.369522394352,1,Yes
0.0378699827194214,23.1,26.5,1,324,-4720,-640,854.369522394352,1,Yes
0.037890926361084,23.1,26.5,1,-160,-4244,-532,440.686559841633,1,Yes
0.0379115862846374,23.1,26.5,1,-160,-4244,-532,440.686559841633,1,Yes
0.0379321010112762,23.1,26.5,1,-344,-3664,-788,855.50978067596,1,Yes
0.037952606678009,23.1,26.5,1,-344,-3664,-788,855.50978067596,1,Yes
0.0379729735851288,23.1,26.5,1,-344,-3664,-788,855.50978067596,0,No
0.0379932835102081,23.1,26.5,0,-632,-4516,-428,798.43721084255,1,Yes
0.0380138373374939,23.1,26.5,0,-632,-4516,-428,798.43721084255,1,Yes
0.0380340995788574,23.1,26.5,0,-1068,-4288,-644,1187.65156205378,1,Yes
0.038054692029953,23.1,26.5,0,-1068,-4288,-644,1187.65156205378,0,No
0.0380750613212585,23.1,26.5,0,-1068,-4288,-644,1187.65156205378,1,Yes
0.038096019744873,23.1,26.5,1,-1168,-3612,-624,1352.84751688513,1,Yes
0.0381167035102844,23.1,26.5,1,-1168,-3612,-624,1352.84751688513,0,No
0.0381374053955078,23.1,26.5,1,-1168,-3612,-624,1352.84751688513,0,No
0.038158257484436,23.1,26.5,0,-1124,-4788,-644,1399.9478094826,0,No
0.0381787793636322,23.1,26.5,0,-1124,-4788,-644,1399.9478094826,1,Yes
0.0381992535591126,23.1,26.5,0,-836,-5576,-192,1684.42530705566,1,Yes
0.0382200236320496,23.1,26.5,0,-836,-5576,-192,1684.42530705566,1,Yes
0.0382405009269714,23.1,26.5,0,-836,-5576,-192,1684.42530705566,0,No
0.0382614016532898,23.1,26.5,0,-984,-5336,-160,1567.34930627747,0,No
0.0382816579341888,23.1,26.5,0,-984,-5336,-160,1567.34930627747,0,No
0.0383024098873138,23.1,26.5,0,-984,-5336,-160,1567.34930627747,0,No
0.0383228018283844,23.1,26.5,0,-984,-5336,-160,1567.34930627747,0,No
0.0383432710170746,23.1,26.2,0,-320,-5052,-1320,1540.95130693045,0,No
0.0383638091087341,23.1,26.2,0,-320,-5052,-1320,1540.95130693045,0,No
0.0383848075866699,23.1,26.2,0,-520,-3652,-1580,1595.21484851128,0,No
0.0384060862064362,23.1,26.2,0,-520,-3652,-1580,1595.21484851128,0,No
0.0384268124103546,23.1,26.2,0,-520,-3652,-1580,1595.21484851128,0,No
0.0384474086761475,23.1,26.2,0,-756,-4136,-1496,1548.5996022833,0,No
0.0384679319858551,23.1,26.2,0,-756,-4136,-1496,1548.5996022833,1,Yes
0.0384886555671692,23.1,26.2,0,-1384,-3896,-1064,1671.71375559884,1,Yes
0.0385181670188904,23.1,26.2,0,-1384,-3896,-1064,1671.71375559884,1,Yes
0.0385414168834686,23.1,26.2,0,-1404,-3576,-488,1535.64703411748,1,Yes
0.0385631413459778,23.1,26.2,0,-1404,-3576,-488,1535.64703411748,0,No
0.0385835647583008,23.1,26.2,0,-1404,-3576,-488,1535.64703411748,0,No
0.0386043379306793,23.1,26.2,0,-1380,-3288,-368,1616.69830598227,1,Yes
0.0386253974437714,23.1,26.2,0,-1380,-3288,-368,1616.69830598227,1,Yes
0.0386459474563599,23.1,26.2,0,-1208,-1780,204,2644.5131919564,1,Yes
0.0386665153503418,23.1,26.2,0,-1208,-1780,204,2644.5131919564,1,Yes
0.0386869297027588,23.1,26.2,0,-1208,-1780,204,2644.5131919564,1,Yes
0.0387081277370453,23.1,26.2,0,-1016,-2756,144,1713.03074286025,1,Yes
0.038728355884552,23.1,26.2,0,-1016,-2756,144,1713.03074286025,1,Yes
0.0387490315437317,23.1,26.2,0,-840,-2508,-116,1806.41145209586,0,No
0.0387692749500275,23.1,26.2,0,-840,-2508,-116,1806.41145209586,0,No
0.0387900607585907,23.1,26.2,0,-840,-2508,-116,1806.41145209586,0,No
0.0388106982707977,23.1,26.2,1,-992,-2692,-128,1727.17057972341,0,No
0.0388311219215393,23.1,26.2,1,-992,-2692,-128,1727.17057972341,1,Yes
0.0388527128696442,23.1,26.2,1,-992,-2692,-128,1727.17057972341,1,Yes
0.0388733289241791,23.1,26.2,1,-544,-3272,-372,1022.35488145351,1,Yes
0.0388940434455872,23.1,26.2,1,-544,-3272,-372,1022.35488145351,1,Yes
0.0389147222042084,23.1,26.2,1,-340,-3340,-484,906.960249275757,0,No
0.0389350523948669,23.1,26.2,1,-340,-3340,-484,906.960249275757,0,No
0.0389556813240051,23.1,26.2,1,-340,-3340,-484,906.960249275757,1,Yes
0.0389762902259827,23.1,26.2,1,-248,-4032,-708,621.245923188097,1,Yes
0.0389969127178192,23.1,26.2,1,-248,-4032,-708,621.245923188097,1,Yes
0.0390197098255157,23.1,26.2,1,-112,-4772,-624,825.744877865653,1,Yes
0.0390399930477142,23.1,26.2,1,-112,-4772,-624,825.744877865653,0,No
0.0390602476596832,23.1,26.2,1,-112,-4772,-624,825.744877865653,1,Yes
0.0390810914039612,23.1,26.2,1,200,-4948,-824,1100.29358919227,1,Yes
0.0391044311523438,23.1,26.2,1,200,-4948,-824,1100.29358919227,0,No
0.0391248302459717,23.1,26.2,1,356,-5092,-552,1124.18577196527,0,No
0.0391455676555634,23.1,26.2,1,356,-5092,-552,1124.18577196527,0,No
0.0391660268306732,23.1,26.2,1,356,-5092,-552,1124.18577196527,0,No
0.0391866474151611,23.1,26.2,1,508,-4936,-688,1116.10759819939,1,Yes
0.0392072949409485,23.1,26.2,1,508,-4936,-688,1116.10759819939,1,Yes
0.0392278144359589,23.1,26.2,0,404,-5732,-648,1747.80693442882,1,Yes
0.0392482488155365,23.1,26.2,0,404,-5732,-648,1747.80693442882,1,Yes
0.0392688465118408,23.1,26.2,0,404,-5732,-648,1747.80693442882,1,Yes
0.0392898304462433,23.1,26.2,0,440,-5352,-484,1363.24427871367,1,Yes
0.0393105869293213,23.1,26.2,0,440,-5352,-484,1363.24427871367,1,Yes
0.039331458568573,23.1,26.2,0,336,-5100,-1000,1354.44419012742,0,No
0.0393518619537353,23.1,26.2,0,336,-5100,-1000,1354.44419012742,0,No
0.0393724939823151,23.1,26.2,0,336,-5100,-1000,1354.44419012742,0,No
0.0393935704231262,23.1,26.2,0,444,-3600,-1264,1313.57898687246,0,No
0.0394138865470886,23.1,26.2,0,444,-3600,-1264,1313.57898687246,1,Yes
0.0394351136684418,23.1,26.2,0,444,-3600,-1264,1313.57898687246,1,Yes
0.0394600749015808,23.1,26.2,0,504,-3860,-976,1010.58729079218,1,Yes
0.0394808685779572,23.1,26.2,0,504,-3860,-976,1010.58729079218,0,No
0.0395016417503357,23.1,26.2,0,624,-3560,-540,927.659323400963,1,Yes
0.0395218946933746,23.1,26.2,0,624,-3560,-540,927.659323400963,1,Yes
0.0395421929359436,23.1,26.2,0,844,-3284,-628,1282.44724432237,1,Yes
0.0395629663467407,23.1,26.2,0,844,-3284,-628,1282.44724432237,1,Yes
0.0395834262371063,23.1,26.2,0,844,-3284,-628,1282.44724432237,0,No
0.0396042468547821,23.1,26.2,1,692,-3276,-676,1213.0367821787,0,No
0.0396247255802155,23.1,26.2,1,692,-3276,-676,1213.0367821787,1,Yes
0.0396454589366913,23.1,26.2,1,692,-3276,-676,1213.0367821787,1,Yes
0.0396661393642426,23.1,26.2,1,476,-2756,-488,1479.44206583321,1,Yes
0.0396867640018463,23.1,26.2,1,476,-2756,-488,1479.44206583321,1,Yes
0.0397074017524719,23.1,26.2,0,80,-3200,-684,1063.86511719851,1,Yes
0.0397280886173248,23.1,26.2,0,80,-3200,-684,1063.86511719851,1,Yes
0.0397484123706818,23.1,26.2,0,80,-3200,-684,1063.86511719851,0,No
0.0397691404819489,23.1,26.2,1,756,-3452,124,1042.10825379848,0,No
0.0397898511886597,23.1,26.2,1,756,-3452,124,1042.10825379848,1,Yes
0.0398105721473694,23.1,26.2,1,176,-4960,-940,1180.45462898392,1,Yes
0.0398312604427338,23.1,26.2,1,176,-4960,-940,1180.45462898392,1,Yes
0.0398519337177277,23.1,26.2,1,176,-4960,-940,1180.45462898392,1,Yes
0.0398729801177979,23.1,26.2,0,384,-5460,-1268,1801.11018607691,1,Yes
0.0398937158584595,23.1,26.2,0,384,-5460,-1268,1801.11018607691,0,No
0.0399140274524689,23.1,26.2,0,752,-5596,-1584,2205.64095391842,1,Yes
0.0399347627162933,23.1,26.2,0,752,-5596,-1584,2205.64095391842,1,Yes
0.0399557011127472,23.1,26.2,0,752,-5596,-1584,2205.64095391842,1,Yes
0.039976086139679,23.1,26.2,1,672,-4976,-1444,1705.25821936084,1,Yes
0.0399965732097626,23.1,26.2,1,672,-4976,-1444,1705.25821936084,1,Yes
0.0400171020030975,23.1,26.2,1,672,-4976,-1444,1705.25821936084,0,No
0.0400377688407898,23.1,26.2,0,-216,-5508,-964,1635.19868261978,0,No
0.0400580821037292,23.1,26.2,0,-216,-5508,-964,1635.19868261978,1,Yes
0.0400786831378937,23.1,26.2,0,-388,-4416,-1528,1470.57974538031,1,Yes
0.0400992283821106,23.1,26.2,0,-388,-4416,-1528,1470.57974538031,1,Yes
0.0401195707321167,23.1,26.2,0,-388,-4416,-1528,1470.57974538031,1,Yes
0.0401400201320648,23.1,26.2,1,-720,-3596,-1496,1615.46715578947,1,Yes
0.0401607677936554,23.1,26.2,1,-720,-3596,-1496,1615.46715578947,1,Yes
0.0401817128658295,23.1,26.2,1,-632,-4164,-1296,1314.50132786355,1,Yes
0.040202440738678,23.1,26.2,1,-632,-4164,-1296,1314.50132786355,0,No
0.0402237453460693,23.1,26.2,1,-632,-4164,-1296,1314.50132786355,1,Yes
0.0402447323799133,23.1,26.2,0,-472,-3284,-772,1139.28576099145,1,Yes
0.0402655363082886,23.1,26.2,0,-472,-3284,-772,1139.28576099145,1,Yes
0.0402864925861359,23.1,26.2,0,-572,-3016,-560,1301.24538842331,1,Yes
0.0403068766593933,23.1,26.2,0,-572,-3016,-560,1301.24538842331,0,No
0.0403272786140442,23.1,26.2,0,-572,-3016,-560,1301.24538842331,1,Yes
0.0403482542037964,23.1,26.2,0,-572,-3016,-560,1301.24538842331,1,Yes
0.0403693542480469,23,25.9,0,-232,-2564,-348,1576.60015912574,1,Yes
0.0403898556232452,23,25.9,0,-232,-2564,-348,1576.60015912574,1,Yes
0.0404101929664612,23,25.9,0,-232,-2564,-348,1576.60015912574,1,Yes
0.0404310138225555,23,25.9,1,-164,-3052,-620,1172.58862985711,1,Yes
0.0404523987770081,23,25.9,1,-164,-3052,-620,1172.58862985711,1,Yes
0.0404728209972382,23,25.9,1,-108,-3080,-1088,1403.38687931064,1,Yes
0.0404932858943939,23,25.9,1,-108,-3080,-1088,1403.38687931064,0,No
0.0405141291618347,23,25.9,1,-108,-3080,-1088,1403.38687931064,0,No
0.0405349681377411,23,25.9,0,284,-3376,-1348,1442.73516242199,0,No
0.0405558261871338,23,25.9,0,284,-3376,-1348,1442.73516242199,1,Yes
0.0405764560699463,23,25.9,0,-20,-2812,-1084,1605.03353619286,1,Yes
0.0405976090431213,23,25.9,0,-20,-2812,-1084,1605.03353619286,0,No
0.0406181788444519,23,25.9,0,-20,-2812,-1084,1605.03353619286,0,No
0.0406392273902893,23,25.9,0,-1368,-4848,-452,1578.94814444688,0,No
0.0406600091457367,23,25.9,0,-1368,-4848,-452,1578.94814444688,0,No
0.0406808605194092,23,25.9,1,-1332,-4692,-116,1447.22890386502,1,Yes
0.0407013609409332,23,25.9,1,-1332,-4692,-116,1447.22890386502,1,Yes
0.0407219624519348,23,25.9,1,-1332,-4692,-116,1447.22890386502,1,Yes
0.0407426724433899,23,25.9,0,-1440,-6360,-120,2667.17280990025,1,Yes
0.0407633998394012,23,25.9,0,-1440,-6360,-120,2667.17280990025,1,Yes
0.0407850914001465,23,25.9,0,-1440,-6360,-120,2667.17280990025,1,Yes
0.0408057219982147,23,25.9,1,-1168,-4600,-76,1261.67356770886,1,Yes
0.0408264424800873,23,25.9,1,-1168,-4600,-76,1261.67356770886,1,Yes
0.040847599029541,23,25.9,0,-900,-4860,-376,1189.30318066768,0,No
0.0408681042194366,23,25.9,0,-900,-4860,-376,1189.30318066768,1,Yes
0.0408887424468994,23,25.9,0,-900,-4860,-376,1189.30318066768,1,Yes
0.0409092981815338,23,25.9,1,-668,-4140,-556,781.17849407785,1,Yes
0.0409296720027924,23,25.9,1,-668,-4140,-556,781.17849407785,1,Yes
0.0409501929283142,23,25.9,0,-224,-4080,-960,847.963232911664,0,No
0.0409710166454315,23,25.9,0,-224,-4080,-960,847.963232911664,1,Yes
0.0409915752410889,23,25.9,0,-224,-4080,-960,847.963232911664,1,Yes
0.0410125987529755,23,25.9,1,-292,-5172,-852,1308.99456148479,0,No
0.0410335137844086,23,25.9,1,-292,-5172,-852,1308.99456148479,1,Yes
0.0410546112060547,23,25.9,0,-804,-5948,560,2121.90178867184,1,Yes
0.0410754017829895,23,25.9,0,-804,-5948,560,2121.90178867184,0,No
0.0410960702896118,23,25.9,0,-804,-5948,560,2121.90178867184,1,Yes
0.0411171176433563,23,25.9,1,-656,-6384,1316,2777.04102734375,1,Yes
0.0411380305290222,23,25.9,1,-656,-6384,1316,2777.04102734375,1,Yes
0.0411585960388184,23,25.9,0,-584,-4600,-20,766.237373579111,1,Yes
0.0411794648170471,23,25.9,0,-584,-4600,-20,766.237373579111,1,Yes
0.0412004766464233,23,25.9,0,-584,-4600,-20,766.237373579111,1,Yes
0.0412214152812958,23,25.9,0,-80,-2776,-1112,1652.18078375123,1,Yes
0.0412421553134918,23,25.9,0,-80,-2776,-1112,1652.18078375123,1,Yes
0.0412625801563263,23,25.9,1,168,-1700,-1912,2996.4447001963,1,Yes
0.0412832937240601,23,25.9,1,168,-1700,-1912,2996.4447001963,1,Yes
0.0413049111366272,23,25.9,1,168,-1700,-1912,2996.4447001963,1,Yes
0.0413256833553314,23,25.9,1,596,-2960,-2304,2523.21195124181,1,Yes
0.041346423625946,23,25.9,1,596,-2960,-2304,2523.21195124181,1,Yes
0.0413671343326569,23,25.9,1,596,-2960,-2304,2523.21195124181,1,Yes
0.0413879532814026,23,25.9,1,356,-2280,-1596,2366.50548796534,1,Yes
0.0414087030887604,23,25.9,1,356,-2280,-1596,2366.50548796534,1,Yes
0.0414293811321259,23,25.9,0,340,-2788,-808,1521.44149062408,1,Yes
0.0414500160217285,23,25.9,0,340,-2788,-808,1521.44149062408,1,Yes
0.0414704492092133,23,25.9,0,340,-2788,-808,1521.44149062408,1,Yes
0.0414910953044891,23,25.9,1,-196,-3856,-132,317.296843673857,1,Yes
0.041511693239212,23,25.9,1,-196,-3856,-132,317.296843673857,1,Yes
0.0415323042869568,23,25.9,1,-136,-4088,396,552.637317943761,1,Yes
0.0415530183315277,23,25.9,1,-136,-4088,396,552.637317943761,0,No
0.0415741143226624,23,25.9,1,-136,-4088,396,552.637317943761,1,Yes
0.0415946223735809,23,25.9,1,88,-4784,392,863.927487724375,1,Yes
0.0416155235767365,23,25.9,1,88,-4784,392,863.927487724375,1,Yes
0.0416359858512878,23,25.9,1,-228,-4332,0,343.113708932189,1,Yes
0.0416569366455078,23,25.9,1,-228,-4332,0,343.113708932189,1,Yes
0.0416775758266449,23,25.9,1,-228,-4332,0,343.113708932189,0,No
0.0416984903812408,23,25.9,1,104,-4044,136,305.611629527284,1,Yes
0.0417188770771027,23,25.9,1,104,-4044,136,305.611629527284,1,Yes
0.0417396402359009,23,25.9,0,-40,-5512,76,1418.42708592235,1,Yes
0.0417604367733002,23,25.9,0,-40,-5512,76,1418.42708592235,1,Yes
0.0417813491821289,23,25.9,0,-40,-5512,76,1418.42708592235,1,Yes
0.0418016979694366,23,25.9,1,-148,-4436,32,394.525489491857,1,Yes
0.0418221204280853,23,25.9,1,-148,-4436,32,394.525489491857,1,Yes
0.0418423509597778,23,25.9,1,-148,-4436,32,394.525489491857,1,Yes
0.0418630392551422,23,25.9,1,20,-4832,-132,721.915194316459,1,Yes
0.0418835198879242,23,25.9,1,20,-4832,-132,721.915194316459,1,Yes
0.0419040372371674,23,25.9,1,-80,-4064,-508,377.229499853956,1,Yes
0.0419248609542847,23,25.9,1,-80,-4064,-508,377.229499853956,1,Yes
0.0419456079006195,23,25.9,1,-80,-4064,-508,377.229499853956,1,Yes
0.0419662408828735,23,25.9,0,152,-4272,-636,544.463861542633,1,Yes
0.0419867310523987,23,25.9,0,152,-4272,-636,544.463861542633,1,Yes
0.0420072214603424,23,25.9,1,88,-4140,-536,407.426410240567,1,Yes
0.0420277967453003,23,25.9,1,88,-4140,-536,407.426410240567,1,Yes
0.0420485465526581,23,25.9,1,88,-4140,-536,407.426410240567,1,Yes
0.0420691208839417,23,25.9,0,92,-3936,-720,612.921382045601,1,Yes
0.0420895249843597,23,25.9,0,92,-3936,-720,612.921382045601,1,Yes
0.0421101915836334,23,25.9,1,92,-4248,-704,588.017476746371,0,No
0.0421308779716492,23,25.9,1,92,-4248,-704,588.017476746371,0,No
0.0421512763500214,23,25.9,1,92,-4248,-704,588.017476746371,1,Yes
0.0421718993186951,23,25.9,1,228,-3924,-884,801.409269036939,1,Yes
0.0421924593448639,23,25.9,1,228,-3924,-884,801.409269036939,1,Yes
0.0422130453586578,23,25.9,1,228,-3924,-884,801.409269036939,1,Yes
0.0422338826656342,23,25.9,0,92,-3992,-784,661.417716733152,0,No
0.0422542877197266,23,25.9,0,92,-3992,-784,661.417716733152,1,Yes
0.0422748808860779,23,25.9,1,84,-4248,-464,362.689907923607,1,Yes
0.0422959499359131,23,25.9,1,84,-4248,-464,362.689907923607,1,Yes
0.042316632270813,23,25.9,1,84,-4248,-464,362.689907923607,1,Yes
0.0423373219966888,23,25.9,1,-240,-4516,-404,536.550035899746,1,Yes
0.0423579840660095,23,25.9,1,-240,-4516,-404,536.550035899746,1,Yes
0.0423787426948547,23,25.9,1,-240,-4516,-404,536.550035899746,1,Yes
0.0423991510868073,23,25.6,0,-608,-6248,4968,5570.47370932995,1,Yes
0.0424199781417847,23,25.6,0,-608,-6248,4968,5570.47370932995,1,Yes
0.0424404361248016,23,25.6,0,-608,-6248,4968,5570.47370932995,1,Yes
0.0424609496593475,23,25.6,0,592,-7084,1916,3664.73318501643,1,Yes
0.0424816524982452,23,25.6,0,592,-7084,1916,3664.73318501643,1,Yes
0.0425021576881409,23,25.6,0,592,-7084,1916,3664.73318501643,1,Yes
0.04252366065979,23,25.6,0,1076,-2392,-1276,2327.00027246095,1,Yes
0.0425438873767853,23,25.6,0,1076,-2392,-1276,2327.00027246095,1,Yes
0.0425648550987244,23,25.6,0,1456,-3880,-4088,4215.8176953759,1,Yes
0.0425854184627533,23,25.6,0,1456,-3880,-4088,4215.8176953759,1,Yes
0.0426059238910675,23,25.6,0,1456,-3880,-4088,4215.8176953759,1,Yes
0.0426263203620911,23,25.6,1,996,-2432,-3160,3597.0539990243,0,No
0.0426468348503113,23,25.6,1,996,-2432,-3160,3597.0539990243,1,Yes
0.0426676111221313,23,25.6,1,592,-2612,-1572,2157.02202177551,1,Yes
0.0426878509521484,23,25.6,1,592,-2612,-1572,2157.02202177551,1,Yes
0.0427085974216461,23,25.6,1,592,-2612,-1572,2157.02202177551,1,Yes
0.0427293856143951,23,25.6,0,292,-3016,-1028,1440.34090085255,1,Yes
0.0427499458789825,23,25.6,0,292,-3016,-1028,1440.34090085255,1,Yes
0.0427706384658813,23,25.6,1,176,-3352,-688,953.069307486933,1,Yes
0.0427912247180939,23,25.6,1,176,-3352,-688,953.069307486933,0,No
0.0428114762306213,23,25.6,1,176,-3352,-688,953.069307486933,1,Yes
0.042832258939743,23,25.6,1,-52,-4044,-404,275.157323388316,1,Yes
0.0428533079624176,23,25.6,1,-52,-4044,-404,275.157323388316,1,Yes
0.0428745393753052,23,25.6,0,-168,-4544,52,500.949616004067,1,Yes
0.0428952255249023,23,25.6,0,-168,-4544,52,500.949616004067,1,Yes
0.0429159157276154,23,25.6,0,-168,-4544,52,500.949616004067,1,Yes
0.0429364721775055,23,25.6,0,-100,-4292,-108,206.490007399361,1,Yes
0.0429574429988861,23,25.6,0,-100,-4292,-108,206.490007399361,1,Yes
0.042977988243103,23,25.6,0,-100,-4292,-108,206.490007399361,1,Yes
0.0429983432292938,23,25.6,1,-56,-4572,-84,467.436324170168,1,Yes
0.0430186924934387,23,25.6,1,-56,-4572,-84,467.436324170168,0,No
0.0430395777225494,23,25.6,1,68,-4568,156,550.382048946827,0,No
0.0430599308013916,23,25.6,1,68,-4568,156,550.382048946827,1,Yes
0.0430802795886993,23,25.6,1,68,-4568,156,550.382048946827,1,Yes
0.0431007196903229,23,25.6,1,-72,-4436,-80,337.344072819192,1,Yes
0.0431214330196381,23,25.6,1,-72,-4436,-80,337.344072819192,0,No
0.043142071723938,23,25.6,1,-52,-4244,-280,197.927027773085,1,Yes
0.0431625959873199,23,25.6,1,-52,-4244,-280,197.927027773085,1,Yes
0.043183488368988,23,25.6,1,-52,-4244,-280,197.927027773085,1,Yes
0.0432041416168213,23,25.6,1,88,-3856,-572,509.628914576223,1,Yes
0.043224752664566,23,25.6,1,88,-3856,-572,509.628914576223,1,Yes
0.0432451775074005,23,25.6,1,24,-4292,-532,432.236580929106,0,No
0.0432655527591705,23,25.6,1,24,-4292,-532,432.236580929106,0,No
0.0432863962650299,23,25.6,1,24,-4292,-532,432.236580929106,1,Yes
0.0433069353103638,23,25.6,1,16,-4260,-404,303.430176539368,1,Yes
0.0433274049758911,23,25.6,1,16,-4260,-404,303.430176539368,0,No
0.0433478720188141,23,25.6,1,16,-4260,-404,303.430176539368,0,No
0.0433695633411407,23,25.6,1,20,-4104,-548,408.071485186896,0,No
0.0433905465602875,23,25.6,1,20,-4104,-548,408.071485186896,1,Yes
0.0434108862876892,23,25.6,1,24,-4080,-836,696.490384587056,1,Yes
0.0434316120147705,23,25.6,1,24,-4080,-836,696.490384587056,0,No
0.0434521546363831,23,25.6,1,24,-4080,-836,696.490384587056,0,No
0.0434728827476501,23,25.6,1,72,-4180,-916,782.216293696129,1,Yes
0.0434936039447784,23,25.6,1,72,-4180,-916,782.216293696129,1,Yes
0.0435144596099854,23,25.6,1,88,-4088,-788,654.443373688531,1,Yes
0.0435355026721954,23,25.6,1,88,-4088,-788,654.443373688531,0,No
0.0435558087825775,23,25.6,1,88,-4088,-788,654.443373688531,0,No
0.0435766358375549,23,25.6,0,124,-4188,-804,680.339111269077,0,No
0.0435971531867981,23,25.6,0,124,-4188,-804,680.339111269077,1,Yes
0.0436178886890411,23,25.6,1,24,-4016,-692,560.049674726236,0,No
0.0436387274265289,23,25.6,1,24,-4016,-692,560.049674726236,1,Yes
0.0436595270633698,23,25.6,1,24,-4016,-692,560.049674726236,1,Yes
0.0436801874637604,23,25.6,1,12,-4000,-972,838.674457798568,1,Yes
0.0437007367610931,23,25.6,1,12,-4000,-972,838.674457798568,0,No
0.0437214651107788,23,25.6,1,-120,-3976,-976,853.43980789596,0,No
0.0437417011260986,23,25.6,1,-120,-3976,-976,853.43980789596,1,Yes
0.0437624754905701,23,25.6,1,-120,-3976,-976,853.43980789596,1,Yes
0.0437830851078033,23,25.6,0,-380,-5096,812,1420.59644555884,1,Yes
0.043803804397583,23,25.6,0,-380,-5096,812,1420.59644555884,1,Yes
0.0438249316215515,23,25.6,0,-380,-5096,812,1420.59644555884,1,Yes
0.0438458771705627,23,25.6,1,-624,-6416,2900,3865.53748214668,1,Yes
0.0438665449619293,23,25.6,1,-624,-6416,2900,3865.53748214668,1,Yes
0.0438867576122284,23,25.6,1,36,-5016,2276,2581.23608098339,1,Yes
0.0439075815677643,23,25.6,1,36,-5016,2276,2581.23608098339,0,No
0.0439281642436981,23,25.6,1,36,-5016,2276,2581.23608098339,1,Yes
0.0439486815929413,23,25.6,0,1176,-3708,-608,1334.01489455154,1,Yes
0.043969306230545,23,25.6,0,1176,-3708,-608,1334.01489455154,1,Yes
0.0439900925159454,23,25.6,0,1236,-3668,-2864,3025.91793689517,1,Yes
0.0440107858181,23,25.6,0,1236,-3668,-2864,3025.91793689517,1,Yes
0.0440311348438263,23,25.6,0,1236,-3668,-2864,3025.91793689517,1,Yes
0.0440522487163544,23,25.6,1,1180,-2700,-2820,3252.13581015755,1,Yes
0.0440736017227173,23,25.6,1,1180,-2700,-2820,3252.13581015755,1,Yes
0.0440940856933594,23,25.6,0,568,-3564,-2196,2202.92752120604,1,Yes
0.0441161546707153,23,25.6,0,568,-3564,-2196,2202.92752120604,1,Yes
0.0441368336677551,23,25.6,0,568,-3564,-2196,2202.92752120604,1,Yes
0.0441575167179108,23,25.6,1,404,-3028,-1244,1599.32777002743,0,No
0.0441783654689789,23,25.6,1,404,-3028,-1244,1599.32777002743,1,Yes
0.0441990480422974,23,25.6,1,32,-4180,-320,195.988960545271,1,Yes
0.0442194323539734,23,25.6,1,32,-4180,-320,195.988960545271,1,Yes
0.0442400259971619,23,25.6,1,32,-4180,-320,195.988960545271,0,No
0.0442605111598968,23,25.6,1,-116,-4216,8,212.519515999007,0,No
0.0442810347080231,23,25.6,1,-116,-4216,8,212.519515999007,0,No
0.0443014776706696,23,25.6,1,-116,-4216,8,212.519515999007,0,No
0.0443219814300537,23,25.6,1,-288,-4184,-140,290.510321067337,0,No
0.0443428239822388,23,25.6,1,-288,-4184,-140,290.510321067337,0,No
0.0443631763458252,23,25.6,1,-92,-4272,40,256.889010645629,0,No
0.0443837509155273,23,25.6,1,-92,-4272,40,256.889010645629,0,No
0.0444042167663574,23,25.6,1,-92,-4272,40,256.889010645629,0,No
0.0444247233867645,23,25.6,1,-92,-4272,40,256.889010645629,1,Yes
0.0444451084136963,23,25.2,0,-32,-4120,-60,85.1902058475376,1,Yes
0.044466224193573,23,25.2,0,-32,-4120,-60,85.1902058475376,1,Yes
0.0444868121147156,23,25.2,0,-32,-4120,-60,85.1902058475376,0,No
0.0445080149173737,23,25.2,1,-4,-4112,48,188.897886518326,0,No
0.0445287230014801,23,25.2,1,-4,-4112,48,188.897886518326,0,No
0.0445497341156006,23,25.2,1,-148,-4300,44,299.902625929145,0,No
0.0445706067085266,23,25.2,1,-148,-4300,44,299.902625929145,1,Yes
0.0445909335613251,23,25.2,1,-148,-4300,44,299.902625929145,1,Yes
0.0446113390922546,23,25.2,0,56,-4184,-116,99.7860129045146,1,Yes
0.0446319963932037,23,25.2,0,56,-4184,-116,99.7860129045146,1,Yes
0.044652580499649,23,25.2,1,-56,-3944,-188,180.001685466631,0,No
0.0446735470294952,23,25.2,1,-56,-3944,-188,180.001685466631,0,No
0.0446939852237701,23,25.2,1,-56,-3944,-188,180.001685466631,1,Yes
0.0447144267559052,23,25.2,1,100,-4404,-256,332.78097913187,1,Yes
0.0447347877025604,23,25.2,1,100,-4404,-256,332.78097913187,0,No
0.0447555520534515,23,25.2,0,128,-4116,-448,335.494773982629,0,No
0.0447760663032532,23,25.2,0,128,-4116,-448,335.494773982629,0,No
0.0447963237762451,23,25.2,0,128,-4116,-448,335.494773982629,1,Yes
0.0448168756961822,23,25.2,1,-16,-4284,-652,539.804867784747,1,Yes
0.0448375835418701,23,25.2,1,-16,-4284,-652,539.804867784747,1,Yes
0.0448582019805908,23,25.2,1,8,-3820,-484,449.92452359585,0,No
0.0448787548542023,23,25.2,1,8,-3820,-484,449.92452359585,0,No
0.0448993446826935,23,25.2,1,8,-3820,-484,449.92452359585,0,No
0.0449197344779968,23,25.2,0,28,-4132,-576,437.049405875909,0,No
0.0449402813911438,23,25.2,0,28,-4132,-576,437.049405875909,0,No
0.0449607398509979,23,25.2,0,28,-4132,-576,437.049405875909,0,No
0.0449811046123505,23,25.2,1,20,-4216,-584,456.276327011884,0,No
0.0450014865398407,23,25.2,1,20,-4216,-584,456.276327011884,0,No
0.0450219779014587,23,25.2,1,0,-4176,-544,408.451683635052,0,No
0.045042407989502,23,25.2,1,0,-4176,-544,408.451683635052,0,No
0.0450631945133209,23,25.2,1,0,-4176,-544,408.451683635052,0,No
0.0450844678878784,23,25.2,1,52,-4156,-556,421.734187714832,0,No
0.0451052711009979,23,25.2,1,52,-4156,-556,421.734187714832,0,No
0.045126077413559,23,25.2,1,60,-4180,-632,500.494871703801,0,No
0.0451468679904938,23,25.2,1,60,-4180,-632,500.494871703801,0,No
0.0451676023006439,23,25.2,1,60,-4180,-632,500.494871703801,0,No
0.0451886839866638,23,25.2,1,24,-4128,-612,472.460979744765,0,No
0.0452090313434601,23,25.2,1,24,-4128,-612,472.460979744765,1,Yes
0.0452295050621033,23,25.2,0,-172,-3988,-320,272.734676697477,1,Yes
0.0452500927448273,23,25.2,0,-172,-3988,-320,272.734676697477,1,Yes
0.0452708086967468,23,25.2,0,-172,-3988,-320,272.734676697477,1,Yes
0.0452911922931671,23,25.2,1,-632,-5512,2904,3409.66087232131,1,Yes
0.0453118789196014,23,25.2,1,-632,-5512,2904,3409.66087232131,1,Yes
0.0453323957920074,23,25.2,1,-632,-5512,2904,3409.66087232131,1,Yes
0.0453528022766113,23,25.2,1,-308,-6352,2980,3854.11232970163,1,Yes
0.0453736760616303,23,25.2,1,-308,-6352,2980,3854.11232970163,1,Yes
0.0453945384025574,23,25.2,0,856,-4556,2340,2664.14533137386,1,Yes
0.0454149172306061,23,25.2,0,856,-4556,2340,2664.14533137386,1,Yes
0.0454355309009552,23,25.2,0,856,-4556,2340,2664.14533137386,1,Yes
0.0454559528827667,23,25.2,0,1652,-3180,-2736,3217.57011189873,1,Yes
0.0454766616821289,23,25.2,0,1652,-3180,-2736,3217.57011189873,1,Yes
0.0454973437786102,23,25.2,1,1396,-3752,-3820,3953.82863563515,1,Yes
0.045520702123642,23,25.2,1,1396,-3752,-3820,3953.82863563515,1,Yes
0.0455411887168884,23,25.2,1,1396,-3752,-3820,3953.82863563515,1,Yes
0.0455620021820068,23,25.2,0,872,-2896,-2596,2876.71481879623,1,Yes
0.0455829184055328,23,25.2,0,872,-2896,-2596,2876.71481879623,1,Yes
0.0456034610271454,23,25.2,0,256,-3208,-1176,1398.34647720441,1,Yes
0.0456242005825043,23,25.2,0,256,-3208,-1176,1398.34647720441,1,Yes
0.0456446454524994,23,25.2,0,256,-3208,-1176,1398.34647720441,1,Yes
0.0456652390956879,23,25.2,0,324,-3636,-532,698.401628316787,1,Yes
0.0456855893135071,23,25.2,0,324,-3636,-532,698.401628316787,1,Yes
0.04570663189888,23,25.2,1,-16,-4492,152,480.926890171942,1,Yes
0.0457276079654694,23,25.2,1,-16,-4492,152,480.926890171942,0,No
0.0457484548091888,23,25.2,1,-16,-4492,152,480.926890171942,1,Yes
0.0457688825130463,23,25.2,1,-268,-4188,0,306.592780670449,1,Yes
0.0457894194126129,23,25.2,1,-268,-4188,0,306.592780670449,0,No
0.0458100907802582,23,25.2,1,-236,-4176,80,324.868883270195,0,No
0.0458308145999908,23,25.2,1,-236,-4176,80,324.868883270195,0,No
0.0458518536090851,23,25.2,1,-236,-4176,80,324.868883270195,0,No
0.0458726003170013,23,25.2,1,-264,-4088,100,353.027889744964,0,No
0.0458932387828827,23,25.2,1,-264,-4088,100,353.027889744964,0,No
0.0459141714572906,23,25.2,1,-264,-4088,100,353.027889744964,0,No
0.0459355971813202,23,25.2,1,-260,-4012,184,423.470925050471,1,Yes
0.0459561364650726,23,25.2,1,-260,-4012,184,423.470925050471,1,Yes
0.0459767003059387,23,25.2,1,-216,-4256,0,291.022637586256,1,Yes
0.0459977023601532,23,25.2,1,-216,-4256,0,291.022637586256,0,No
0.0460181946754456,23,25.2,1,-216,-4256,0,291.022637586256,0,No
0.0460386464595795,23,25.2,1,-68,-4060,140,291.865240719879,0,No
0.0460595600605011,23,25.2,1,-68,-4060,140,291.865240719879,0,No
0.0460803632736206,23,25.2,1,-116,-4264,40,261.026317716057,0,No
0.0461010084152222,23,25.2,1,-116,-4264,40,261.026317716057,0,No
0.0461215229034424,23,25.2,1,-116,-4264,40,261.026317716057,0,No
0.0461434206962585,23,25.2,1,-240,-4192,-412,366.692406261913,1,Yes
0.0461640019416809,23,25.2,1,-240,-4192,-412,366.692406261913,1,Yes
0.0461846332550049,23,25.2,1,-52,-4188,-388,262.851347696896,0,No
0.046206657409668,23,25.2,1,-52,-4188,-388,262.851347696896,1,Yes
0.0462271544933319,23,25.2,1,-52,-4188,-388,262.851347696896,1,Yes
0.0462480273246765,23,25.2,1,-60,-4340,-644,555.485130860074,1,Yes
0.0462709517478943,23,25.2,1,-60,-4340,-644,555.485130860074,1,Yes
0.0462917375564575,23,25.2,1,104,-4104,-384,267.312715693141,1,Yes
0.0463124449253082,23,25.2,1,104,-4104,-384,267.312715693141,1,Yes
0.0463331127166748,23,25.2,1,104,-4104,-384,267.312715693141,1,Yes
0.0463533897399902,23,25.2,1,-64,-4288,-644,536.521331056261,1,Yes
0.04637366771698,23,25.2,1,-64,-4288,-644,536.521331056261,1,Yes
0.0463942174911499,23,25.2,1,72,-3968,-536,427.43393229957,0,No
0.046414576292038,23,25.2,1,72,-3968,-536,427.43393229957,0,No
0.0464350357055664,23,25.2,1,72,-3968,-536,427.43393229957,0,No
0.0464558663368225,23,25.2,1,72,-3968,-536,427.43393229957,1,Yes
0.0464762136936188,23,24.9,1,-4,-3948,-672,555.480783965717,1,Yes
0.0464966735839844,23,24.9,1,-4,-3948,-672,555.480783965717,0,No
0.0465173485279083,23,24.9,1,-4,-3948,-672,555.480783965717,0,No
0.0465388436317444,23,24.9,1,-28,-4000,-692,562.521058293837,0,No
0.0465593302249908,23,24.9,1,-28,-4000,-692,562.521058293837,0,No
0.0465799207687378,23,24.9,1,-16,-4080,-600,460.240517466813,0,No
0.0466003639698029,23,24.9,1,-16,-4080,-600,460.240517466813,0,No
0.0466209907531738,23,24.9,1,-16,-4080,-600,460.240517466813,0,No
0.0466414303779602,23,24.9,1,-20,-4124,-664,523.463699387998,0,No
0.0466618692874908,23,24.9,1,-20,-4124,-664,523.463699387998,0,No
0.0466822669506073,23,24.9,1,-24,-4112,-672,531.406105982241,0,No
0.0467029728889465,23,24.9,1,-24,-4112,-672,531.406105982241,0,No
0.0467237412929535,23,24.9,1,-24,-4112,-672,531.406105982241,0,No
0.0467443821430206,23,24.9,1,16,-4060,-732,593.736551970181,0,No
0.0467648901939392,23,24.9,1,16,-4060,-732,593.736551970181,0,No
0.0467852385044098,23,24.9,1,16,-4060,-732,593.736551970181,0,No
0.0468057594299316,23,24.9,1,92,-4156,-672,542.160678953756,0,No
0.0468263287544251,23,24.9,1,92,-4156,-672,542.160678953756,0,No
0.0468466989994049,23,24.9,1,52,-4052,-672,537.593754477231,0,No
0.0468673133850098,23,24.9,1,52,-4052,-672,537.593754477231,0,No
0.0468880412578583,23,24.9,1,52,-4052,-672,537.593754477231,0,No
0.0469084877967835,23,24.9,1,40,-4072,-688,550.494148810555,0,No
0.0469291245937347,23,24.9,1,40,-4072,-688,550.494148810555,0,No
0.0469496715068817,23,24.9,1,28,-3940,-608,498.544452969123,0,No
0.0469704098701477,23,24.9,1,28,-3940,-608,498.544452969123,0,No
0.0469908444881439,23,24.9,1,28,-3940,-608,498.544452969123,0,No
0.0470111124515533,23,24.9,1,60,-4112,-628,491.704429115508,0,No
0.0470318429470062,23,24.9,1,60,-4112,-628,491.704429115508,0,No
0.0470525171756744,23,24.9,1,40,-4116,-680,541.192514783306,0,No
0.0470732924938202,23,24.9,1,40,-4116,-680,541.192514783306,0,No
0.0470937221050262,23,24.9,1,40,-4116,-680,541.192514783306,0,No
0.0471142373085022,23,24.9,0,32,-4028,-716,582.337495457996,0,No
0.0471353645324707,23,24.9,0,32,-4028,-716,582.337495457996,0,No
0.0471566617488861,23,24.9,0,32,-4028,-716,582.337495457996,0,No
0.0471771063804626,23,24.9,1,32,-4032,-660,526.491541790201,0,No
0.0471972944736481,23,24.9,1,32,-4032,-660,526.491541790201,0,No
0.0472180080413818,23,24.9,1,8,-4008,-644,513.708563398763,0,No
0.0472395236492157,23,24.9,1,8,-4008,-644,513.708563398763,0,No
0.047260085105896,23,24.9,1,8,-4008,-644,513.708563398763,0,No
0.0472804546356201,23,24.9,1,0,-4188,-696,560.536100454994,0,No
0.0473011634349823,23,24.9,1,0,-4188,-696,560.536100454994,0,No
0.0473223259449005,23,24.9,1,24,-4032,-656,522.013233034835,0,No
0.0473427011966705,23,24.9,1,24,-4032,-656,522.013233034835,0,No
0.0473630497455597,23,24.9,1,24,-4032,-656,522.013233034835,0,No
0.0473839664459229,23,24.9,1,-28,-4168,-656,518.742018238591,0,No
0.0474042000770569,23,24.9,1,-28,-4168,-656,518.742018238591,0,No
0.0474245541095734,23,24.9,1,52,-3972,-648,529.028715213779,0,No
0.0474452667236328,23,24.9,1,52,-3972,-648,529.028715213779,0,No
0.0474658570289612,23,24.9,1,52,-3972,-648,529.028715213779,0,No
0.0474863607883453,23,24.9,1,-4,-4144,-684,544.160609467185,0,No
0.0475066957473755,23,24.9,1,-4,-4144,-684,544.160609467185,0,No
0.0475273480415344,23,24.9,1,56,-3976,-608,490.199094732175,0,No
0.0475480008125305,23,24.9,1,56,-3976,-608,490.199094732175,0,No
0.047568612575531,23,24.9,1,56,-3976,-608,490.199094732175,0,No
0.0475892431735992,23,24.9,1,-4,-3964,-676,554.865233235679,0,No
0.0476096713542938,23,24.9,1,-4,-3964,-676,554.865233235679,0,No
0.0476304016113281,23,24.9,1,-4,-3964,-676,554.865233235679,0,No
0.0476506941318512,23,24.9,1,20,-3988,-680,553.556842611748,0,No
0.0476712193489075,23,24.9,1,20,-3988,-680,553.556842611748,0,No
0.047691556930542,23,24.9,1,76,-4176,-640,510.171833908302,0,No
0.0477121489048004,23,24.9,1,76,-4176,-640,510.171833908302,0,No
0.0477329733371735,23,24.9,1,76,-4176,-640,510.171833908302,0,No
0.0477535006999969,23,24.9,1,20,-4088,-612,472.439841246819,0,No
0.0477744855880737,23,24.9,1,20,-4088,-612,472.439841246819,0,No
0.0477949976921082,23,24.9,1,20,-4004,-636,507.19748188019,0,No
0.0478155875205994,23,24.9,1,20,-4004,-636,507.19748188019,0,No
0.0478362371921539,23,24.9,1,20,-4004,-636,507.19748188019,0,No
0.0478571503162384,23,24.9,0,56,-4072,-700,563.982179630298,0,No
0.0478779785633087,23,24.9,0,56,-4072,-700,563.982179630298,1,Yes
0.0478988664150238,23,24.9,1,96,-4076,-564,436.838704187929,1,Yes
0.0479195816516876,23,24.9,1,96,-4076,-564,436.838704187929,1,Yes
0.0479399030208588,23,24.9,1,96,-4076,-564,436.838704187929,1,Yes
0.0479605927467346,23,24.9,0,156,-3956,-752,651.099999268527,1,Yes
0.0479811205863953,23,24.9,0,156,-3956,-752,651.099999268527,1,Yes
0.0480016763210297,23,24.9,0,156,-3956,-752,651.099999268527,0,No
0.0480228073596954,23,24.9,1,240,-4016,-624,550.757082817294,0,No
0.0480435163974762,23,24.9,1,240,-4016,-624,550.757082817294,0,No
0.0480644526481628,23,24.9,0,324,-4196,-560,540.790401518767,0,No
0.0480853202342987,23,24.9,0,324,-4196,-560,540.790401518767,0,No
0.0481064391136169,23,24.9,0,324,-4196,-560,540.790401518767,0,No
0.048127073764801,23,24.9,1,324,-4024,-472,476.079788659712,0,No
0.0481476984024048,23,24.9,1,324,-4024,-472,476.079788659712,0,No
0.0481681125164032,23,24.9,1,184,-3860,-292,349.436666360857,1,Yes
0.048190319776535,23,24.9,1,184,-3860,-292,349.436666360857,0,No
0.04821067237854,23,24.9,1,184,-3860,-292,349.436666360857,0,No
0.0482310898303986,23,24.9,1,-128,-3988,4,225.149050342596,1,Yes
0.0482522933483124,23,24.9,1,-128,-3988,4,225.149050342596,0,No
0.0482739832401276,23,24.9,1,-264,-4100,-112,258.928862008009,0,No
0.0482948541641235,23,24.9,1,-264,-4100,-112,258.928862008009,0,No
0.0483153290748596,23,24.9,1,-264,-4100,-112,258.928862008009,0,No
0.048335964679718,23,24.9,0,-120,-4240,-268,213.742691721721,1,Yes
0.0483572566509247,23,24.9,0,-120,-4240,-268,213.742691721721,1,Yes
0.0483780102729797,23,24.9,1,52,-4436,-672,625.641131533829,1,Yes
0.0483986964225769,23,24.9,1,52,-4436,-672,625.641131533829,0,No
0.0484190676212311,23,24.9,1,52,-4436,-672,625.641131533829,1,Yes
0.0484395425319672,23,24.9,1,-180,-4372,-920,839.828980896539,1,Yes
0.0484599659442902,23,24.9,1,-180,-4372,-920,839.828980896539,0,No
0.0484805111885071,23,24.9,1,-180,-4372,-920,839.828980896539,0,No
0.0485012736320496,23,24.9,1,-180,-4372,-920,839.828980896539,1,Yes
0.0485220832824707,23,25.1,0,-260,-4076,-712,625.655969258775,1,Yes
0.0485428693294525,23,25.1,0,-260,-4076,-712,625.655969258775,0,No
0.048563627243042,23,25.1,1,-308,-3960,-604,572.572425839333,0,No
0.0485889048576355,23,25.1,1,-308,-3960,-604,572.572425839333,0,No
0.0486104326248169,23,25.1,0,-340,-3964,-492,505.714451981848,0,No
0.0486310086250305,23,25.1,0,-340,-3964,-492,505.714451981848,1,Yes
0.0486521787643433,23,25.1,0,-340,-3964,-492,505.714451981848,1,Yes
0.0486736657619476,23,25.1,1,-244,-3668,-788,819.097688597789,1,Yes
0.0486947724819183,23,25.1,1,-244,-3668,-788,819.097688597789,1,Yes
0.0487155046463013,23,25.1,1,-244,-3668,-788,819.097688597789,0,No
0.0487364506721497,23,25.1,1,-104,-4104,-1012,876.548762292385,0,No
0.0487634913921356,23,25.1,1,-104,-4104,-1012,876.548762292385,0,No
0.0487846930027008,23,25.1,1,28,-3788,-936,858.805138127247,0,No
0.0488051881790161,23,25.1,1,28,-3788,-936,858.805138127247,0,No
0.0488257129192352,23,25.1,1,312,-4276,-996,927.518609126245,0,No
0.0488461830615997,23,25.1,1,312,-4276,-996,927.518609126245,0,No
0.04886661028862,23,25.1,1,312,-4276,-996,927.518609126245,1,Yes
0.0488870048522949,23,25.1,1,468,-4056,-1092,1064.50374632965,1,Yes
0.0489076056480408,23,25.1,1,468,-4056,-1092,1064.50374632965,1,Yes
0.0489284303188324,23,25.1,1,612,-4160,-916,993.129529575165,0,No
0.0489487502574921,23,25.1,1,612,-4160,-916,993.129529575165,0,No
0.0489694213867188,23,25.1,1,612,-4160,-916,993.129529575165,0,No
0.0489901309013367,23,25.1,1,756,-3864,-740,1000.90610329121,0,No
0.0490106501579285,23,25.1,1,756,-3864,-740,1000.90610329121,0,No
0.0490313150882721,23,25.1,1,756,-3864,-740,1000.90610329121,0,No
0.0490520379543304,23,25.1,1,772,-3996,-800,1026.78543831355,0,No
0.0490726218223572,23,25.1,1,772,-3996,-800,1026.78543831355,1,Yes
0.0490929384231567,23,25.1,1,840,-4052,-976,1190.85233345972,1,Yes
0.0491136984825134,23,25.1,1,840,-4052,-976,1190.85233345972,1,Yes
0.0491346235275269,23,25.1,1,840,-4052,-976,1190.85233345972,1,Yes
0.0491557824611664,23,25.1,1,780,-3836,-704,1005.86434714962,1,Yes
0.0491766486167908,23,25.1,1,780,-3836,-704,1005.86434714962,0,No
0.0491974666118622,23,25.1,1,788,-3964,-628,943.755181738995,0,No
0.049218109369278,23,25.1,1,788,-3964,-628,943.755181738995,0,No
0.0492388231754303,23,25.1,1,788,-3964,-628,943.755181738995,0,No
0.0492598857879639,23,25.1,1,836,-3864,-416,920.335883432476,0,No
0.0492810568809509,23,25.1,1,836,-3864,-416,920.335883432476,1,Yes
0.0493020882606506,23,25.1,1,748,-4084,-160,755.617947047437,1,Yes
0.049322484254837,23,25.1,1,748,-4084,-160,755.617947047437,0,No
0.0493429255485535,23,25.1,1,748,-4084,-160,755.617947047437,0,No
0.0493634920120239,23,25.1,1,624,-4044,80,671.764109369494,0,No
0.0493841059207916,23,25.1,1,624,-4044,80,671.764109369494,0,No
0.0494045906066895,23,25.1,0,604,-4164,84,653.161490027856,0,No
0.0494251410961151,23,25.1,0,604,-4164,84,653.161490027856,0,No
0.0494457423686981,23,25.1,0,604,-4164,84,653.161490027856,0,No
0.0494667689800262,23,25.1,1,460,-4000,208,593.256430053774,0,No
0.0494876403808594,23,25.1,1,460,-4000,208,593.256430053774,0,No
0.0495079612731934,23,25.1,1,460,-4000,208,593.256430053774,1,Yes
0.0495288324356079,23,25.1,1,288,-4092,108,386.333443863913,1,Yes
0.0495493235588074,23,25.1,1,288,-4092,108,386.333443863913,1,Yes
0.0495696489810944,23,25.1,1,140,-3780,140,458.031717047559,0,No
0.0495905113220215,23,25.1,1,140,-3780,140,458.031717047559,0,No
0.0496111493110657,23,25.1,1,140,-3780,140,458.031717047559,0,No
0.0496314249038696,23,25.1,1,-4,-4176,364,509.091958921341,0,No
0.0496518876552582,23,25.1,1,-4,-4176,364,509.091958921341,0,No
0.0496723012924194,23,25.1,1,-204,-4460,24,433.682158857805,0,No
0.0496927456855774,23,25.1,1,-204,-4460,24,433.682158857805,0,No
0.0497134985923767,23,25.1,1,-204,-4460,24,433.682158857805,1,Yes
0.0497341268062592,23,25.1,1,-220,-4240,-204,257.154068432849,1,Yes
0.0497547793388367,23,25.1,1,-220,-4240,-204,257.154068432849,1,Yes
0.0497755873203278,23,25.1,1,-376,-4436,-416,563.724405714361,1,Yes
0.0497963495254517,23,25.1,1,-376,-4436,-416,563.724405714361,1,Yes
0.0498165974617004,23,25.1,1,-376,-4436,-416,563.724405714361,0,No
0.0498373143672943,23,25.1,1,-164,-4220,-616,512.236168902103,0,No
0.0498576209545135,23,25.1,1,-164,-4220,-616,512.236168902103,0,No
0.0498795750141144,23,25.1,1,-164,-4220,-616,512.236168902103,0,No
0.0499000933170319,23,25.1,1,-396,-4296,-500,561.004598047313,0,No
0.0499204895496368,23,25.1,1,-396,-4296,-500,561.004598047313,1,Yes
0.0499408972263336,23,25.1,1,-372,-3560,-536,769.822299558202,1,Yes
0.0499614269733429,23,25.1,1,-372,-3560,-536,769.822299558202,0,No
0.0499821081161499,23,25.1,1,-372,-3560,-536,769.822299558202,0,No
0.0500023438930511,23,25.1,1,-328,-4100,-888,813.275456579623,0,No
0.050022693157196,23,25.1,1,-328,-4100,-888,813.275456579623,1,Yes
0.0500431129932404,23,25.1,1,-112,-3980,-820,699.520201956577,0,No
0.0500636537075043,23,25.1,1,-112,-3980,-820,699.520201956577,1,Yes
0.0500840938091278,23,25.1,1,-112,-3980,-820,699.520201956577,1,Yes
0.0501050071716309,23,25.1,1,100,-4020,-1020,890.232022464669,1,Yes
0.0501255578994751,23,25.1,1,100,-4020,-1020,890.232022464669,0,No
0.0501462519168854,23,25.1,1,308,-4272,-1096,1018.56493259585,1,Yes
0.0501668846607208,23,25.1,1,308,-4272,-1096,1018.56493259585,1,Yes
0.0501872777938843,23,25.1,1,308,-4272,-1096,1018.56493259585,1,Yes
0.0502078642845154,23,25.1,1,592,-4152,-1448,1438.39699581432,1,Yes
0.0502283692359924,23,25.1,1,592,-4152,-1448,1438.39699581432,1,Yes
0.050248922586441,23,25.1,1,592,-4152,-1448,1438.39699581432,1,Yes
0.050269339799881,23,25.1,1,656,-4312,-1144,1219.12186615431,1,Yes
0.0502908606529236,23,25.1,1,656,-4312,-1144,1219.12186615431,1,Yes
0.0503115563392639,23,25.1,1,1164,-3940,-976,1448.30239303556,1,Yes
0.0503323886394501,23,25.1,1,1164,-3940,-976,1448.30239303556,0,No
0.0503531835079193,23,25.1,1,1164,-3940,-976,1448.30239303556,0,No
0.0503739433288574,23,25.1,0,1288,-4348,-964,1552.63079313661,1,Yes
0.0503946733474731,23,25.1,0,1288,-4348,-964,1552.63079313661,1,Yes
0.0504152336120605,23,25.1,1,936,-3856,-452,1025.0438392477,1,Yes
0.0504357981681824,23,25.1,1,936,-3856,-452,1025.0438392477,1,Yes
0.0504572432041168,23,25.1,1,936,-3856,-452,1025.0438392477,1,Yes
0.0504780378341675,23,25.1,1,700,-3624,52,879.621687753477,1,Yes
0.0504983780384064,23,25.1,1,700,-3624,52,879.621687753477,0,No
0.0505188782215118,23,25.1,1,700,-3624,52,879.621687753477,0,No
0.050539323091507,23,25.1,1,700,-3624,52,879.621687753477,0,No
0.0505599644184113,23,24.9,0,680,-3800,-608,886.874978993365,1,Yes
0.0505804238319397,23,24.9,0,680,-3800,-608,886.874978993365,1,Yes
0.0506012945175171,23,24.9,1,608,-4080,-284,632.087064355896,1,Yes
0.0506218526363373,23,24.9,1,608,-4080,-284,632.087064355896,1,Yes
0.0506423320770264,23,24.9,1,608,-4080,-284,632.087064355896,0,No
0.050662722826004,23,24.9,1,516,-3932,-452,634.148686901209,1,Yes
0.0506834082603455,23,24.9,1,516,-3932,-452,634.148686901209,1,Yes
0.0507039873600006,23,24.9,1,656,-3716,-824,1030.46169403473,1,Yes
0.0507246472835541,23,24.9,1,656,-3716,-824,1030.46169403473,1,Yes
0.0507453808784485,23,24.9,1,656,-3716,-824,1030.46169403473,1,Yes
0.0507661082744598,23,24.9,1,352,-4080,-676,645.070295745725,1,Yes
0.0507866058349609,23,24.9,1,352,-4080,-676,645.070295745725,0,No
0.0508071177005768,23,24.9,1,328,-3908,-392,465.071184108307,1,Yes
0.0508274610042572,23,24.9,1,328,-3908,-392,465.071184108307,0,No
0.0508478863239288,23,24.9,1,328,-3908,-392,465.071184108307,0,No
0.0508682610988617,23,24.9,1,-236,-3800,-432,483.464802856898,0,No
0.0508886497020721,23,24.9,1,-236,-3800,-432,483.464802856898,0,No
0.0509090752601624,23,24.9,1,-236,-3800,-432,483.464802856898,1,Yes
0.0509297208786011,23,24.9,1,-252,-3472,-124,684.264556876497,1,Yes
0.0509504265785217,23,24.9,1,-252,-3472,-124,684.264556876497,1,Yes
0.0509708135128021,23,24.9,1,-148,-4072,-316,228.190656828054,1,Yes
0.0509915866851807,23,24.9,1,-148,-4072,-316,228.190656828054,1,Yes
0.0510123109817505,23,24.9,1,-148,-4072,-316,228.190656828054,1,Yes
0.0510332863330841,23,24.9,1,-8,-4220,-520,394.587981843325,1,Yes
0.0510539374351501,23,24.9,1,-8,-4220,-520,394.587981843325,1,Yes
0.0510742855072021,23,24.9,1,-128,-3688,-1044,1004.45595684462,1,Yes
0.0510947496891022,23,24.9,1,-128,-3688,-1044,1004.45595684462,1,Yes
0.0511154825687408,23,24.9,1,-128,-3688,-1044,1004.45595684462,1,Yes
0.0511363568305969,23,24.9,0,-4,-3920,-980,860.517562285194,0,No
0.0511569681167603,23,24.9,0,-4,-3920,-980,860.517562285194,1,Yes
0.0511776647567749,23,24.9,0,-120,-4580,-532,621.345651332671,1,Yes
0.0511983358860016,23,24.9,0,-120,-4580,-532,621.345651332671,0,No
0.0512189590930939,23,24.9,0,-120,-4580,-532,621.345651332671,0,No
0.0512400586605072,23,24.9,1,148,-4080,-684,565.618402863044,0,No
0.0512608418464661,23,24.9,1,148,-4080,-684,565.618402863044,0,No
0.0512815253734589,23,24.9,1,148,-4080,-684,565.618402863044,1,Yes
0.0513035101890564,23,24.9,1,-124,-3888,-464,409.502869186404,1,Yes
0.0513243255615234,23,24.9,1,-124,-3888,-464,409.502869186404,1,Yes
0.051344691991806,23,24.9,0,244,-4456,-780,768.578537479934,1,Yes
0.0513654863834381,23,24.9,0,244,-4456,-780,768.578537479934,1,Yes
0.0513859746456146,23,24.9,0,244,-4456,-780,768.578537479934,1,Yes
0.0514070146083832,23,24.9,1,356,-4048,-64,376.20954388962,1,Yes
0.0514277429580688,23,24.9,1,356,-4048,-64,376.20954388962,1,Yes
0.051448477268219,23,24.9,1,468,-3744,-16,612.824430280495,1,Yes
0.0514689755439758,23,24.9,1,468,-3744,-16,612.824430280495,1,Yes
0.0514894518852234,23,24.9,1,468,-3744,-16,612.824430280495,1,Yes
0.0515096633434296,23,24.9,1,-140,-4032,212,385.248157896553,0,No
0.0515303585529327,23,24.9,1,-140,-4032,212,385.248157896553,0,No
0.0515517716407776,23,24.9,1,-116,-4128,0,179.017917079853,1,Yes
0.0515724177360535,23,24.9,1,-116,-4128,0,179.017917079853,0,No
0.0515929758548737,23,24.9,1,-116,-4128,0,179.017917079853,0,No
0.0516139035224915,23,24.9,1,-120,-4120,32,206.790096118215,0,No
0.0516344130039215,23,24.9,1,-120,-4120,32,206.790096118215,0,No
0.0516552510261536,23,24.9,1,-104,-4116,28,194.867371626284,0,No
0.0516759848594666,23,24.9,1,-104,-4116,28,194.867371626284,0,No
0.051696799993515,23,24.9,1,-104,-4116,28,194.867371626284,0,No
0.0517174217700958,23,24.9,1,-92,-4144,0,167.923748514478,1,Yes
0.051741466999054,23,24.9,1,-92,-4144,0,167.923748514478,1,Yes
0.0517622528076172,23,24.9,0,-228,-4552,-152,493.765471121771,1,Yes
0.0517827386856079,23,24.9,0,-228,-4552,-152,493.765471121771,1,Yes
0.0518034663200378,23,24.9,0,-228,-4552,-152,493.765471121771,1,Yes
0.0518241832256317,23,24.9,0,-52,-4268,-144,163.722814735966,1,Yes
0.0518448078632355,23,24.9,0,-52,-4268,-144,163.722814735966,1,Yes
0.0518655166625977,23,24.9,0,-80,-3928,108,317.233443950813,1,Yes
0.0518866991996765,23,24.9,0,-80,-3928,108,317.233443950813,0,No
0.0519074184894562,23,24.9,0,-80,-3928,108,317.233443950813,0,No
0.051927853345871,23,24.9,1,-168,-4256,-8,254.431139816094,1,Yes
0.0519483237266541,23,24.9,1,-168,-4256,-8,254.431139816094,1,Yes
0.0519709632396698,23,24.9,1,-196,-4396,36,385.31758359909,1,Yes
0.0519925274848938,23,24.9,1,-196,-4396,36,385.31758359909,0,No
0.0520130572319031,23,24.9,1,-196,-4396,36,385.31758359909,0,No
0.0520335700511932,23,24.9,1,-156,-4256,112,327.569686678171,0,No
0.0520540578365326,23,24.9,1,-156,-4256,112,327.569686678171,0,No
0.0520746784210205,23,24.9,1,-156,-4256,112,327.569686678171,0,No
0.0520952665805817,23,24.9,0,-208,-4268,-28,279.178313775606,1,Yes
0.0521161215305328,23,24.9,0,-208,-4268,-28,279.178313775606,1,Yes
0.0521365292072296,23,24.9,1,-172,-4512,68,481.634872140315,1,Yes
0.0521570870876312,23,24.9,1,-172,-4512,68,481.634872140315,0,No
0.05217760181427,23,24.9,1,-172,-4512,68,481.634872140315,0,No
0.0521982684135437,23,24.9,0,172,-3848,208,471.909176423711,0,No
0.0522188150882721,23,24.9,0,172,-3848,208,471.909176423711,1,Yes
0.0522395100593567,23,24.9,0,-180,-4064,88,290.721066557626,1,Yes
0.05226003074646,23,24.9,0,-180,-4064,88,290.721066557626,1,Yes
0.0522805624008179,23,24.9,0,-180,-4064,88,290.721066557626,1,Yes
0.0523015189170837,23,24.9,1,-152,-4532,72,493.872161575767,1,Yes
0.0523219044208527,23,24.9,1,-152,-4532,72,493.872161575767,1,Yes
0.0523424592018127,23,24.9,1,-40,-3720,68,444.209963371699,0,No
0.0523628180027008,23,24.9,1,-40,-3720,68,444.209963371699,0,No
0.0523833951950073,23,24.9,1,-40,-3720,68,444.209963371699,0,No
0.052403660774231,23,24.9,1,-64,-3700,-64,421.657204220689,0,No
0.0524239423274994,23,24.9,1,-64,-3700,-64,421.657204220689,0,No
0.0524446089267731,23,24.9,1,-64,-3700,-64,421.657204220689,0,No
0.0524652454853058,23,24.9,0,-32,-4032,168,319.711097072202,1,Yes
0.0524858112335205,23,24.9,0,-32,-4032,168,319.711097072202,0,No
0.0525063083171844,23,24.9,0,-112,-4372,96,368.050350795195,0,No
0.0525265028476715,23,24.9,0,-112,-4372,96,368.050350795195,0,No
0.0525473275184631,23,24.9,0,-112,-4372,96,368.050350795195,0,No
0.0525676987171173,23,24.9,0,-112,-4372,96,368.050350795195,0,No
0.0525879254341126,23,24.8,0,-8,-3932,48,259.972869221971,1,Yes
0.0526084229946137,23,24.8,0,-8,-3932,48,259.972869221971,1,Yes
0.0526288032531738,23,24.8,1,104,-3540,172,660.16603403238,1,Yes
0.0526491484642029,23,24.8,1,104,-3540,172,660.16603403238,1,Yes
0.0526698429584503,23,24.8,1,104,-3540,172,660.16603403238,1,Yes
0.0526903030872345,23,24.8,0,-76,-4056,-24,146.350200463803,1,Yes
0.0527109978199005,23,24.8,0,-76,-4056,-24,146.350200463803,1,Yes
0.0527317109107971,23,24.8,0,-76,-4056,-24,146.350200463803,1,Yes
0.052752197265625,23,24.8,1,136,-3232,-36,896.342444721467,1,Yes
0.052772558927536,23,24.8,1,136,-3232,-36,896.342444721467,1,Yes
0.0527931962013245,23,24.8,0,-40,-3456,88,694.28504102318,1,Yes
0.052813668012619,23,24.8,0,-40,-3456,88,694.28504102318,1,Yes
0.0528343615531921,23,24.8,0,-40,-3456,88,694.28504102318,1,Yes
0.0528551788330078,23,24.8,1,-144,-3968,-128,198.259664219016,1,Yes
0.052875714302063,23,24.8,1,-144,-3968,-128,198.259664219016,1,Yes
0.0528965539932251,23,24.8,0,-124,-4368,36,333.508576635475,1,Yes
0.0529175724983215,23,24.8,0,-124,-4368,36,333.508576635475,0,No
0.0529411294460297,23,24.8,0,-124,-4368,36,333.508576635475,0,No
0.0529634592533112,23,24.8,0,-52,-3884,-20,260.785926429067,0,No
0.0529843747615814,23,24.8,0,-52,-3884,-20,260.785926429067,0,No
0.0530052325725555,23,24.8,0,-88,-4180,12,186.430635534207,0,No
0.0530258755683899,23,24.8,0,-88,-4180,12,186.430635534207,0,No
0.0530465440750122,23,24.8,0,-88,-4180,12,186.430635534207,0,No
0.0530673012733459,23,24.8,0,-112,-4188,4,194.978760775933,0,No
0.0530882165431976,23,24.8,0,-112,-4188,4,194.978760775933,1,Yes
0.0531088063716888,23,24.8,1,-168,-4384,44,367.224289589691,1,Yes
0.0531297595500946,23,24.8,1,-168,-4384,44,367.224289589691,1,Yes
0.0531500566005707,23,24.8,1,-168,-4384,44,367.224289589691,0,No
0.0531707031726837,23,24.8,0,-144,-4260,56,282.59688605835,1,Yes
0.0531911318302155,23,24.8,0,-144,-4260,56,282.59688605835,1,Yes
0.0532118318080902,23,24.8,0,-192,-4720,24,657.845484349691,1,Yes
0.0532325916290283,23,24.8,0,-192,-4720,24,657.845484349691,1,Yes
0.0532530202865601,23,24.8,0,-192,-4720,24,657.845484349691,1,Yes
0.0532735130786896,23,24.8,1,-108,-4252,108,303.54410123829,1,Yes
0.0532941012382507,23,24.8,1,-108,-4252,108,303.54410123829,1,Yes
0.0533150217533112,23,24.8,1,-108,-4252,108,303.54410123829,0,No
0.053335681438446,23,24.8,1,-184,-4304,-148,262.299276254772,0,No
0.0533564648628235,23,24.8,1,-184,-4304,-148,262.299276254772,1,Yes
0.0533769290447235,23,24.8,1,-156,-4444,28,402.336487102904,1,Yes
0.0533976109027863,23,24.8,1,-156,-4444,28,402.336487102904,0,No
0.0534184806346893,23,24.8,1,-156,-4444,28,402.336487102904,0,No
0.0534392528533936,23,24.8,0,-128,-3832,-16,328.477142574232,0,No
0.053459992647171,23,24.8,0,-128,-3832,-16,328.477142574232,0,No
0.0534808573722839,23,24.8,1,-60,-3736,-156,378.686810242103,0,No
0.0535016028881073,23,24.8,1,-60,-3736,-156,378.686810242103,0,No
0.0535222046375275,23,24.8,1,-60,-3736,-156,378.686810242103,0,No
0.0535427429676056,23,24.8,0,-88,-3956,76,278.429438830118,1,Yes
0.0535634598731995,23,24.8,0,-88,-3956,76,278.429438830118,1,Yes
0.0535838329792023,23,24.8,0,-100,-3356,60,786.446720792933,1,Yes
0.0536042640209198,23,24.8,0,-100,-3356,60,786.446720792933,1,Yes
0.0536245703697205,23,24.8,0,-100,-3356,60,786.446720792933,1,Yes
0.0536453423500061,23,24.8,1,-120,-4232,-76,178.119399657069,1,Yes
0.053665958404541,23,24.8,1,-120,-4232,-76,178.119399657069,1,Yes
0.0536865890026093,23,24.8,1,-64,-3828,148,408.156683448587,1,Yes
0.0537072031497955,23,24.8,1,-64,-3828,148,408.156683448587,1,Yes
0.0537279608249664,23,24.8,1,-64,-3828,148,408.156683448587,1,Yes
0.053748605966568,23,24.8,1,-112,-4100,-8,169.742811183495,1,Yes
0.0537687993049622,23,24.8,1,-112,-4100,-8,169.742811183495,1,Yes
0.0537901556491852,23,24.8,1,-112,-4100,-8,169.742811183495,1,Yes
0.0538104765415192,23,24.8,1,-144,-4468,0,407.853979912166,1,Yes
0.053831298828125,23,24.8,1,-144,-4468,0,407.853979912166,0,No
0.0538520035743713,23,24.8,1,-184,-4632,76,591.785875054466,1,Yes
0.0538726558685303,23,24.8,1,-184,-4632,76,591.785875054466,1,Yes
0.0538929522037506,23,24.8,1,-184,-4632,76,591.785875054466,1,Yes
0.0539136686325073,23,24.8,1,-144,-4340,-20,293.274813539891,1,Yes
0.0539342434406281,23,24.8,1,-144,-4340,-20,293.274813539891,1,Yes
0.0539545891284943,23,24.8,0,-156,-4576,64,529.868035348397,1,Yes
0.0539752655029297,23,24.8,0,-156,-4576,64,529.868035348397,1,Yes
0.0539961416721344,23,24.8,0,-156,-4576,64,529.868035348397,1,Yes
0.0540167770385742,23,24.8,0,-136,-4200,112,297.647299346193,1,Yes
0.0540369777679443,23,24.8,0,-136,-4200,112,297.647299346193,0,No
0.0540576772689819,23,24.8,0,-104,-4128,-28,149.894624397014,1,Yes
0.0540781769752502,23,24.8,0,-104,-4128,-28,149.894624397014,1,Yes
0.0540987412929535,23,24.8,0,-104,-4128,-28,149.894624397014,1,Yes
0.0541190104484558,23,24.8,1,-180,-4388,48,377.573538306737,1,Yes
0.0541397061347961,23,24.8,1,-180,-4388,48,377.573538306737,0,No
0.0541601407527924,23,24.8,1,-180,-4388,48,377.573538306737,0,No
0.0541811640262604,23,24.8,1,-44,-3736,-76,382.020928754468,0,No
0.0542015330791473,23,24.8,1,-44,-3736,-76,382.020928754468,1,Yes
0.0542225277423859,23,24.8,1,-136,-4028,28,228.061657685642,1,Yes
0.05424311876297,23,24.8,1,-136,-4028,28,228.061657685642,1,Yes
0.0542639474868774,23,24.8,1,-136,-4028,28,228.061657685642,1,Yes
0.0542845993041992,23,24.8,0,-44,-3684,156,521.086004435117,1,Yes
0.0543071546554565,23,24.8,0,-44,-3684,156,521.086004435117,1,Yes
0.0543278739452362,23,24.8,0,-24,-3764,16,380.868127942718,1,Yes
0.0543482842445374,23,24.8,0,-24,-3764,16,380.868127942718,0,No
0.0543690176010132,23,24.8,0,-24,-3764,16,380.868127942718,1,Yes
0.0543894140720367,23,24.8,0,-60,-4088,96,243.801772456064,1,Yes
0.0544097850322723,23,24.8,0,-60,-4088,96,243.801772456064,1,Yes
0.0544301178455353,23,24.8,0,-72,-4416,64,373.434606948792,1,Yes
0.0544519803524017,23,24.8,0,-72,-4416,64,373.434606948792,0,No
0.0544728662967682,23,24.8,0,-72,-4416,64,373.434606948792,0,No
0.0544937407970428,23,24.8,1,-232,-4484,80,488.72102163519,0,No
0.0545147931575775,23,24.8,1,-232,-4484,80,488.72102163519,1,Yes
0.0545351972579956,23,24.8,1,-208,-4776,-64,699.321584973323,1,Yes
0.0545559096336365,23,24.8,1,-208,-4776,-64,699.321584973323,0,No
0.0545764515399933,23,24.8,1,-208,-4776,-64,699.321584973323,1,Yes
0.0545967874526978,23,24.8,1,-208,-4776,-64,699.321584973323,1,Yes
0.0546195077896118,23,24.6,1,-88,-3816,12,341.700109489783,1,Yes
0.0546403687000275,23,24.6,1,-88,-3816,12,341.700109489783,1,Yes
0.054660945892334,23,24.6,1,-88,-3816,12,341.700109489783,1,Yes
0.0546817843914032,23,24.6,1,-104,-3756,232,523.669715927238,1,Yes
0.0547023439407349,23,24.6,1,-104,-3756,232,523.669715927238,1,Yes
0.0547226665019989,23,24.6,0,-40,-3776,-124,336.696275396222,1,Yes
0.0547429840564728,23,24.6,0,-40,-3776,-124,336.696275396222,0,No
0.0547634255886078,23,24.6,0,-40,-3776,-124,336.696275396222,0,No
0.0547852966785431,23,24.6,1,-56,-3876,48,305.186361235294,0,No
0.0548063957691193,23,24.6,1,-56,-3876,48,305.186361235294,0,No
0.0548272893428802,23,24.6,1,-120,-4192,40,228.306335957867,0,No
0.0548476283550262,23,24.6,1,-120,-4192,40,228.306335957867,0,No
0.0548679494857788,23,24.6,1,-120,-4192,40,228.306335957867,0,No
0.0548885178565979,23,24.6,1,-96,-4340,4,285.536104302966,1,Yes
0.0549092319011688,23,24.6,1,-96,-4340,4,285.536104302966,1,Yes
0.0549295513629913,23,24.6,1,-164,-5016,88,946.961156116259,1,Yes
0.0549502701759338,23,24.6,1,-164,-5016,88,946.961156116259,1,Yes
0.0549711601734161,23,24.6,1,-164,-5016,88,946.961156116259,1,Yes
0.0549916276931763,23,24.6,0,-80,-4180,76,239.136608877924,1,Yes
0.0550122482776642,23,24.6,0,-80,-4180,76,239.136608877924,1,Yes
0.0550325846672058,23,24.6,0,-80,-4180,76,239.136608877924,1,Yes
0.0550528557300568,23,24.6,1,-296,-4848,108,830.18700541683,1,Yes
0.0550733840465546,23,24.6,1,-296,-4848,108,830.18700541683,1,Yes
0.0550937526226044,23,24.6,1,-76,-4116,-88,87.1666755723272,1,Yes
0.0551145596504211,23,24.6,1,-76,-4116,-88,87.1666755723272,1,Yes
0.0551352529525757,23,24.6,1,-76,-4116,-88,87.1666755723272,1,Yes
0.0551558275222778,23,24.6,0,-88,-3700,16,447.001813484669,1,Yes
0.0551763877868652,23,24.6,0,-88,-3700,16,447.001813484669,1,Yes
0.0551968166828155,23,24.6,0,-96,-3756,52,413.40903767921,0,No
0.055219366312027,23,24.6,0,-96,-3756,52,413.40903767921,0,No
0.0552404003143311,23,24.6,0,-96,-3756,52,413.40903767921,0,No
0.0552612359523773,23,24.6,0,-288,-4468,-208,459.593082699924,0,No
0.0552818846702576,23,24.6,0,-288,-4468,-208,459.593082699924,0,No
0.0553022112846374,23,24.6,1,-132,-4336,108,358.290201631648,0,No
0.0553229594230652,23,24.6,1,-132,-4336,108,358.290201631648,0,No
0.0553434431552887,23,24.6,1,-132,-4336,108,358.290201631648,0,No
0.0553640146255493,23,24.6,1,-132,-4116,156,322.194741111554,0,No
0.0553880591392517,23,24.6,1,-132,-4116,156,322.194741111554,0,No
0.0554098727703094,23,24.6,0,-156,-4348,64,347.189271355561,0,No
0.0554302883148193,23,24.6,0,-156,-4348,64,347.189271355561,0,No
0.055451315164566,23,24.6,0,-156,-4348,64,347.189271355561,1,Yes
0.0554723200798035,23,24.6,1,-60,-4612,156,585.074445936795,1,Yes
0.0554932627677917,23,24.6,1,-60,-4612,156,585.074445936795,1,Yes
0.055513947725296,23,24.6,0,-44,-3828,8,321.596534206452,1,Yes
0.0555348598957062,23,24.6,0,-44,-3828,8,321.596534206452,1,Yes
0.0555557038784027,23,24.6,0,-44,-3828,8,321.596534206452,0,No
0.0555764238834381,23,24.6,0,-76,-3880,140,369.94263515323,1,Yes
0.0555973701477051,23,24.6,0,-76,-3880,140,369.94263515323,1,Yes
0.0556179182529449,23,24.6,0,-68,-4104,24,175.951496017767,1,Yes
0.0556386141777039,23,24.6,0,-68,-4104,24,175.951496017767,1,Yes
0.0556592509746551,23,24.6,0,-68,-4104,24,175.951496017767,1,Yes
0.0556796519756317,23,24.6,1,-108,-3672,12,475.389644303724,1,Yes
0.0557000350952148,23,24.6,1,-108,-3672,12,475.389644303724,1,Yes
0.0557207977771759,23,24.6,1,-36,-3732,52,425.92780573478,0,No
0.0557413048744202,23,24.6,1,-36,-3732,52,425.92780573478,0,No
0.0557618227005005,23,24.6,1,-36,-3732,52,425.92780573478,0,No
0.0557824599742889,23,24.6,1,-124,-4336,48,316.496262936527,1,Yes
0.0558052008152008,23,24.6,1,-124,-4336,48,316.496262936527,1,Yes
0.0558263392448425,23,24.6,1,-168,-4568,24,512.163057961228,1,Yes
0.0558469061851501,23,24.6,1,-168,-4568,24,512.163057961228,1,Yes
0.0558678376674652,23,24.6,1,-168,-4568,24,512.163057961228,1,Yes
0.0558882715702057,23,24.6,1,-104,-4068,0,176.323747195279,1,Yes
0.0559092216491699,23,24.6,1,-104,-4068,0,176.323747195279,1,Yes
0.0559302341938019,23,24.6,1,-104,-4068,0,176.323747195279,1,Yes
0.0559533083438873,23,24.6,0,-300,-5112,-184,1044.26259139601,1,Yes
0.0559737722873688,23,24.6,0,-300,-5112,-184,1044.26259139601,1,Yes
0.0559946076869965,23,24.6,1,-192,-4728,100,688.048519187666,1,Yes
0.056015554189682,23,24.6,1,-192,-4728,100,688.048519187666,0,No
0.0560359671115875,23,24.6,1,-192,-4728,100,688.048519187666,1,Yes
0.0560569787025452,23,24.6,1,-124,-3968,196,384.108455559761,1,Yes
0.0560775439739227,23,24.6,1,-124,-3968,196,384.108455559761,0,No
0.0560986621379852,23,24.6,1,-72,-3932,16,246.491836091913,1,Yes
0.056119261264801,23,24.6,1,-72,-3932,16,246.491836091913,1,Yes
0.0561399533748627,23,24.6,1,-72,-3932,16,246.491836091913,1,Yes
0.0561605968475342,23,24.6,0,-124,-3708,76,472.084340307006,1,Yes
0.0561811606884003,23,24.6,0,-124,-3708,76,472.084340307006,0,No
0.0562015264034271,23,24.6,1,-336,-4588,144,646.007707060413,1,Yes
0.0562220268249512,23,24.6,1,-336,-4588,144,646.007707060413,1,Yes
0.0562424294948578,23,24.6,1,-336,-4588,144,646.007707060413,1,Yes
0.0562631411552429,23,24.6,1,-80,-4052,56,218.035696692761,1,Yes
0.0562837800979614,23,24.6,1,-80,-4052,56,218.035696692761,1,Yes
0.0563045122623444,23,24.6,1,-292,-4252,-320,365.169007368186,1,Yes
0.0563251099586487,23,24.6,1,-292,-4252,-320,365.169007368186,0,No
0.0563459618091583,23,24.6,1,-292,-4252,-320,365.169007368186,0,No
0.0563670134544373,23,24.6,1,-160,-4312,28,304.139117233331,1,Yes
0.0563880596160889,23,24.6,1,-160,-4312,28,304.139117233331,1,Yes
0.0564086949825287,23,24.6,0,-80,-3612,8,525.497844417351,1,Yes
0.0564292833805084,23,24.6,0,-80,-3612,8,525.497844417351,1,Yes
0.0564501864910126,23,24.6,0,-80,-3612,8,525.497844417351,0,No
0.0564708397388458,23,24.6,0,-96,-3740,28,416.928951517561,0,No
0.0564912371635437,23,24.6,0,-96,-3740,28,416.928951517561,0,No
0.0565119013786316,23,24.6,0,-96,-3740,28,416.928951517561,0,No
0.0565326793193817,23,24.6,1,-84,-3748,8,399.517721948982,0,No
0.0565531966686249,23,24.6,1,-84,-3748,8,399.517721948982,0,No
0.0565738046169281,23,24.6,1,-80,-3772,44,392.679996332958,0,No
0.0565944292545319,23,24.6,1,-80,-3772,44,392.679996332958,0,No
0.056614953994751,23,24.6,1,-80,-3772,44,392.679996332958,0,No
0.0566355378627777,23,24.6,1,-80,-3772,44,392.679996332958,1,Yes
0.0566559829711914,22.9,24.5,0,-100,-3976,64,262.234018749258,0,No
0.0566770265102386,22.9,24.5,0,-100,-3976,64,262.234018749258,0,No
0.0566976099014282,22.9,24.5,1,-100,-4176,8,187.352085871081,0,No
0.0567185344696045,22.9,24.5,1,-100,-4176,8,187.352085871081,0,No
0.0567391850948334,22.9,24.5,1,-100,-4176,8,187.352085871081,0,No
0.0567598390579224,22.9,24.5,1,-136,-4268,44,274.962439674361,0,No
0.0567805664539337,22.9,24.5,1,-136,-4268,44,274.962439674361,0,No
0.0568011975288391,22.9,24.5,1,-136,-4268,44,274.962439674361,0,No
0.0568218157291412,22.9,24.5,1,-88,-4168,52,216.945650625916,0,No
0.0568424079418182,22.9,24.5,1,-88,-4168,52,216.945650625916,0,No
0.0568632762432098,22.9,24.5,1,-100,-4196,32,214.095676313867,0,No
0.0568840143680572,22.9,24.5,1,-100,-4196,32,214.095676313867,0,No
0.0569047050476074,22.9,24.5,1,-100,-4196,32,214.095676313867,0,No
0.0569255247116089,22.9,24.5,1,-120,-4188,60,243.153729409561,0,No
0.05694615650177,22.9,24.5,1,-120,-4188,60,243.153729409561,0,No
0.056968474149704,22.9,24.5,1,-108,-4120,36,203.938345887414,0,No
0.0569900579452515,22.9,24.5,1,-108,-4120,36,203.938345887414,0,No
0.0570104112625122,22.9,24.5,1,-108,-4120,36,203.938345887414,0,No
0.0570317711830139,22.9,24.5,0,-120,-4096,24,200.466898123867,0,No
0.0570526301860809,22.9,24.5,0,-120,-4096,24,200.466898123867,0,No
0.057073249578476,22.9,24.5,0,-92,-4120,60,218.35206990725,0,No
0.0570938847064972,22.9,24.5,0,-92,-4120,60,218.35206990725,0,No
0.0571143698692322,22.9,24.5,0,-92,-4120,60,218.35206990725,0,No
0.0571346890926361,22.9,24.5,1,-120,-4100,36,210.20643529477,0,No
0.0571553773880005,22.9,24.5,1,-120,-4100,36,210.20643529477,0,No
0.0571762375831604,22.9,24.5,1,-92,-4092,32,193.578824531184,0,No
0.0571970705986023,22.9,24.5,1,-92,-4092,32,193.578824531184,0,No
0.0572175288200378,22.9,24.5,1,-92,-4092,32,193.578824531184,0,No
0.0572379930019379,22.9,24.5,1,-104,-4124,48,212.785957609978,0,No
0.0572585732936859,22.9,24.5,1,-104,-4124,48,212.785957609978,0,No
0.0572792479991913,22.9,24.5,1,-124,-4108,36,212.134967018692,0,No
0.0572998416423798,22.9,24.5,1,-124,-4108,36,212.134967018692,0,No
0.0573206331729889,22.9,24.5,1,-124,-4108,36,212.134967018692,0,No
0.0573412344455719,22.9,24.5,1,-112,-4112,36,205.742209711728,0,No
0.0573620209693909,22.9,24.5,1,-112,-4112,36,205.742209711728,0,No
0.0573827722072601,22.9,24.5,1,-112,-4112,36,205.742209711728,0,No
0.0574035573005676,22.9,24.5,1,-120,-4132,52,224.600952354991,0,No
0.0574244170188904,22.9,24.5,1,-120,-4132,52,224.600952354991,0,No
0.0574452092647552,22.9,24.5,1,-96,-4120,24,187.637132125835,0,No
0.0574659693241119,22.9,24.5,1,-96,-4120,24,187.637132125835,0,No
0.0574864685535431,22.9,24.5,1,-96,-4120,24,187.637132125835,0,No
0.0575070688724518,22.9,24.5,1,-120,-4124,48,220.546768756448,0,No
0.057527676820755,22.9,24.5,1,-120,-4124,48,220.546768756448,0,No
0.0575482478141785,22.9,24.5,1,-104,-4124,52,216.344237076922,0,No
0.057568617105484,22.9,24.5,1,-104,-4124,52,216.344237076922,0,No
0.0575889956951141,22.9,24.5,1,-104,-4124,52,216.344237076922,0,No
0.0576093051433563,22.9,24.5,1,-104,-4112,40,205.288371056442,0,No
0.0576299557685852,22.9,24.5,1,-104,-4112,40,205.288371056442,0,No
0.0576506285667419,22.9,24.5,0,-116,-4128,48,218.803557010417,0,No
0.057670982837677,22.9,24.5,0,-116,-4128,48,218.803557010417,0,No
0.0576916441917419,22.9,24.5,0,-116,-4128,48,218.803557010417,0,No
0.0577122583389282,22.9,24.5,1,-100,-4128,32,197.109417496718,0,No
0.0577326469421387,22.9,24.5,1,-100,-4128,32,197.109417496718,0,No
0.0577533302307129,22.9,24.5,1,-100,-4128,32,197.109417496718,0,No
0.0577736999988556,22.9,24.5,1,-128,-4140,68,243.213282113221,0,No
0.0577943999767303,22.9,24.5,1,-128,-4140,68,243.213282113221,0,No
0.0578150010108948,22.9,24.5,1,-96,-4108,32,194.496800819501,0,No
0.0578354089260101,22.9,24.5,1,-96,-4108,32,194.496800819501,0,No
0.0578557329177856,22.9,24.5,1,-96,-4108,32,194.496800819501,0,No
0.0578762292861938,22.9,24.5,1,-104,-4124,32,198.720917656886,0,No
0.0578964457511902,22.9,24.5,1,-104,-4124,32,198.720917656886,0,No
0.057917181968689,22.9,24.5,1,-108,-4136,52,219.230929441564,0,No
0.0579378640651703,22.9,24.5,1,-108,-4136,52,219.230929441564,0,No
0.0579586837291718,22.9,24.5,1,-108,-4136,52,219.230929441564,0,No
0.0579796140193939,22.9,24.5,1,-96,-4120,52,212.660408809935,0,No
0.058000063419342,22.9,24.5,1,-96,-4120,52,212.660408809935,0,No
0.0580214688777924,22.9,24.5,1,-116,-4148,48,221.290216986781,0,No
0.0580421402454376,22.9,24.5,1,-116,-4148,48,221.290216986781,0,No
0.0580628945827484,22.9,24.5,1,-116,-4148,48,221.290216986781,0,No
0.058083306312561,22.9,24.5,1,-100,-4124,36,200.320280829391,0,No
0.0581041369438171,22.9,24.5,1,-100,-4124,36,200.320280829391,0,No
0.0581245248317718,22.9,24.5,1,-100,-4124,36,200.320280829391,0,No
0.0581451177597046,22.9,24.5,0,-116,-4152,56,228.845282165891,0,No
0.0581658728122711,22.9,24.5,0,-116,-4152,56,228.845282165891,0,No
0.0581865205764771,22.9,24.5,1,-104,-4128,12,181.928694897543,0,No
0.0582083303928375,22.9,24.5,1,-104,-4128,12,181.928694897543,0,No
0.0582290534973145,22.9,24.5,1,-104,-4128,12,181.928694897543,0,No
0.0582495765686035,22.9,24.5,1,-112,-4108,48,216.157071648225,0,No
0.0582703094482422,22.9,24.5,1,-112,-4108,48,216.157071648225,0,No
0.058291286945343,22.9,24.5,1,-104,-4116,48,212.433797514748,0,No
0.0583119502067566,22.9,24.5,1,-104,-4116,48,212.433797514748,0,No
0.0583326122760773,22.9,24.5,1,-104,-4116,48,212.433797514748,0,No
0.0583532447814941,22.9,24.5,1,-104,-4092,36,202.627704317453,0,No
0.058373925447464,22.9,24.5,1,-104,-4092,36,202.627704317453,0,No
0.0583942391872406,22.9,24.5,0,-128,-4108,32,211.080630174467,0,No
0.0584146959781647,22.9,24.5,0,-128,-4108,32,211.080630174467,0,No
0.0584350693225861,22.9,24.5,0,-128,-4108,32,211.080630174467,0,No
0.0584553205966949,22.9,24.5,1,-112,-4124,36,206.170984867542,0,No
0.058476003408432,22.9,24.5,1,-112,-4124,36,206.170984867542,0,No
0.0584964096546173,22.9,24.5,1,-108,-4108,44,210.722948678845,0,No
0.0585209171772003,22.9,24.5,1,-108,-4108,44,210.722948678845,0,No
0.0585431034564972,22.9,24.5,1,-108,-4108,44,210.722948678845,0,No
0.0585636508464813,22.9,24.5,1,-116,-4128,40,211.936467460441,0,No
0.0585845553874969,22.9,24.5,1,-116,-4128,40,211.936467460441,0,No
0.0586052327156067,22.9,24.5,1,-104,-4124,24,191.802170982485,0,No
0.0586256957054138,22.9,24.5,1,-104,-4124,24,191.802170982485,0,No
0.0586462018489838,22.9,24.5,1,-104,-4124,24,191.802170982485,0,No
0.058666862487793,22.9,24.5,1,-104,-4124,24,191.802170982485,0,No
0.0586877982616425,22.9,24.4,0,-136,-4132,60,239.730122371979,0,No
0.058708532333374,22.9,24.4,0,-136,-4132,60,239.730122371979,0,No
0.0587291312217712,22.9,24.4,0,-136,-4132,60,239.730122371979,0,No
0.0587495100498199,22.9,24.4,1,-96,-4116,24,187.480187320364,0,No
0.0587698349952698,22.9,24.4,1,-96,-4116,24,187.480187320364,0,No
0.0587901601791382,22.9,24.4,1,-120,-4108,52,223.598639330371,0,No
0.058810690164566,22.9,24.4,1,-120,-4108,52,223.598639330371,0,No
0.0588312404155731,22.9,24.4,1,-120,-4108,52,223.598639330371,0,No
0.0588515977859497,22.9,24.4,1,-116,-4128,52,222.265520764717,0,No
0.0588723118305206,22.9,24.4,1,-116,-4128,52,222.265520764717,0,No
0.0588929705619812,22.9,24.4,1,-108,-4116,28,196.89094922765,0,No
0.058913426399231,22.9,24.4,1,-108,-4116,28,196.89094922765,0,No
0.0589340932369232,22.9,24.4,1,-108,-4116,28,196.89094922765,0,No
0.0589546055793762,22.9,24.4,1,-116,-4120,44,214.863412358996,0,No
0.0589750101566315,22.9,24.4,1,-116,-4120,44,214.863412358996,0,No
0.0589954590797424,22.9,24.4,1,-116,-4120,44,214.863412358996,0,No
0.059015882730484,22.9,24.4,1,-108,-4148,48,217.457704870624,0,No
0.0590367283821106,22.9,24.4,1,-108,-4148,48,217.457704870624,0,No
0.0590574548244476,22.9,24.4,1,-116,-4120,28,201.26208119999,0,No
0.0590778646469116,22.9,24.4,1,-116,-4120,28,201.26208119999,0,No
0.059098659992218,22.9,24.4,1,-116,-4120,28,201.26208119999,0,No
0.0591200964450836,22.9,24.4,0,-100,-4120,28,193.05805312402,0,No
0.0591412992477417,22.9,24.4,0,-100,-4120,28,193.05805312402,0,No
0.0591621205806732,22.9,24.4,1,-128,-4108,40,217.680873656025,0,No
0.059182578086853,22.9,24.4,1,-128,-4108,40,217.680873656025,0,No
0.0592030680179596,22.9,24.4,1,-128,-4108,40,217.680873656025,0,No
0.0592238707542419,22.9,24.4,1,-108,-4120,24,193.623225471776,0,No
0.0592440650463104,22.9,24.4,1,-108,-4120,24,193.623225471776,0,No
0.0592646005153656,22.9,24.4,1,-120,-4124,36,210.361550022122,0,No
0.0592849423885345,22.9,24.4,1,-120,-4124,36,210.361550022122,0,No
0.0593054168224335,22.9,24.4,1,-120,-4124,36,210.361550022122,0,No
0.0593259470462799,22.9,24.4,1,-108,-4120,28,197.040398402191,0,No
0.059346666097641,22.9,24.4,1,-108,-4120,28,197.040398402191,0,No
0.0593676898479462,22.9,24.4,1,-124,-4120,24,202.437562954628,0,No
0.0593887493610382,22.9,24.4,1,-124,-4120,24,202.437562954628,0,No
0.0594096179008484,22.9,24.4,1,-124,-4120,24,202.437562954628,0,No
0.0594300963878632,22.9,24.4,1,-104,-4120,44,209.026376041078,0,No
0.0594511020183563,22.9,24.4,1,-104,-4120,44,209.026376041078,0,No
0.0594725751876831,22.9,24.4,1,-112,-4100,32,202.588927516972,0,No
0.0594932909011841,22.9,24.4,1,-112,-4100,32,202.588927516972,0,No
0.0595136759281158,22.9,24.4,1,-112,-4100,32,202.588927516972,0,No
0.0595346343517303,22.9,24.4,1,-124,-4108,28,205.512320582541,0,No
0.0595554320812225,22.9,24.4,1,-124,-4108,28,205.512320582541,0,No
0.0595757131576538,22.9,24.4,1,-124,-4108,28,205.512320582541,0,No
0.0595961861610413,22.9,24.4,0,-108,-4116,68,232.111390267187,0,No
0.0596168038845062,22.9,24.4,0,-108,-4116,68,232.111390267187,0,No
0.0596377580165863,22.9,24.4,1,-128,-4120,24,204.777245460128,0,No
0.0596583831310272,22.9,24.4,1,-128,-4120,24,204.777245460128,0,No
0.0596791191101074,22.9,24.4,1,-128,-4120,24,204.777245460128,0,No
0.0596999790668488,22.9,24.4,1,-112,-4128,44,213.361847659749,0,No
0.0597204096317291,22.9,24.4,1,-112,-4128,44,213.361847659749,0,No
0.0597412767410278,22.9,24.4,1,-108,-4112,44,210.710782388174,0,No
0.0597616586685181,22.9,24.4,1,-108,-4112,44,210.710782388174,0,No
0.0597823026180267,22.9,24.4,1,-108,-4112,44,210.710782388174,0,No
0.0598026187419891,22.9,24.4,1,-108,-4128,48,214.926708051729,0,No
0.0598232953548431,22.9,24.4,1,-108,-4128,48,214.926708051729,0,No
0.0598438124656677,22.9,24.4,1,-96,-4124,56,216.504705145958,0,No
0.0598643753528595,22.9,24.4,1,-96,-4124,56,216.504705145958,0,No
0.0598846275806427,22.9,24.4,1,-96,-4124,56,216.504705145958,0,No
0.0599051501750946,22.9,24.4,1,-124,-4128,36,212.827648123235,0,No
0.0599257009029388,22.9,24.4,1,-124,-4128,36,212.827648123235,0,No
0.0599462509155273,22.9,24.4,1,-124,-4128,36,212.827648123235,0,No
0.0599669351577759,22.9,24.4,1,-96,-4132,44,206.32774243566,0,No
0.0599875771999359,22.9,24.4,1,-96,-4132,44,206.32774243566,0,No
